Workbook

Sheet 預測IC
A1: NN1
B2: Time | C2: 2013/12 | D2: 2014/01 | E2: 2014/02 | F2: 2014/03 | G2: 2014/04 | H2: 2014/05 | I2: 2014/06 | J2: 2014/07 | K2: 2014/08 | L2: 2014/09 | M2: 2014/10 | N2: 2014/11 | O2: 2014/12 | P2: 2015/01 | Q2: 2015/02 | R2: 2015/03 | S2: 2015/04 | T2: 2015/05 | U2: 2015/06 | V2: 2015/07 | W2: 2015/08 | X2: 2015/09 | Y2: 2015/10 | Z2: 2015/11 | AA2: 2015/12 | AB2: 2016/01 | AC2: 2016/02 | AD2: 2016/03 | AE2: 2016/04 | AF2: 2016/05 | AG2: 2016/06 | AH2: 2016/07 | AI2: 2016/08 | AJ2: 2016/09 | AK2: 2016/10 | AL2: 2016/11 | AM2: 2016/12 | AN2: 2017/01 | AO2: 2017/02 | AP2: 2017/03 | AQ2: 2017/04 | AR2: 2017/05 | AS2: 2017/06 | AT2: 2017/07 | AU2: 2017/08 | AV2: 2017/09 | AW2: 2017/10 | AX2: 2017/11 | AY2: 2017/12 | AZ2: 2018/01 | BA2: 2018/02 | BB2: 2018/03 | BC2: 2018/04 | BD2: 2018/05 | BE2: 2018/06 | BF2: 2018/07 | BG2: 2018/08 | BH2: 2018/09 | BI2: 2018/10 | BJ2: 2018/11 | BK2: 2018/12 | BL2: 2019/01 | BM2: 2019/02 | BN2: 2019/03 | BO2: 2019/04 | BP2: 2019/05 | BQ2: 2019/06 | BR2: 2019/07 | BS2: 2019/08 | BT2: 2019/09 | BU2: 2019/10 | BV2: 2019/11 | BW2: 2019/12 | BX2: 2020/01 | BY2: 2020/02 | BZ2: 2020/03 | CA2: 2020/04 | CB2: 2020/05 | CC2: 2020/06 | CD2: 2020/07 | CE2: 2020/08 | CF2: 2020/09 | CG2: 2020/10 | CH2: 2020/11 | CI2: 2020/12 | CJ2: 2021/01 | CK2: 2021/02 | CL2: 2021/03 | CM2: 2021/04 | CN2: 2021/05 | CO2: 2021/06 | CP2: 2021/07 | CQ2: 2021/08 | CR2: 2021/09 | CS2: 2021/10 | CT2: 2021/11 | CU2: 2021/12 | CV2: 2022/01 | CW2: 2022/02 | CX2: 2022/03 | CY2: 2022/04 | CZ2: 2022/05 | DA2: 2022/06 | DB2: 2022/07 | DC2: 2022/08 | DD2: 2022/09 | DE2: 2022/10 | DF2: 2022/11 | DG2: 2022/12 | DH2: 2023/01 | DI2: 2023/02 | DJ2: 2023/03 | DK2: 2023/04 | DL2: 2023/05 | DM2: 2023/06 | DN2: 2023/07 | DO2: 2023/08 | DP2: 2023/09 | DQ2: 2023/10 | DR2: 2023/11 | DS2: 2023/12 | DT2: 2024/01 | DU2: 2024/02 | DV2: 2024/03 | DW2: 2024/04 | DX2: 2024/05 | DY2: 2024/06 | DZ2: 2024/07 | EA2: 2024/08 | EB2: 2024/09 | EC2: 2024/10 | ED2: 2024/11 | EE2: 2024/12 | EF2: 2025/01
B3: bm | C3: -0.091369018 | D3: -0.11085416 | E3: 0.0010956228 | F3: -0.13442956 | G3: -0.17466807 | H3: 0.0054118875 | I3: -0.035852931 | J3: -0.077711277 | K3: -0.014497202 | L3: -0.047656506 | M3: -0.057244118 | N3: 2.6820228e-05 | O3: -0.030116424 | P3: -0.040258028 | Q3: 0.0037178267 | R3: 0.02920155 | S3: 0.0077254642 | T3: -0.058597654 | U3: 0.00065108575 | V3: -0.10709821 | W3: -0.19089989 | X3: -0.071200095 | Y3: -0.10008328 | Z3: -0.049232095 | AA3: -0.020465598 | AB3: -0.069066942 | AC3: -0.05033315 | AD3: -0.019147269 | AE3: -0.010799496 | AF3: 0.010335859 | AG3: 0.0060158502 | AH3: -0.26610976 | AI3: -0.14365202 | AJ3: -0.2545194 | AK3: 0.028104119 | AL3: -0.051742584 | AM3: -0.082977191 | AN3: -0.07035096 | AO3: -0.19681084 | AP3: -0.25679255 | AQ3: -0.059776843 | AR3: -0.041728809 | AS3: -0.08194682 | AT3: -0.13346004 | AU3: 0.0036019981 | AV3: 0.0079997703 | AW3: 0.0024315715 | AX3: 0.01277367 | AY3: 0.0027071089 | AZ3: 0.014640374 | BA3: 0.036530185 | BB3: 0.033319384 | BC3: 0.011332087 | BD3: -0.00077839196 | BE3: -0.017046392 | BF3: -0.028747007 | BG3: -0.0037359297 | BH3: 0.030615002 | BI3: -0.0013157427 | BJ3: -0.065720931 | BK3: -0.040063486 | BL3: -0.08897166 | BM3: -0.021720856 | BN3: -0.068609193 | BO3: -0.055181742 | BP3: -0.085352331 | BQ3: -0.036593899 | BR3: 0.035782557 | BS3: 0.033818975 | BT3: 0.037881386 | BU3: 0.033238206 | BV3: 0.046295919 | BW3: 0.035180662 | BX3: 0.02476749 | BY3: 0.033294946 | BZ3: 0.052433897 | CA3: 0.0048576407 | CB3: 0.037053939 | CC3: 0.026344806 | CD3: 0.036022436 | CE3: 0.026176233 | CF3: 0.018041616 | CG3: 0.014337597 | CH3: 0.010813093 | CI3: 0.0093775922 | CJ3: 0.03141886 | CK3: 0.029902643 | CL3: 0.028130077 | CM3: 0.017964363 | CN3: 0.0068069855 | CO3: 0.042052153 | CP3: 0.033009041 | CQ3: 0.023710907 | CR3: 0.026173286 | CS3: 0.019619772 | CT3: 0.014876774 | CU3: 0.040978026 | CV3: 0.0395329 | CW3: 0.024221046 | CX3: 0.042955689 | CY3: 0.028871555 | CZ3: 0.047397841 | DA3: 0.028573086 | DB3: 0.025090832 | DC3: 0.020950638 | DD3: 0.020789521 | DE3: 0.033207852 | DF3: 0.029750263 | DG3: 0.019087659 | DH3: 0.023787431 | DI3: 0.019194495 | DJ3: 0.035664935 | DK3: 0.037067931 | DL3: 0.024737032 | DM3: 0.031437267 | DN3: 0.025900939 | DO3: 0.022398051 | DP3: 0.019147078 | DQ3: 0.024746008 | DR3: 0.038861591 | DS3: 0.029537344 | DT3: 0.036585744 | DU3: 0.010436187 | DV3: 0.013549604 | DW3: 0.030600432 | DX3: 0.030763229 | DY3: 0.026879475 | DZ3: 0.038272426 | EA3: 0.037800625 | EB3: 0.0092485007 | EC3: 0.010824578 | ED3: 0.031915292 | EE3: 0.019924693 | EF3: 0.036655359
B4: size | C4: 0.045735888 | D4: 0.14219648 | E4: 0.12357825 | F4: 0.10848226 | G4: 0.095342577 | H4: 0.090842672 | I4: 0.07617455 | J4: 0.059771746 | K4: 0.06868922 | L4: 0.060447685 | M4: 0.027975643 | N4: 0.0097275795 | O4: 0.0093574636 | P4: -0.0017969056 | Q4: -0.0025195966 | R4: -0.003085715 | S4: -0.0031058353 | T4: -0.0042619519 | U4: -0.0093749613 | V4: -0.011537377 | W4: -0.011927816 | X4: -0.012192427 | Y4: -0.015751872 | Z4: -0.017309032 | AA4: -0.01748802 | AB4: -0.018466573 | AC4: -0.018643722 | AD4: -0.01895369 | AE4: -0.019215077 | AF4: -0.020113235 | AG4: -0.020260951 | AH4: -0.020400111 | AI4: -0.022575289 | AJ4: -0.022869756 | AK4: -0.023673112 | AL4: -0.050100833 | AM4: -0.029040024 | AN4: -0.029105987 | AO4: -0.030611878 | AP4: -0.030782696 | AQ4: -0.027796578 | AR4: -0.027182344 | AS4: -0.024847416 | AT4: -0.025312619 | AU4: -0.02542959 | AV4: -0.025587805 | AW4: -0.025955684 | AX4: -0.026252424 | AY4: -0.033910792 | AZ4: -0.028038723 | BA4: -0.027945993 | BB4: -0.032719225 | BC4: -0.032609779 | BD4: -0.03206097 | BE4: -0.032296058 | BF4: -0.032346584 | BG4: -0.032194518 | BH4: -0.019704346 | BI4: -0.027803266 | BJ4: -0.028010786 | BK4: -0.030229433 | BL4: -0.029914387 | BM4: -0.031547844 | BN4: -0.038578428 | BO4: -0.029772218 | BP4: -0.036932468 | BQ4: -0.03365827 | BR4: -0.011724529 | BS4: -0.015890749 | BT4: -0.020781642 | BU4: -0.020965751 | BV4: -0.017983368 | BW4: -0.022088327 | BX4: -0.030406095 | BY4: -0.03080483 | BZ4: -0.030603508 | CA4: -0.030999789 | CB4: -0.026412753 | CC4: -0.028904116 | CD4: -0.028219866 | CE4: -0.028157502 | CF4: -0.030116478 | CG4: -0.030005787 | CH4: -0.030040558 | CI4: -0.031394515 | CJ4: -0.031854711 | CK4: -0.031971924 | CL4: -0.035468247 | CM4: -0.031219956 | CN4: -0.035869151 | CO4: -0.031749379 | CP4: -0.031618152 | CQ4: -0.027020266 | CR4: -0.025449879 | CS4: -0.029090226 | CT4: -0.025807582 | CU4: -0.026407244 | CV4: -0.02782541 | CW4: -0.034329791 | CX4: -0.027993789 | CY4: -0.026280265 | CZ4: -0.027791232 | DA4: -0.029591462 | DB4: -0.034101341 | DC4: -0.03484321 | DD4: -0.032262605 | DE4: -0.028815899 | DF4: -0.02832257 | DG4: -0.026369631 | DH4: -0.031315241 | DI4: -0.029898226 | DJ4: -0.029556438 | DK4: -0.028653093 | DL4: -0.02926722 | DM4: -0.029532833 | DN4: -0.031904288 | DO4: -0.027400294 | DP4: -0.033020105 | DQ4: -0.026945302 | DR4: -0.028060446 | DS4: -0.027914209 | DT4: -0.027555149 | DU4: -0.025405545 | DV4: -0.026828792 | DW4: -0.037095267 | DX4: -0.027448662 | DY4: -0.031317905 | DZ4: -0.0242904 | EA4: -0.083518818 | EB4: -0.077344619 | EC4: -0.070242889 | ED4: -0.063896284 | EE4: -0.097872823 | EF4: -0.07682889
B5: mom | C5: 0.50836325 | D5: 0.76913774 | E5: 0.54195535 | F5: 1.1543282 | G5: 0.54750556 | H5: 0.91896617 | I5: 0.66497213 | J5: 0.96098614 | K5: 1.0693189 | L5: 0.58301491 | M5: 0.48336148 | N5: 0.43350995 | O5: 0.063416295 | P5: 0.033898823 | Q5: -0.63935673 | R5: -0.050250471 | S5: 0.066091195 | T5: -0.060526483 | U5: -0.05088184 | V5: 0.12953432 | W5: 0.1782714 | X5: 0.22364642 | Y5: 0.26079547 | Z5: 0.17032516 | AA5: 0.14871091 | AB5: 0.13639477 | AC5: 0.10649753 | AD5: 0.10512894 | AE5: 0.098157518 | AF5: 0.080513276 | AG5: 0.058855694 | AH5: 0.030879952 | AI5: -0.01261719 | AJ5: 0.041990966 | AK5: 0.075650394 | AL5: 0.066236444 | AM5: 0.032869942 | AN5: 0.036517307 | AO5: 0.068531297 | AP5: 0.065215103 | AQ5: 0.14007755 | AR5: 0.16342324 | AS5: 0.18792152 | AT5: 0.19995156 | AU5: 0.19402838 | AV5: 0.15869357 | AW5: -0.035683066 | AX5: 0.03622634 | AY5: 0.11327735 | AZ5: 0.10470727 | BA5: 0.068495058 | BB5: -0.0073811114 | BC5: -0.037875481 | BD5: -0.023798844 | BE5: 0.001822005 | BF5: -0.023551453 | BG5: 0.00052555325 | BH5: 0.059344802 | BI5: 0.01402873 | BJ5: 0.0082117841 | BK5: 0.05560239 | BL5: -0.031602059 | BM5: 0.065659098 | BN5: -0.050475221 | BO5: -0.054688156 | BP5: -0.0030284571 | BQ5: 0.0079566333 | BR5: -0.027654411 | BS5: -0.0060201874 | BT5: 0.043329164 | BU5: 0.048520129 | BV5: 0.1427042 | BW5: 0.13052307 | BX5: 0.05240079 | BY5: 0.060546339 | BZ5: 0.0057873824 | CA5: -0.029747102 | CB5: -0.039389633 | CC5: 0.013708961 | CD5: 0.01496346 | CE5: 0.019200653 | CF5: 0.043813094 | CG5: 0.03011325 | CH5: 0.043025322 | CI5: 0.029372282 | CJ5: 0.041782275 | CK5: 0.03730081 | CL5: 0.060941599 | CM5: -0.038412053 | CN5: 0.023074511 | CO5: 0.15895571 | CP5: -0.036965128 | CQ5: 0.069797367 | CR5: -0.033767849 | CS5: 0.026915153 | CT5: 0.053638488 | CU5: 0.063532986 | CV5: 0.055906884 | CW5: 0.048717335 | CX5: 0.03190903 | CY5: 0.029662585 | CZ5: 0.036755949 | DA5: 0.026317593 | DB5: 0.02768035 | DC5: 0.037085291 | DD5: 0.019733299 | DE5: 0.041370407 | DF5: 0.040565908 | DG5: 0.033224057 | DH5: 0.024580572 | DI5: -0.028816845 | DJ5: 0.029332105 | DK5: 0.03270904 | DL5: 0.035447288 | DM5: 0.049034216 | DN5: -0.11219849 | DO5: 0.053319719 | DP5: 0.053090192 | DQ5: 0.067249388 | DR5: 0.038297854 | DS5: 0.045268748 | DT5: 0.0085754991 | DU5: 0.0015342087 | DV5: 0.038169108 | DW5: 0.030193541 | DX5: 0.034144994 | DY5: 0.054498199 | DZ5: 0.043653317 | EA5: 0.021745306 | EB5: 0.0062471032 | EC5: 0.021422952 | ED5: 0.017024625 | EE5: 0.053500138 | EF5: 0.057897598
A6: 選絕對值最大 | C6: {=MATCH(MAX(ABS(C3:C5)),ABS(C3:C5),0)} -> 3 | D6: {=MATCH(MAX(ABS(D3:D5)),ABS(D3:D5),0)} -> 3 | E6: {=MATCH(MAX(ABS(E3:E5)),ABS(E3:E5),0)} -> 3 | F6: {=MATCH(MAX(ABS(F3:F5)),ABS(F3:F5),0)} -> 3 | G6: {=MATCH(MAX(ABS(G3:G5)),ABS(G3:G5),0)} -> 3 | H6: {=MATCH(MAX(ABS(H3:H5)),ABS(H3:H5),0)} -> 3 | I6: {=MATCH(MAX(ABS(I3:I5)),ABS(I3:I5),0)} -> 3 | J6: {=MATCH(MAX(ABS(J3:J5)),ABS(J3:J5),0)} -> 3 | ... EF6: {=MATCH(MAX(ABS(EF3:EF5)),ABS(EF3:EF5),0)} -> 2
C7: =IF(C6=1,"bm",IF(C6=2,"size",IF(C6=3,"mom"))) -> mom | D7: =IF(D6=1,"bm",IF(D6=2,"size",IF(D6=3,"mom"))) -> mom | E7: =IF(E6=1,"bm",IF(E6=2,"size",IF(E6=3,"mom"))) -> mom | F7: =IF(F6=1,"bm",IF(F6=2,"size",IF(F6=3,"mom"))) -> mom | G7: =IF(G6=1,"bm",IF(G6=2,"size",IF(G6=3,"mom"))) -> mom | H7: =IF(H6=1,"bm",IF(H6=2,"size",IF(H6=3,"mom"))) -> mom | I7: =IF(I6=1,"bm",IF(I6=2,"size",IF(I6=3,"mom"))) -> mom | J7: =IF(J6=1,"bm",IF(J6=2,"size",IF(J6=3,"mom"))) -> mom | ... EF7: =IF(EF6=1,"bm",IF(EF6=2,"size",IF(EF6=3,"mom"))) -> size
C8: =IF(C6=1,C3,IF(C6=2,C4,IF(C6=3,C5))) -> 0.50836325 | D8: =IF(D6=1,D3,IF(D6=2,D4,IF(D6=3,D5))) -> 0.76913774 | E8: =IF(E6=1,E3,IF(E6=2,E4,IF(E6=3,E5))) -> 0.54195535 | F8: =IF(F6=1,F3,IF(F6=2,F4,IF(F6=3,F5))) -> 1.1543282 | G8: =IF(G6=1,G3,IF(G6=2,G4,IF(G6=3,G5))) -> 0.54750556 | H8: =IF(H6=1,H3,IF(H6=2,H4,IF(H6=3,H5))) -> 0.91896617 | I8: =IF(I6=1,I3,IF(I6=2,I4,IF(I6=3,I5))) -> 0.66497213 | J8: =IF(J6=1,J3,IF(J6=2,J4,IF(J6=3,J5))) -> 0.96098614 | ... EF8: =IF(EF6=1,EF3,IF(EF6=2,EF4,IF(EF6=3,EF5))) -> -0.07682889
A10: 投資組合 | C10: 公司數 | D10: 964
A11: 等分 | B11: 分數 | C11: 2014/01 | D11: 2014/02 | E11: 2014/03 | F11: 2014/04 | G11: 2014/05 | H11: 2014/06 | I11: 2014/07 | J11: 2014/08 | K11: 2014/09 | L11: 2014/10 | M11: 2014/11 | N11: 2014/12 | O11: 2015/01 | P11: 2015/02 | Q11: 2015/03 | R11: 2015/04 | S11: 2015/05 | T11: 2015/06 | U11: 2015/07 | V11: 2015/08 | W11: 2015/09 | X11: 2015/10 | Y11: 2015/11 | Z11: 2015/12 | AA11: 2016/01 | AB11: 2016/02 | AC11: 2016/03 | AD11: 2016/04 | AE11: 2016/05 | AF11: 2016/06 | AG11: 2016/07 | AH11: 2016/08 | AI11: 2016/09 | AJ11: 2016/10 | AK11: 2016/11 | AL11: 2016/12 | AM11: 2017/01 | AN11: 2017/02 | AO11: 2017/03 | AP11: 2017/04 | AQ11: 2017/05 | AR11: 2017/06 | AS11: 2017/07 | AT11: 2017/08 | AU11: 2017/09 | AV11: 2017/10 | AW11: 2017/11 | AX11: 2017/12 | AY11: 2018/01 | AZ11: 2018/02 | BA11: 2018/03 | BB11: 2018/04 | BC11: 2018/05 | BD11: 2018/06 | BE11: 2018/07 | BF11: 2018/08 | BG11: 2018/09 | BH11: 2018/10 | BI11: 2018/11 | BJ11: 2018/12 | BK11: 2019/01 | BL11: 2019/02 | BM11: 2019/03 | BN11: 2019/04 | BO11: 2019/05 | BP11: 2019/06 | BQ11: 2019/07 | BR11: 2019/08 | BS11: 2019/09 | BT11: 2019/10 | BU11: 2019/11 | BV11: 2019/12 | BW11: 2020/01 | BX11: 2020/02 | BY11: 2020/03 | BZ11: 2020/04 | CA11: 2020/05 | CB11: 2020/06 | CC11: 2020/07 | CD11: 2020/08 | CE11: 2020/09 | CF11: 2020/10 | CG11: 2020/11 | CH11: 2020/12 | CI11: 2021/01 | CJ11: 2021/02 | CK11: 2021/03 | CL11: 2021/04 | CM11: 2021/05 | CN11: 2021/06 | CO11: 2021/07 | CP11: 2021/08 | CQ11: 2021/09 | CR11: 2021/10 | CS11: 2021/11 | CT11: 2021/12 | CU11: 2022/01 | CV11: 2022/02 | CW11: 2022/03 | CX11: 2022/04 | CY11: 2022/05 | CZ11: 2022/06 | DA11: 2022/07 | DB11: 2022/08 | DC11: 2022/09 | DD11: 2022/10 | DE11: 2022/11 | DF11: 2022/12 | DG11: 2023/01 | DH11: 2023/02 | DI11: 2023/03 | DJ11: 2023/04 | DK11: 2023/05 | DL11: 2023/06 | DM11: 2023/07 | DN11: 2023/08 | DO11: 2023/09 | DP11: 2023/10 | DQ11: 2023/11 | DR11: 2023/12 | DS11: 2024/01 | DT11: 2024/02 | DU11: 2024/03 | DV11: 2024/04 | DW11: 2024/05 | DX11: 2024/06 | DY11: 2024/07 | DZ11: 2024/08 | EA11: 2024/09 | EB11: 2024/10 | EC11: 2024/11 | ED11: 2024/12 | EE11: 2025/01 | EF11: 2025/02
A12: 10 | B12: 96 | C12: -0.014499247 | D12: 0.014678551 | E12: -0.0013937245 | F12: -0.055959385 | G12: 0.031947449 | H12: 0.0095992584 | I12: -0.0086581523 | J12: 0.0073897937 | K12: 0.029187998 | L12: 0.008758556 | M12: 0.026889174 | N12: -0.034703354 | O12: 0.027914759 | P12: 0.021420421 | Q12: -0.0051156834 | R12: -0.013153489 | S12: 0.01105503 | T12: -0.047867716 | U12: 0.0013565231 | V12: 0.0095109537 | W12: -0.022278442 | X12: -0.10964075 | Y12: 0.020598394 | Z12: -0.053152087 | AA12: 0.026918479 | AB12: 0.01073333 | AC12: -0.046772946 | AD12: -0.0025304298 | AE12: 0.046437717 | AF12: -0.052012103 | AG12: -0.0038149304 | AH12: -0.013405805 | AI12: -0.019506051 | AJ12: -0.012983748 | AK12: -0.016475368 | AL12: -0.04780049 | AM12: -0.030086116 | AN12: -0.069233234 | AO12: -0.002228793 | AP12: 0.033718345 | AQ12: -0.0016969306 | AR12: 0.022223026 | AS12: 0.019976273 | AT12: 0.072195382 | AU12: 0.0037135364 | AV12: 0.053715631 | AW12: -0.017169705 | AX12: -0.044696012 | AY12: 0.017491322 | AZ12: -0.023614553 | BA12: -0.02643433 | BB12: 0.015274605 | BC12: -0.026690966 | BD12: 0.049233948 | BE12: -0.045598219 | BF12: -0.023600698 | BG12: 0.010003802 | BH12: -0.035079589 | BI12: 0.020838031 | BJ12: 0.00079599332 | BK12: -0.0006573835 | BL12: -0.024709246 | BM12: 0.050305685 | BN12: -0.011516536 | BO12: -0.02424631 | BP12: 0.010508985 | BQ12: -0.01389675 | BR12: -0.0022610085 | BS12: 0.018863293 | BT12: 0.016364783 | BU12: 0.016915017 | BV12: -0.042282389 | BW12: -0.044477004 | BX12: -0.0069851539 | BY12: 0.058929916 | BZ12: 0.045356946 | CA12: 0.014580583 | CB12: 0.027173863 | CC12: 0.065566042 | CD12: 0.11093363 | CE12: 0.15400716 | CF12: 0.0080212745 | CG12: -0.04927796 | CH12: -0.016463112 | CI12: -0.024341229 | CJ12: 0.054120067 | CK12: 0.056101441 | CL12: 0.07844028 | CM12: 0.026353951 | CN12: -0.02330725 | CO12: -0.024819785 | CP12: 0.001005022 | CQ12: -0.062684347 | CR12: 0.057159987 | CS12: -0.014509312 | CT12: -0.0093290632 | CU12: -0.074779529 | CV12: 0.065033306 | CW12: 0.013036669 | CX12: 0.060989883 | CY12: 0.016420596 | CZ12: 0.077792327 | DA12: 0.036978521 | DB12: 0.088981854 | DC12: -0.0045013638 | DD12: -0.039091417 | DE12: -0.024737644 | DF12: 0.01162432 | DG12: -0.047394422 | DH12: 0.061195427 | DI12: 0.05974901 | DJ12: 0.0080625983 | DK12: -0.015945953 | DL12: 0.018669833 | DM12: 0.0091434933 | DN12: 0.018541443 | DO12: -0.019030728 | DP12: -0.059408695 | DQ12: 0.074540647 | DR12: 0.018778943 | DS12: 0.046024279 | DT12: -0.045297883 | DU12: -0.057230229 | DV12: -0.016751442 | DW12: 0.044967552 | DX12: 0.018099137 | DY12: 0.062728222 | DZ12: 0.02003889 | EA12: 0.051097698 | EB12: 0.0057861667 | EC12: -0.0098060417 | ED12: -0.00695775 | EE12: -0.026506688 | EF12: 0.029233396
A13: 20 | B13: 48 | C13: 0.0074773642 | D13: -0.00545686 | E13: -0.0055236267 | F13: -0.059986527 | G13: 0.012047404 | H13: 0.017388387 | I13: 0.032285992 | J13: 0.023000409 | K13: 0.060326139 | L13: 0.02198047 | M13: 0.0032797582 | N13: -0.043392417 | O13: 0.017422699 | P13: 0.020856913 | Q13: 0.017456384 | R13: -0.016510711 | S13: -0.006013803 | T13: -0.074234082 | U13: -0.028761331 | V13: 0.0022166399 | W13: -0.031103088 | X13: -0.12112777 | Y13: -0.0066833587 | Z13: -0.081251402 | AA13: 0.047712648 | AB13: 0.015001573 | AC13: -0.0667717 | AD13: -0.020440228 | AE13: 0.077071417 | AF13: -0.073281161 | AG13: 0.0099052077 | AH13: -0.0096413392 | AI13: -0.01206755 | AJ13: 0.01628047 | AK13: -0.03835939 | AL13: -0.049258885 | AM13: -0.046282444 | AN13: -0.10533024 | AO13: -0.0093111879 | AP13: 0.05955084 | AQ13: -0.0023400742 | AR13: 0.020848044 | AS13: 0.023404964 | AT13: 0.086422915 | AU13: -0.015695418 | AV13: 0.079665976 | AW13: -0.026821238 | AX13: -0.032799832 | AY13: 0.014262204 | AZ13: -0.031220536 | BA13: -0.026188274 | BB13: 0.042875374 | BC13: -0.019110867 | BD13: 0.041676729 | BE13: -0.046048625 | BF13: -0.026302542 | BG13: 0.0083309167 | BH13: -0.041023656 | BI13: 0.025832708 | BJ13: 0.016847086 | BK13: -0.0088783959 | BL13: -0.03194786 | BM13: 0.053371769 | BN13: -0.011052542 | BO13: -0.030878716 | BP13: -0.0094326957 | BQ13: -0.041653064 | BR13: -0.0066814175 | BS13: 0.0074194718 | BT13: 0.00052107168 | BU13: 0.015527166 | BV13: -0.079930834 | BW13: -0.075714006 | BX13: -0.00074563881 | BY13: 0.039201957 | BZ13: 0.076138123 | CA13: 0.024012188 | CB13: 0.02601738 | CC13: 0.12011792 | CD13: 0.10508583 | CE13: 0.18382773 | CF13: -0.012043667 | CG13: -0.058014968 | CH13: -0.0040295061 | CI13: -0.0078951667 | CJ13: 0.054810181 | CK13: 0.065687126 | CL13: 0.072724175 | CM13: 0.014010735 | CN13: -0.030130667 | CO13: -0.035334344 | CP13: -0.020576996 | CQ13: -0.071178865 | CR13: 0.11164489 | CS13: 0.0039479583 | CT13: 0.00040854012 | CU13: -0.10709096 | CV13: 0.077656051 | CW13: 0.03630912 | CX13: 0.060033255 | CY13: 0.041201752 | CZ13: 0.05722422 | DA13: 0.049445771 | DB13: 0.10623525 | DC13: -0.014149867 | DD13: -0.051406292 | DE13: -0.022441996 | DF13: 0.017271632 | DG13: -0.07133576 | DH13: 0.088720708 | DI13: 0.089748125 | DJ13: -0.0033317562 | DK13: 0.012409074 | DL13: 0.022050691 | DM13: -0.011655894 | DN13: 0.012775889 | DO13: -0.044325139 | DP13: -0.058032309 | DQ13: 0.087129011 | DR13: 0.013771209 | DS13: 0.029915194 | DT13: -0.035426301 | DU13: -0.033005958 | DV13: -0.0098528048 | DW13: 0.042028479 | DX13: 0.02322961 | DY13: 0.0095046248 | DZ13: 0.030285251 | EA13: 0.062118417 | EB13: 0.00020102083 | EC13: -0.018775021 | ED13: 0.0070839792 | EE13: -0.041234375 | EF13: 0.044513042
A14: 50 | B14: 19 | C14: 0.033228978 | D14: -0.14164365 | E14: -0.047920746 | F14: -0.060341905 | G14: 0.05365663 | H14: -0.011508261 | I14: 0.030100135 | J14: 0.045231574 | K14: 0.050827466 | L14: 0.056271085 | M14: -0.019021714 | N14: -0.057369427 | O14: 0.0014944079 | P14: 0.058345922 | Q14: 0.079297658 | R14: 0.017762309 | S14: -0.024806746 | T14: -0.035019555 | U14: -0.030556169 | V14: -0.0524213 | W14: -0.074008159 | X14: -0.1866857 | Y14: -0.055190991 | Z14: -0.11670403 | AA14: 0.099905879 | AB14: 0.027335979 | AC14: 0.0030865623 | AD14: -0.069874592 | AE14: 0.11683692 | AF14: -0.096080095 | AG14: 0.025329295 | AH14: -0.0052502779 | AI14: -0.072072951 | AJ14: -0.015059036 | AK14: -0.077475339 | AL14: -0.051230183 | AM14: -0.061242166 | AN14: -0.098594667 | AO14: -0.060905705 | AP14: 0.069976525 | AQ14: 0.02973338 | AR14: 0.0075826917 | AS14: -0.0066693384 | AT14: 0.07940348 | AU14: -0.057421613 | AV14: 0.066258749 | AW14: -0.053928681 | AX14: -0.019370213 | AY14: 0.0016905718 | AZ14: -0.06107058 | BA14: -0.066889832 | BB14: 0.061734282 | BC14: 0.028505683 | BD14: 0.016418895 | BE14: -0.024118105 | BF14: -0.0052420526 | BG14: 0.010496842 | BH14: -0.073413464 | BI14: 0.032270895 | BJ14: 0.020017224 | BK14: -0.03369142 | BL14: -0.059737767 | BM14: 0.046278325 | BN14: -0.020936538 | BO14: -0.033609046 | BP14: -0.015673733 | BQ14: -0.015843524 | BR14: -0.02792943 | BS14: -0.041493955 | BT14: -0.030726476 | BU14: 0.018002514 | BV14: -0.10798163 | BW14: -0.13089751 | BX14: 0.014335295 | BY14: -0.04260449 | BZ14: 0.060034057 | CA14: 0.033454632 | CB14: 0.05947706 | CC14: 0.12059521 | CD14: 0.09801671 | CE14: 0.17055484 | CF14: -0.04287741 | CG14: -0.057320664 | CH14: -0.04887967 | CI14: -0.0038281579 | CJ14: 0.017796116 | CK14: 0.053792087 | CL14: 0.13734357 | CM14: -0.0050971069 | CN14: -0.019401105 | CO14: -0.078763759 | CP14: -0.093659358 | CQ14: -0.0322279 | CR14: 0.20771971 | CS14: -0.0038151053 | CT14: -0.0096618863 | CU14: -0.101545 | CV14: 0.15139684 | CW14: 0.044763884 | CX14: 0.036299409 | CY14: 0.09636113 | CZ14: 0.064063563 | DA14: 0.065392579 | DB14: 0.10460805 | DC14: -0.042998542 | DD14: -0.053898895 | DE14: -0.062526924 | DF14: 0.064180408 | DG14: -0.087324806 | DH14: 0.058742579 | DI14: 0.086646789 | DJ14: 0.0010237243 | DK14: 0.019071063 | DL14: 0.040754872 | DM14: -0.032421917 | DN14: -0.044935741 | DO14: -0.070288549 | DP14: -0.062914808 | DQ14: 0.071172565 | DR14: 0.052622519 | DS14: 0.089437754 | DT14: -0.044516954 | DU14: -0.068796263 | DV14: -0.045153224 | DW14: 0.0018098947 | DX14: 0.027689697 | DY14: 0.047660987 | DZ14: 0.021697589 | EA14: 0.10752553 | EB14: -0.025110526 | EC14: -0.019289632 | ED14: -0.033598368 | EE14: 0.0033992632 | EF14: 0.025524211
A15: 100 | B15: 10 | C15: 0.036350225 | D15: -0.27303487 | E15: -0.095344605 | F15: 0.034921437 | G15: 0.034403921 | H15: -0.0012437261 | I15: 0.079293091 | J15: 0.06212121 | K15: 0.094514798 | L15: 0.081171061 | M15: -0.0021330164 | N15: -0.10979619 | O15: -0.012270796 | P15: 0.064116183 | Q15: 0.045898731 | R15: 0.12669106 | S15: 0.08548789 | T15: -0.045891077 | U15: -0.07819939 | V15: -0.11012701 | W15: -0.10254359 | X15: -0.21118633 | Y15: -0.052028798 | Z15: -0.062704119 | AA15: 0.16085038 | AB15: 0.022166401 | AC15: -0.0043176688 | AD15: -0.081713375 | AE15: 0.21179264 | AF15: -0.13772629 | AG15: 0.044324544 | AH15: 0.033604373 | AI15: -0.085430111 | AJ15: -0.00946486 | AK15: -0.069361451 | AL15: -0.032360174 | AM15: -0.055122622 | AN15: -0.10168871 | AO15: -0.063369812 | AP15: 0.078285694 | AQ15: 0.036453319 | AR15: 0.017733826 | AS15: -0.048733221 | AT15: 0.070989813 | AU15: -0.077174077 | AV15: 0.037297929 | AW15: -0.091727473 | AX15: -0.081360566 | AY15: 0.029005659 | AZ15: -0.067846329 | BA15: 0.015151738 | BB15: 0.11272487 | BC15: 0.030936692 | BD15: 0.0073647 | BE15: -0.0462183 | BF15: -0.0569776 | BG15: 0.0137764 | BH15: -0.098649046 | BI15: 0.0263518 | BJ15: 0.011265027 | BK15: 0.045604932 | BL15: -0.059403871 | BM15: 0.048219004 | BN15: -0.04014257 | BO15: -0.027734476 | BP15: -0.014184221 | BQ15: -0.012802931 | BR15: -0.050157429 | BS15: -0.016823777 | BT15: -0.059850936 | BU15: -0.015140082 | BV15: -0.10464004 | BW15: -0.29887899 | BX15: 0.053851569 | BY15: -0.12602357 | BZ15: 0.10290647 | CA15: 0.0299629 | CB15: 0.092684106 | CC15: 0.1736496 | CD15: 0.12015208 | CE15: 0.0733674 | CF15: -0.04134943 | CG15: -0.085886022 | CH15: -0.081342608 | CI15: -0.069335 | CJ15: 0.040671717 | CK15: 0.095640748 | CL15: 0.16165447 | CM15: -0.046626536 | CN15: 0.0002176 | CO15: -0.10697924 | CP15: -0.13009875 | CQ15: 0.02496336 | CR15: 0.18148893 | CS15: 0.0169124 | CT15: 0.0049416704 | CU15: -0.12404993 | CV15: 0.18261155 | CW15: 0.026072091 | CX15: 0.024039607 | CY15: 0.092947904 | CZ15: 0.079886948 | DA15: 0.0888618 | DB15: 0.0970477 | DC15: -0.067692432 | DD15: -0.0675251 | DE15: -0.057163635 | DF15: -0.0060545263 | DG15: -0.11309156 | DH15: 0.1296235 | DI15: 0.042811 | DJ15: -0.051853853 | DK15: 0.10177483 | DL15: -0.0003039932 | DM15: -0.039052117 | DN15: -0.081730712 | DO15: -0.034104416 | DP15: -0.13430495 | DQ15: 0.037038689 | DR15: 0.070010567 | DS15: 0.0095715425 | DT15: -0.072163632 | DU15: -0.1171285 | DV15: -0.046727729 | DW15: -0.0608268 | DX15: 0.02154567 | DY15: -0.083673635 | DZ15: 0.036596498 | EA15: 0.1091777 | EB15: -0.056129 | EC15: -0.0177838 | ED15: -0.0723837 | EE15: -0.0031902 | EF15: 0.0296441
A16: 107 | B16: 9 | C16: 0.03943539 | D16: -0.23433798 | E16: -0.086704171 | F16: 0.078715472 | G16: 0.0081465507 | H16: -0.00064934946 | I16: 0.10921796 | J16: 0.073104639 | K16: 0.086420892 | L16: 0.085161604 | M16: -0.013987436 | N16: -0.1202425 | O16: -0.028587077 | P16: 0.061045232 | Q16: 0.081478643 | R16: 0.10310969 | S16: 0.10985904 | T16: -0.038406673 | U16: -0.091471935 | V16: -0.075571486 | W16: -0.10166568 | X16: -0.24053196 | Y16: -0.050278834 | Z16: -0.043010058 | AA16: 0.16615889 | AB16: 0.032295414 | AC16: 0.012765448 | AD16: -0.053136056 | AE16: 0.20962824 | AF16: -0.14791561 | AG16: 0.04377616 | AH16: 0.0317654 | AI16: -0.049078043 | AJ16: 0.0070259661 | AK16: -0.037433453 | AL16: -0.0054397026 | AM16: -0.066076731 | AN16: -0.1064562 | AO16: -0.061424672 | AP16: 0.077798368 | AQ16: 0.054497753 | AR16: 0.034371979 | AS16: -0.052642718 | AT16: 0.12256404 | AU16: -0.082090272 | AV16: 0.052080835 | AW16: -0.10898494 | AX16: -0.10062133 | AY16: 0.019601854 | AZ16: -0.088150182 | BA16: -0.033911562 | BB16: 0.10803892 | BC16: 0.038999392 | BD16: 0.0062841111 | BE16: -0.044140333 | BF16: -0.054584333 | BG16: 0.019331222 | BH16: -0.096162035 | BI16: 0.025620889 | BJ16: 0.020503816 | BK16: 0.051371625 | BL16: -0.070623566 | BM16: 0.039497985 | BN16: -0.047905833 | BO16: -0.02189036 | BP16: -0.020843184 | BQ16: -0.016478016 | BR16: -0.026296848 | BS16: -0.013191573 | BT16: -0.046660882 | BU16: -0.015064578 | BV16: -0.036585638 | BW16: -0.31797083 | BX16: 0.066559519 | BY16: -0.13255841 | BZ16: 0.11152585 | CA16: 0.027431 | CB16: 0.11586555 | CC16: 0.044386333 | CD16: 0.15507127 | CE16: 0.093613778 | CF16: -0.052800084 | CG16: -0.061727878 | CH16: -0.050448725 | CI16: -0.058343333 | CJ16: 0.029703385 | CK16: 0.08842269 | CL16: 0.19674044 | CM16: -0.0069997267 | CN16: 0.0096095556 | CO16: -0.13464021 | CP16: -0.11115145 | CQ16: 0.02033378 | CR16: 0.18928653 | CS16: 0.021808222 | CT16: 0.025557378 | CU16: -0.1354717 | CV16: 0.17225152 | CW16: 0.047341659 | CX16: 0.012240285 | CY16: 0.081280638 | CZ16: 0.10263326 | DA16: 0.11818056 | DB16: 0.098016667 | DC16: -0.083264052 | DD16: -0.074370111 | DE16: -0.0345524 | DF16: -0.0026980136 | DG16: -0.12637192 | DH16: 0.13714944 | DI16: 0.047828778 | DJ16: -0.029141406 | DK16: 0.13359436 | DL16: -0.021872874 | DM16: -0.018910374 | DN16: -0.11588673 | DO16: -0.046563866 | DP16: -0.16033399 | DQ16: 0.047070156 | DR16: 0.055191252 | DS16: -0.010423024 | DT16: -0.10053413 | DU16: -0.122773 | DV16: -0.045728317 | DW16: -0.071303111 | DX16: 0.021947728 | DY16: -0.094984864 | DZ16: 0.012649172 | EA16: 0.13979989 | EB16: -0.070877778 | EC16: -0.024936444 | ED16: -0.080285222 | EE16: -0.0043961111 | EF16: 0.034548444
A17: 120 | B17: 8 | C17: 0.038913469 | D17: -0.16854736 | E17: -0.096671109 | F17: 0.080752164 | G17: 0.10538707 | H17: 0.0079428568 | I17: 0.11307752 | J17: 0.048286948 | K17: 0.10156008 | L17: 0.042234791 | M17: 0.014659142 | N17: -0.10927783 | O17: -0.011306676 | P17: 0.066339369 | Q17: 0.10026683 | R17: 0.13642645 | S17: 0.11905439 | T17: -0.023342586 | U17: -0.062405902 | V17: -0.097259656 | W17: -0.11960398 | X17: -0.23798943 | Y17: -0.073623131 | Z17: -0.048325674 | AA17: 0.19128344 | AB17: 0.044538303 | AC17: 0.020086255 | AD17: -0.049777375 | AE17: 0.2221227 | AF17: -0.12028632 | AG17: 0.062640142 | AH17: 0.035472619 | AI17: -0.030587709 | AJ17: 0.042602631 | AK17: -0.02937589 | AL17: -0.027018182 | AM17: -0.075369368 | AN17: -0.11328712 | AO17: -0.012632335 | AP17: 0.077242814 | AQ17: 0.061277252 | AR17: 0.045802626 | AS17: -0.058802957 | AT17: 0.12707179 | AU17: -0.11569961 | AV17: 0.058529449 | AW17: -0.07618961 | AX17: -0.097619105 | AY17: 0.015478046 | AZ17: -0.070494231 | BA17: -0.038771615 | BB17: 0.12376406 | BC17: 0.027292824 | BD17: 0.019414125 | BE17: -0.016298625 | BF17: -0.077417 | BG17: -0.01315375 | BH17: -0.13319111 | BI17: 0.05745075 | BJ17: 0.0098580643 | BK17: 0.016751327 | BL17: -0.077482967 | BM17: 0.029059011 | BN17: -0.046915526 | BO17: -0.035179615 | BP17: -0.03599598 | BQ17: -0.01137651 | BR17: -0.0096463751 | BS17: -0.0041034691 | BT17: -0.05265016 | BU17: -0.038510385 | BV17: -0.038240957 | BW17: -0.20833683 | BX17: 0.08264099 | BY17: -0.14247738 | BZ17: 0.12057816 | CA17: 0.027196125 | CB17: 0.10916584 | CC17: 0.0417585 | CD17: 0.17295974 | CE17: 0.095707625 | CF17: -0.058238797 | CG17: -0.074714989 | CH17: -0.032969072 | CI17: -0.08245125 | CJ17: 0.020950827 | CK17: 0.083955848 | CL17: 0.1368391 | CM17: 0.0016699729 | CN17: 0.01363075 | CO17: -0.13741288 | CP17: -0.10822138 | CQ17: -0.051907103 | CR17: 0.19640263 | CS17: 0.011546625 | CT17: 0.01733928 | CU17: -0.15535189 | CV17: 0.15147138 | CW17: 0.063393219 | CX17: 0.010772395 | CY17: 0.075608913 | CZ17: 0.12424884 | DA17: 0.094495625 | DB17: 0.104271 | DC17: -0.098849393 | DD17: -0.04813 | DE17: -0.024124863 | DF17: -0.015674445 | DG17: -0.12321247 | DH17: 0.16343337 | DI17: 0.07018125 | DJ17: -0.045336158 | DK17: 0.15603643 | DL17: -0.0039297317 | DM17: -0.037227476 | DN17: -0.10647996 | DO17: -0.065250544 | DP17: -0.14203416 | DQ17: 0.072654005 | DR17: 0.055884815 | DS17: -0.0065055362 | DT17: -0.09313895 | DU17: -0.129494 | DV17: -0.045148836 | DW17: -0.07659975 | DX17: -0.02303518 | DY17: -0.12601054 | DZ17: -0.0047910532 | EA17: 0.16457237 | EB17: -0.073783625 | EC17: -0.020359375 | ED17: -0.082855625 | EE17: 0.000194375 | EF17: 0.04098475
A18: 137 | B18: 7 | C18: 0.059146798 | D18: -0.18401889 | E18: -0.10047562 | F18: 0.11938296 | G18: 0.10831637 | H18: 0.0086222278 | I18: 0.12862656 | J18: 0.091173232 | K18: 0.13564789 | L18: 0.050758207 | M18: 0.029051464 | N18: -0.14120749 | O18: 0.031737941 | P18: 0.082552612 | Q18: 0.09305959 | R18: 0.15418919 | S18: 0.14380523 | T18: -0.052309698 | U18: -0.055150343 | V18: -0.12139146 | W18: -0.13791724 | X18: -0.21512106 | Y18: -0.10387924 | Z18: -0.051469726 | AA18: 0.17257066 | AB18: 0.062644805 | AC18: -0.0013654205 | AD18: -0.072443789 | AE18: 0.25839135 | AF18: -0.15054364 | AG18: 0.08171998 | AH18: 0.040197461 | AI18: -0.046855541 | AJ18: 0.047393756 | AK18: -0.022832885 | AL18: -0.032812812 | AM18: -0.066643405 | AN18: -0.07929464 | AO18: -0.005427535 | AP18: 0.078278592 | AQ18: 0.064154974 | AR18: 0.039002474 | AS18: -0.083253128 | AT18: 0.16638581 | AU18: -0.13889821 | AV18: 0.060235665 | AW18: -0.097766862 | AX18: -0.12606434 | AY18: 0.030189359 | AZ18: -0.051646327 | BA18: -0.03530224 | BB18: 0.13765604 | BC18: -0.027942051 | BD18: 0.020277714 | BE18: -0.022232286 | BF18: -0.038142 | BG18: -0.0023085714 | BH18: -0.13789827 | BI18: 0.033489571 | BJ18: -0.0059560641 | BK18: 0.0009810839 | BL18: -0.081157674 | BM18: 0.028081356 | BN18: -0.05277439 | BO18: -0.020227496 | BP18: -0.04685754 | BQ18: -0.0019167841 | BR18: -0.0057481936 | BS18: -0.0039836251 | BT18: -0.061545323 | BU18: 0.0089206671 | BV18: -0.039624426 | BW18: -0.2183755 | BX18: 0.074580863 | BY18: -0.087465268 | BZ18: 0.15331999 | CA18: 0.033285857 | CB18: 0.097387283 | CC18: 0.10465971 | CD18: 0.19371682 | CE18: 0.077259857 | CF18: 0.043957743 | CG18: -0.091609256 | CH18: -0.045365649 | CI18: -0.11772357 | CJ18: -0.0037723665 | CK18: 0.096058032 | CL18: 0.15291394 | CM18: 0.01554875 | CN18: -0.028616857 | CO18: -0.15059751 | CP18: -0.11627032 | CQ18: -0.038242676 | CR18: 0.19372241 | CS18: 0.028129286 | CT18: -0.016272494 | CU18: -0.14456482 | CV18: 0.12702227 | CW18: 0.066558574 | CX18: 0.061560186 | CY18: 0.093178384 | CZ18: 0.13284286 | DA18: 0.078357857 | DB18: 0.118114 | DC18: -0.082819707 | DD18: -0.071071286 | DE18: -0.038420587 | DF18: -0.028071975 | DG18: -0.11821709 | DH18: 0.19240257 | DI18: 0.097962857 | DJ18: -0.04520404 | DK18: 0.15851363 | DL18: -0.0038302741 | DM18: -0.0052506787 | DN18: -0.12510868 | DO18: -0.030199017 | DP18: -0.13348647 | DQ18: 0.065749458 | DR18: 0.076840655 | DS18: -0.025385651 | DT18: -0.11601739 | DU18: -0.15871543 | DV18: -0.070527693 | DW18: -0.068637857 | DX18: -0.068177294 | DY18: -0.1657631 | DZ18: -0.043227855 | EA18: 0.19894729 | EB18: -0.097045 | EC18: -0.019598857 | ED18: -0.080269714 | EE18: -0.0011102857 | EF18: 0.063951857
A19: 160 | B19: 6 | C19: 0.07386193 | D19: -0.21954287 | E19: -0.14058368 | F19: 0.17768866 | G19: 0.096065972 | H19: -0.012068788 | I19: 0.13411218 | J19: 0.11143724 | K19: 0.23878941 | L19: 0.02032665 | M19: -0.043690236 | N19: -0.15184358 | O19: 0.031561874 | P19: 0.092534186 | Q19: 0.081866113 | R19: 0.14558327 | S19: 0.12269188 | T19: -0.051464717 | U19: -0.067250002 | V19: -0.09268832 | W19: -0.14662099 | X19: -0.14939987 | Y19: -0.10313024 | Z19: -0.057888725 | AA19: 0.1318329 | AB19: 0.051718753 | AC19: -0.014141543 | AD19: -0.023997457 | AE19: 0.30849286 | AF19: -0.16883058 | AG19: 0.041487103 | AH19: 0.056557715 | AI19: -0.081770125 | AJ19: 0.05154529 | AK19: -0.040581523 | AL19: -0.014914608 | AM19: -0.043106012 | AN19: -0.083568294 | AO19: -0.025892903 | AP19: 0.08757412 | AQ19: 0.042375665 | AR19: -0.041144515 | AS19: -0.10919888 | AT19: 0.18459366 | AU19: -0.15301463 | AV19: -0.0030326096 | AW19: -0.1366934 | AX19: -0.2241238 | AY19: 0.066273243 | AZ19: -0.11561153 | BA19: -0.0015090166 | BB19: 0.1597462 | BC19: -0.18457179 | BD19: -7.0833333e-05 | BE19: -0.030392667 | BF19: -0.049435667 | BG19: 0.00096333333 | BH19: -0.14049691 | BI19: 0.0259385 | BJ19: -0.021707302 | BK19: -0.069519037 | BL19: -0.079964658 | BM19: 0.031786265 | BN19: -0.067252647 | BO19: -0.025728961 | BP19: -0.062818808 | BQ19: -0.0099340445 | BR19: 0.006675246 | BS19: -0.024256339 | BT19: -0.082323404 | BU19: 0.043246635 | BV19: -0.030350792 | BW19: -0.30745301 | BX19: 0.054830282 | BY19: -0.079866927 | BZ19: 0.068702125 | CA19: 0.035610167 | CB19: 0.078976808 | CC19: 0.022505667 | CD19: 0.2156192 | CE19: 0.088474167 | CF19: 0.079051525 | CG19: -0.057117625 | CH19: -0.042715044 | CI19: -0.16520067 | CJ19: -0.011811923 | CK19: 0.11879726 | CL19: 0.11534778 | CM19: 0.075581871 | CN19: -0.015943167 | CO19: -0.16614656 | CP19: -0.13741472 | CQ19: -0.032394608 | CR19: 0.17630672 | CS19: 0.043775667 | CT19: -0.027940637 | CU19: -0.14660754 | CV19: 0.094553008 | CW19: 0.060515879 | CX19: 0.057634726 | CY19: 0.10789212 | CZ19: 0.11285183 | DA19: 0.0751825 | DB19: 0.147961 | DC19: -0.065587585 | DD19: -0.063547333 | DE19: -0.033018415 | DF19: -0.021296342 | DG19: -0.1264908 | DH19: 0.22459133 | DI19: 0.10846167 | DJ19: -0.048514351 | DK19: 0.12414459 | DL19: -0.011982786 | DM19: 0.046097902 | DN19: -0.1739283 | DO19: -0.04870552 | DP19: -0.17026813 | DQ19: 0.080374172 | DR19: 0.075962353 | DS19: -0.044918963 | DT19: -0.1331285 | DU19: -0.1505825 | DV19: -0.071593387 | DW19: -0.101297 | DX19: -0.094614193 | DY19: -0.15211941 | DZ19: -0.079643568 | EA19: 0.23304767 | EB19: -0.1062485 | EC19: -0.031323667 | ED19: -0.0861595 | EE19: 0.0073063333 | EF19: 0.07402
A20: 192 | B20: 5 | C20: -0.011241332 | D20: -0.22258639 | E20: -0.14612491 | F20: 0.20553126 | G20: 0.11718314 | H20: 0.011583026 | I20: 0.18586318 | J20: 0.14728813 | K20: 0.2147245 | L20: 0.0089997713 | M20: -0.077718228 | N20: -0.16814359 | O20: 0.049864886 | P20: 0.091169928 | Q20: 0.10704532 | R20: 0.19094247 | S20: 0.082562611 | T20: -0.085465456 | U20: -0.013720365 | V20: -0.1035176 | W20: -0.17308538 | X20: -0.21038641 | Y20: -0.12896504 | Z20: -0.074027168 | AA20: 0.13048337 | AB20: 0.032898545 | AC20: -0.047248263 | AD20: -0.026987304 | AE20: 0.16122121 | AF20: -0.22349782 | AG20: 0.032163249 | AH20: 0.090178201 | AI20: -0.078154545 | AJ20: 0.061990035 | AK20: -0.0082485151 | AL20: -0.020780265 | AM20: -0.033095981 | AN20: -0.075470194 | AO20: -0.045285082 | AP20: 0.13173046 | AQ20: 0.033308231 | AR20: -0.029739 | AS20: -0.042291716 | AT20: 0.23912375 | AU20: -0.14307264 | AV20: -0.032246613 | AW20: -0.22499784 | AX20: -0.20433922 | AY20: -0.082057636 | AZ20: -0.15627401 | BA20: -0.10207757 | BB20: 0.16765542 | BC20: -0.24014067 | BD20: 0.0083636 | BE20: -0.0384684 | BF20: -0.0552158 | BG20: -0.051727 | BH20: -0.1500573 | BI20: 0.0231736 | BJ20: -0.021629512 | BK20: -0.10259828 | BL20: -0.086292231 | BM20: 0.047468551 | BN20: -0.11855724 | BO20: 0.038461718 | BP20: -0.060407521 | BQ20: -0.015451707 | BR20: 0.012073632 | BS20: 0.0054075062 | BT20: -0.096530501 | BU20: -0.040683597 | BV20: 0.081543442 | BW20: -0.35182955 | BX20: 0.057988018 | BY20: -0.0046393591 | BZ20: 0.090271404 | CA20: 0.0502162 | CB20: -0.0001077551 | CC20: 0.0129148 | CD20: 0.1810275 | CE20: 0.0857774 | CF20: 0.10578489 | CG20: -0.075970241 | CH20: -0.022195229 | CI20: -0.1314838 | CJ20: -0.041509985 | CK20: 0.080589624 | CL20: 0.14931315 | CM20: 0.079454727 | CN20: -0.0193474 | CO20: -0.2285182 | CP20: -0.15666076 | CQ20: -0.023118045 | CR20: 0.19548611 | CS20: 0.0222938 | CT20: -0.018076711 | CU20: -0.14672801 | CV20: 0.11921413 | CW20: 0.067903708 | CX20: 0.090298551 | CY20: 0.10096666 | CZ20: 0.15516165 | DA20: 0.0770816 | DB20: 0.076967 | DC20: -0.037332311 | DD20: -0.0681628 | DE20: -0.010418722 | DF20: -0.045499958 | DG20: -0.12407331 | DH20: 0.2782996 | DI20: 0.137596 | DJ20: -0.039459946 | DK20: 0.084953981 | DL20: -0.019465373 | DM20: -0.042864774 | DN20: -0.18323473 | DO20: -0.049820855 | DP20: -0.20015543 | DQ20: 0.057460182 | DR20: 0.07851266 | DS20: 0.069792758 | DT20: -0.13343598 | DU20: -0.1763758 | DV20: -0.10204218 | DW20: -0.1035466 | DX20: -0.097851218 | DY20: -0.18740183 | DZ20: 0.018115127 | EA20: 0.2936912 | EB20: -0.1063144 | EC20: 0.0229776 | ED20: -0.0746258 | EE20: 0.0017416 | EF20: 0.0858
A21: 241 | B21: 4 | C21: -0.010384834 | D21: -0.32500828 | E21: -0.043717555 | F21: 0.18403858 | G21: 0.14384215 | H21: -0.037844077 | I21: 0.23932306 | J21: 0.090566639 | K21: 0.20688003 | L21: 0.057226167 | M21: -0.099684593 | N21: -0.13905068 | O21: 0.034351989 | P21: 0.1447726 | Q21: 0.081195369 | R21: 0.14269209 | S21: 0.20915948 | T21: -0.098461673 | U21: 0.080215736 | V21: -0.10537077 | W21: -0.15778848 | X21: -0.21363094 | Y21: -0.092729224 | Z21: -0.1093802 | AA21: 0.11063591 | AB21: 0.021955944 | AC21: -0.018827737 | AD21: 0.025933276 | AE21: 0.12810498 | AF21: -0.29514426 | AG21: 0.011046572 | AH21: 0.10758136 | AI21: -0.079594209 | AJ21: 0.070405342 | AK21: 0.018318369 | AL21: -0.037391486 | AM21: -0.068535807 | AN21: -0.11195606 | AO21: -0.047726396 | AP21: 0.072535144 | AQ21: 0.037036188 | AR21: -0.034197901 | AS21: -0.045406682 | AT21: 0.26483826 | AU21: -0.06345533 | AV21: -0.068713913 | AW21: -0.26325492 | AX21: -0.2177183 | AY21: -0.065722295 | AZ21: -0.093059394 | BA21: -0.019293208 | BB21: 0.22534614 | BC21: -0.16446053 | BD21: 0.0382225 | BE21: -0.0405905 | BF21: -0.06228975 | BG21: -0.07852475 | BH21: -0.10684211 | BI21: 0.046277 | BJ21: -0.023579026 | BK21: -0.082973162 | BL21: -0.14272109 | BM21: 0.040795286 | BN21: -0.063647948 | BO21: 0.063857236 | BP21: -0.10450913 | BQ21: -0.054542231 | BR21: 0.012323862 | BS21: 0.0058601728 | BT21: -0.092952203 | BU21: 0.012996607 | BV21: 0.04433998 | BW21: -0.18446067 | BX21: 0.088379335 | BY21: -0.055666292 | BZ21: 0.047662929 | CA21: 0.09506 | CB21: 0.073466099 | CC21: -0.0080195 | CD21: 0.28805606 | CE21: 0.0615145 | CF21: 0.11452616 | CG21: -0.085085335 | CH21: -0.15662644 | CI21: -0.12329225 | CJ21: -0.055140849 | CK21: 0.06715963 | CL21: 0.18743312 | CM21: 0.062994333 | CN21: -0.01128025 | CO21: -0.23779198 | CP21: -0.098307306 | CQ21: -0.022912194 | CR21: 0.23905997 | CS21: 0.03090725 | CT21: -0.086072557 | CU21: -0.15891662 | CV21: 0.15433184 | CW21: 0.038345517 | CX21: 0.10212218 | CY21: 0.15245231 | CZ21: 0.23745137 | DA21: 0.04170975 | DB21: 0.0714595 | DC21: -0.1539048 | DD21: -0.067027 | DE21: -0.028977737 | DF21: -0.1488089 | DG21: -0.14818493 | DH21: 0.081437 | DI21: 0.17984 | DJ21: -0.037911313 | DK21: 0.13950271 | DL21: -0.012736992 | DM21: 0.004254564 | DN21: -0.22029564 | DO21: 0.018558809 | DP21: -0.22901989 | DQ21: 0.070422699 | DR21: 0.050170859 | DS21: 0.084605434 | DT21: -0.1705708 | DU21: -0.14861475 | DV21: -0.15489825 | DW21: -0.103536 | DX21: -0.11682889 | DY21: -0.22566188 | DZ21: 0.17989102 | EA21: 0.26605775 | EB21: -0.103298 | EC21: 0.0271895 | ED21: -0.08272975 | EE21: -0.02131 | EF21: 0.0287945
A22: 321 | B22: 3 | C22: -0.025922327 | D22: -0.41742192 | E22: -0.022230412 | F22: 0.067831061 | G22: 0.10388436 | H22: -0.22980554 | I22: 0.2544329 | J22: 0.11837828 | K22: 0.24536591 | L22: 0.10748717 | M22: -0.074100059 | N22: -0.098030861 | O22: -0.0067158783 | P22: 0.072782884 | Q22: 0.089282518 | R22: 0.18067973 | S22: 0.24705663 | T22: -0.12881242 | U22: 0.15202918 | V22: -0.057024135 | W22: -0.20748027 | X22: -0.22178676 | Y22: -0.047938332 | Z22: -0.15015011 | AA22: 0.082524426 | AB22: -0.0038652301 | AC22: -0.085776461 | AD22: 0.018593749 | AE22: 0.13082384 | AF22: -0.42991677 | AG22: 0.010812101 | AH22: 0.10586596 | AI22: -0.094141261 | AJ22: 0.031699849 | AK22: 0.078575769 | AL22: -0.0011447262 | AM22: -0.084088903 | AN22: -0.11113281 | AO22: -0.074717373 | AP22: 0.062536354 | AQ22: -0.055126721 | AR22: -0.1081837 | AS22: 0.073843703 | AT22: 0.017728371 | AU22: -0.1099146 | AV22: -0.089753982 | AW22: -0.37079928 | AX22: 0.009875186 | AY22: -0.098456276 | AZ22: -0.2274855 | BA22: -0.04917694 | BB22: 0.30192994 | BC22: -0.19562604 | BD22: 0.079264 | BE22: -0.068485667 | BF22: -0.054886 | BG22: -0.096179667 | BH22: -0.12770701 | BI22: 0.082349333 | BJ22: -0.054996415 | BK22: -0.020854755 | BL22: -0.16178034 | BM22: 0.0024304832 | BN22: 0.015327552 | BO22: 0.050484429 | BP22: -0.07483555 | BQ22: -0.027830097 | BR22: 0.020813609 | BS22: -0.016372782 | BT22: 0.067143215 | BU22: 0.040368469 | BV22: 0.048603535 | BW22: -0.13217179 | BX22: 0.15293737 | BY22: -0.05559705 | BZ22: 0.047257736 | CA22: 0.14408033 | CB22: 0.06360427 | CC22: -0.125105 | CD22: 0.33387804 | CE22: 0.06684 | CF22: 0.10077036 | CG22: -0.20708533 | CH22: -0.15360628 | CI22: -0.230448 | CJ22: -0.12632536 | CK22: 0.11092354 | CL22: 0.094997012 | CM22: 0.046441279 | CN22: 0.021851333 | CO22: -0.18528576 | CP22: -0.17184373 | CQ22: -0.017159616 | CR22: 0.24677277 | CS22: 0.024439333 | CT22: -0.12609138 | CU22: -0.16735391 | CV22: 0.16622268 | CW22: 0.022884042 | CX22: 0.0037495933 | CY22: 0.16243987 | CZ22: 0.26292048 | DA22: 0.032454 | DB22: 0.054040667 | DC22: -0.14116724 | DD22: -0.015963333 | DE22: 0.017756504 | DF22: -0.097071706 | DG22: -0.088121411 | DH22: 0.081455333 | DI22: 0.060122333 | DJ22: -0.050246006 | DK22: 0.17913471 | DL22: -0.0032133307 | DM22: 0.042676549 | DN22: -0.30537503 | DO22: -0.023768668 | DP22: -0.16956243 | DQ22: 0.16540417 | DR22: -0.0060925526 | DS22: 0.12952384 | DT22: -0.058357009 | DU22: -0.16154567 | DV22: -0.15706237 | DW22: -0.081416 | DX22: -0.16435212 | DY22: -0.31775437 | DZ22: 0.16562625 | EA22: 0.14035633 | EB22: -0.14293033 | EC22: 0.088086 | ED22: -0.057499333 | EE22: -0.047636 | EF22: 0.036592667
A23: 482 | B23: 2 | C23: -0.031325685 | D23: 0.088966623 | E23: -0.015061588 | F23: 0.18239608 | G23: -0.026971569 | H23: -0.26281024 | I23: 0.25570287 | J23: 0.15529382 | K23: 0.14260758 | L23: 0.23244436 | M23: -0.25844992 | N23: -0.12680001 | O23: -0.019407711 | P23: 0.090401711 | Q23: 0.25084968 | R23: 0.089628003 | S23: 0.169295 | T23: -0.15460269 | U23: 0.21298177 | V23: 0.063357011 | W23: -0.33161915 | X23: -0.18178119 | Y23: -0.0075887634 | Z23: -0.14764041 | AA23: -0.056748446 | AB23: -0.030991385 | AC23: -0.1687548 | AD23: 0.0029952916 | AE23: 0.13721199 | AF23: -0.32465933 | AG23: -0.14589389 | AH23: 0.084171585 | AI23: -0.023228267 | AJ23: -0.0056431378 | AK23: 0.091199224 | AL23: -0.051310311 | AM23: -0.007769489 | AN23: -0.2423147 | AO23: 0.0053369522 | AP23: -0.0031210994 | AQ23: 0.17571221 | AR23: -0.2534608 | AS23: 0.081663621 | AT23: 0.1095059 | AU23: -0.20359589 | AV23: -0.049150067 | AW23: -0.58225997 | AX23: 0.014812779 | AY23: -0.0581396 | AZ23: -0.31598452 | BA23: 0.17208091 | BB23: -0.051049484 | BC23: -0.25286918 | BD23: 0.1259795 | BE23: -0.0865335 | BF23: -0.060013 | BG23: -0.0449095 | BH23: -0.063365196 | BI23: 0.121209 | BJ23: -0.10400332 | BK23: -0.0050098635 | BL23: -0.1495343 | BM23: -0.069495462 | BN23: 0.0069471708 | BO23: -0.036524942 | BP23: -0.098266399 | BQ23: -0.072047901 | BR23: 0.017844321 | BS23: -0.073275389 | BT23: 0.070189264 | BU23: 0.16327469 | BV23: 0.053269051 | BW23: -0.015362515 | BX23: 0.12421952 | BY23: 0.11824923 | BZ23: 0.0076697624 | CA23: 0.2063755 | CB23: -0.041664988 | CC23: -0.084545 | CD23: 0.19167646 | CE23: 0.059602 | CF23: 0.016160835 | CG23: -0.21663724 | CH23: -0.16212257 | CI23: -0.0591225 | CJ23: -0.1565159 | CK23: 0.071856391 | CL23: 0.16404946 | CM23: 0.006975009 | CN23: 0.049972 | CO23: -0.26845098 | CP23: -0.24610177 | CQ23: 0.02470227 | CR23: 0.15099817 | CS23: 0.069015 | CT23: -0.032850224 | CU23: -0.20210388 | CV23: 0.15333097 | CW23: -0.024186288 | CX23: -0.088716994 | CY23: 0.28171083 | CZ23: 0.18199879 | DA23: 0.064645 | DB23: 0.018748 | DC23: -0.1579489 | DD23: -0.01841 | DE23: 0.060085948 | DF23: -0.19137387 | DG23: -0.15297665 | DH23: 0.139228 | DI23: 0.096041 | DJ23: -0.087058008 | DK23: 0.27783322 | DL23: 0.026242652 | DM23: -0.010710334 | DN23: -0.26497486 | DO23: 0.084670828 | DP23: -0.17683962 | DQ23: 0.24594611 | DR23: -0.089886003 | DS23: 0.24719455 | DT23: -0.12395522 | DU23: -0.055638 | DV23: -0.1927414 | DW23: 0.0230525 | DX23: -0.17100279 | DY23: -0.26822193 | DZ23: 0.12933302 | EA23: -0.028757 | EB23: -0.1382285 | EC23: 0.0936435 | ED23: 0.038898 | EE23: -0.069211 | EF23: 0.093414
A24: 964 | B24: 1 | C24: -0.027766967 | D24: 0.081988379 | E24: 0.081880335 | F24: 0.20154572 | G24: -0.022622389 | H24: -0.35082219 | I24: 0.24038624 | J24: 0.0040357249 | K24: 0.050444336 | L24: 0.33375944 | M24: -0.14681934 | N24: -0.10519171 | O24: 0.036648791 | P24: 0.10424841 | Q24: -0.090144949 | R24: 0.10836549 | S24: 0.1398838 | T24: 0.27048671 | U24: 0.39296188 | V24: 0.11654032 | W24: -0.49571199 | X24: 0.036157896 | Y24: -0.02939884 | Z24: -0.15040993 | AA24: 0.21854458 | AB24: -0.30039379 | AC24: -0.40174733 | AD24: 0.059922147 | AE24: 0.19314179 | AF24: -0.49538941 | AG24: -0.38005539 | AH24: 0.05669736 | AI24: 0.0088083311 | AJ24: 0.080891244 | AK24: 0.11317916 | AL24: -0.10745443 | AM24: 0.018919281 | AN24: -0.22118947 | AO24: -0.066090112 | AP24: 0.022851715 | AQ24: 0.35649193 | AR24: -0.020350844 | AS24: 0.0032867737 | AT24: 0.15076898 | AU24: -0.22984102 | AV24: 0.24768466 | AW24: 0.14871096 | AX24: -0.11149134 | AY24: -0.26743574 | AZ24: -0.60989956 | BA24: 0.10178269 | BB24: -0.086159033 | BC24: 0.0043668696 | BD24: 0.01864 | BE24: -0.104131 | BF24: -0.100236 | BG24: -0.176624 | BH24: -0.14767357 | BI24: 0.169268 | BJ24: -0.0033483158 | BK24: -0.010019727 | BL24: -0.31716429 | BM24: 0.08478294 | BN24: -0.0068493418 | BO24: 0.16110969 | BP24: -0.12335118 | BQ24: 0.064169633 | BR24: 0.042356223 | BS24: -0.0012847175 | BT24: 0.055799256 | BU24: 0.45156954 | BV24: 0.046258706 | BW24: -0.15102745 | BX24: 0.05804337 | BY24: 0.11840823 | BZ24: 0.2588929 | CA24: 0.100028 | CB24: 0.064127083 | CC24: -0.18247 | CD24: 0.14430631 | CE24: 0.165565 | CF24: -0.043964634 | CG24: -0.51996897 | CH24: -0.21297288 | CI24: -0.058508 | CJ24: -0.30018689 | CK24: 0.32305927 | CL24: 0.015683748 | CM24: 0.044688538 | CN24: 0.014921 | CO24: -0.57240961 | CP24: -0.19806735 | CQ24: 0.16018965 | CR24: 0.13778746 | CS24: -0.026858 | CT24: 0.18289659 | CU24: -0.052729045 | CV24: 0.18286409 | CW24: -0.23499322 | CX24: 0.055207194 | CY24: 0.36022805 | CZ24: 0.11220663 | DA24: 0.03398 | DB24: -0.0165 | DC24: -0.28272978 | DD24: 0.0493 | DE24: -0.13158559 | DF24: -0.19463806 | DG24: -0.24858898 | DH24: 0.265805 | DI24: 0.037185 | DJ24: -0.13248861 | DK24: 0.33950921 | DL24: 0.061360513 | DM24: -0.1083161 | DN24: -0.51684794 | DO24: 0.08311429 | DP24: -0.22357182 | DQ24: 0.3590713 | DR24: -0.02051563 | DS24: 0.14400697 | DT24: -0.038362866 | DU24: 0.021782 | DV24: -0.75045655 | DW24: 0.101183 | DX24: -0.17373733 | DY24: -0.032066536 | DZ24: -0.048904664 | EA24: -0.054917 | EB24: -0.109231 | EC24: 0.143647 | ED24: -0.069835 | EE24: -0.107482 | EF24: 0.134085
A26: 大盤 | B26: TWII | C26: -0.017446771 | D26: 0.020701061 | E26: 0.023982129 | F26: -0.006557579 | G26: 0.03184513 | H26: 0.034348533 | I26: -0.0082549328 | J26: 0.012843524 | K26: -0.051018525 | L26: 0.00087394274 | M26: 0.023389576 | N26: 0.012988972 | O26: 0.0058545887 | P26: 0.027413207 | Q26: -0.0037129361 | R26: 0.024076614 | S26: -0.012190025 | T26: -0.039749578 | U26: -0.07315545 | V26: -0.05826023 | W26: 0.00077279757 | X26: 0.044591521 | Y26: -0.02769968 | Z26: 0.0020950059 | AA26: -0.023400551 | AB26: 0.032129371 | AC26: 0.038903273 | AD26: -0.042865382 | AE26: 0.018647195 | AF26: 0.015229768 | AG26: 0.036016604 | AH26: 0.0093546114 | AI26: 0.010748251 | AJ26: 0.013357754 | AK26: -0.0053327473 | AL26: 0.0013831358 | AM26: 0.020795928 | AN26: 0.031517702 | AO26: 0.0062417165 | AP26: 0.0061452617 | AQ26: 0.016946358 | AR26: 0.03468283 | AS26: 0.0030985886 | AT26: 0.015081347 | AU26: -0.019251209 | AV26: 0.038711513 | AW26: -0.021856951 | AX26: 0.0077743007 | AY26: 0.042397247 | AZ26: -0.026308975 | BA26: 0.0095717493 | BB26: -0.024249741 | BC26: 0.020163374 | BD26: -0.0035049988 | BE26: 0.020151935 | BF26: 0.00058133623 | BG26: -0.005219701 | BH26: -0.11587176 | BI26: 0.0087252257 | BJ26: -0.016377261 | BK26: 0.020840372 | BL26: 0.044975872 | BM26: 0.023954306 | BN26: 0.030239101 | BO26: -0.043725888 | BP26: 0.02188947 | BQ26: 0.0086274303 | BR26: -0.019192954 | BS26: 0.01973513 | BT26: 0.047694337 | BU26: 0.011454817 | BV26: 0.043228621 | BW26: -0.04274743 | BX26: -0.017811292 | BY26: -0.1511531 | BZ26: 0.124224 | CA26: -0.0045572538 | CB26: 0.06021124 | CC26: 0.085992033 | CD26: -0.0058084796 | CE26: -0.006041347 | CF26: 0.0024523244 | CG26: 0.089636252 | CH26: 0.070992733 | CI26: 0.027170643 | CJ26: 0.052468428 | CK26: 0.029480661 | CL26: 0.066825081 | CM26: -0.028772229 | CN26: 0.039462516 | CO26: -0.029031087 | CP26: 0.013983883 | CQ26: -0.032276965 | CR26: 0.0031035766 | CS26: 0.025591856 | CT26: 0.044391886 | CU26: -0.030338959 | CV26: -0.0012579765 | CW26: 0.0023363565 | CX26: -0.064264145 | CY26: 0.012909779 | CZ26: -0.12547709 | DA26: 0.011690683 | DB26: 0.0063378437 | DC26: -0.11730536 | DD26: -0.036010872 | DE26: 0.1389113 | DF26: -0.051143506 | DG26: 0.076731447 | DH26: 0.015508782 | DI26: 0.023223774 | DJ26: -0.018372876 | DK26: 0.062199014 | DL26: 0.020098304 | DM26: 0.01349894 | DN26: -0.030252213 | DO26: -0.017022836 | DP26: -0.021788523 | DQ26: 0.085745625 | DR26: 0.028106744 | DS26: -0.0023031598 | DT26: 0.058471198 | DU26: 0.067658949 | DV26: 0.0050207706 | DW26: 0.037416184 | DX26: 0.084111004 | DY26: -0.036832399 | DZ26: 0.0030917028 | EA26: -0.0019576282 | EB26: 0.026459104 | EC26: -0.024752539 | ED26: 0.034115491 | EE26: 0.021061974 | EF26: -0.020277393
B28: 低 | C28: 3043 | D28: 3043 | E28: 6130 | F28: 6130 | G28: 6130 | H28: 6130 | I28: 6130 | J28: 9906 | K28: 5324 | L28: 5324 | M28: 5324 | N28: 5324 | O28: 5324 | P28: 5455 | Q28: 5324 | R28: 5324 | S28: 2388 | T28: 2439 | U28: 1472 | V28: 2388 | W28: 4413 | X28: 2388 | Y28: 3232 | Z28: 6259 | AA28: 6259 | AB28: 6228 | AC28: 9906 | AD28: 9906 | AE28: 5381 | AF28: 5455 | AG28: 6259 | AH28: 6225 | AI28: 6225 | AJ28: 6225 | AK28: 6259 | AL28: 6259 | AM28: 6225 | AN28: 6225 | AO28: 6225 | AP28: 6225 | AQ28: 3064 | AR28: 6227 | AS28: 3064 | AT28: 3064 | AU28: 3064 | AV28: 3064 | AW28: 5205 | AX28: 3064 | AY28: 8044 | AZ28: 5386 | BA28: 4903 | BB28: 6225 | BC28: 4903 | BD28: 6291 | BE28: 5205 | BF28: 8067 | BG28: 1475 | BH28: 6165 | BI28: 1475 | BJ28: 6225 | BK28: 4303 | BL28: 6225 | BM28: 4303 | BN28: 6225 | BO28: 6225 | BP28: 6225 | BQ28: 6225 | BR28: 6225 | BS28: 6225 | BT28: 3085 | BU28: 3085 | BV28: 5310 | BW28: 3085 | BX28: 3064 | BY28: 3085 | BZ28: 8080 | CA28: 5205 | CB28: 5475 | CC28: 8087 | CD28: 5205 | CE28: 5205 | CF28: 8070 | CG28: 8070 | CH28: 8070 | CI28: 4304 | CJ28: 8070 | CK28: 8070 | CL28: 8070 | CM28: 8070 | CN28: 5205 | CO28: 8070 | CP28: 8070 | CQ28: 1325 | CR28: 3043 | CS28: 5205 | CT28: 1325 | CU28: 3064 | CV28: 1325 | CW28: 6276 | CX28: 8101 | CY28: 6276 | CZ28: 8101 | DA28: 1538 | DB28: 5314 | DC28: 2007 | DD28: 8080 | DE28: 2486 | DF28: 2486 | DG28: 5475 | DH28: 1538 | DI28: 8080 | DJ28: 6225 | DK28: 6225 | DL28: 5468 | DM28: 9945 | DN28: 4402 | DO28: 4402 | DP28: 8933 | DQ28: 8933 | DR28: 4419 | DS28: 2615 | DT28: 4419 | DU28: 5345 | DV28: 3085 | DW28: 4304 | DX28: 2482 | DY28: 2482 | DZ28: 6291 | EA28: 2321 | EB28: 2321 | EC28: 2321 | ED28: 2321 | EE28: 2321 | EF28: 2321
B29: 公司名稱 | C29: 科風 | D29: 科風 | E29: 上亞科技 | F29: 上亞科技 | G29: 上亞科技 | H29: 上亞科技 | I29: 上亞科技 | J29: 欣巴巴 | K29: 士開 | L29: 士開 | M29: 士開 | N29: 士開 | O29: 士開 | P29: 昇益 | Q29: 士開 | R29: 士開 | S29: 威盛 | T29: 美律 | U29: 三洋實業 | V29: 威盛 | W29: 飛寶企業 | X29: 威盛 | Y29: 昱捷 | Z29: 百徽 | AA29: 百徽 | AB29: 全譜 | AC29: 欣巴巴 | AD29: 欣巴巴 | AE29: 合正 | AF29: 昇益 | AG29: 百徽 | AH29: 天瀚 | AI29: 天瀚 | AJ29: 天瀚 | AK29: 百徽 | AL29: 百徽 | AM29: 天瀚 | AN29: 天瀚 | AO29: 天瀚 | AP29: 天瀚 | AQ29: 泰偉 | AR29: 茂綸 | AS29: 泰偉 | AT29: 泰偉 | AU29: 泰偉 | AV29: 泰偉 | AW29: 中茂 | AX29: 泰偉 | AY29: 網家 | AZ29: 青雲 | BA29: 聯光通 | BB29: 天瀚 | BC29: 聯光通 | BD29: 沛亨 | BE29: 中茂 | BF29: 志旭 | BG29: 業旺 | BH29: 浪凡 | BI29: 業旺 | BJ29: 天瀚 | BK29: 信立 | BL29: 天瀚 | BM29: 信立 | BN29: 天瀚 | BO29: 天瀚 | BP29: 天瀚 | BQ29: 天瀚 | BR29: 天瀚 | BS29: 天瀚 | BT29: 新零售 | BU29: 新零售 | BV29: 天剛 | BW29: 新零售 | BX29: 泰偉 | BY29: 新零售 | BZ29: 印鉐 | CA29: 中茂 | CB29: 德宏 | CC29: 麗升能源 | CD29: 中茂 | CE29: 中茂 | CF29: 長華* | CG29: 長華* | CH29: 長華* | CI29: 勝昱 | CJ29: 長華* | CK29: 長華* | CL29: 長華* | CM29: 長華* | CN29: 中茂 | CO29: 長華* | CP29: 長華* | CQ29: 恒大 | CR29: 科風 | CS29: 中茂 | CT29: 恒大 | CU29: 泰偉 | CV29: 恒大 | CW29: 安鈦克 | CX29: 華冠 | CY29: 安鈦克 | CZ29: 華冠 | DA29: 正峰 | DB29: 世紀 | DC29: 燁興 | DD29: 印鉐 | DE29: 一詮 | DF29: 一詮 | DG29: 德宏 | DH29: 正峰 | DI29: 印鉐 | DJ29: 天瀚 | DK29: 天瀚 | DL29: 凱鈺 | DM29: 潤泰新 | DN29: 郡都開發 | DO29: 郡都開發 | DP29: 愛地雅 | DQ29: 愛地雅 | DR29: 皇家美食 | DS29: 萬海 | DT29: 皇家美食 | DU29: 天揚 | DV29: 新零售 | DW29: 勝昱 | DX29: 連宇 | DY29: 連宇 | DZ29: 沛亨 | EA29: 東訊 | EB29: 東訊 | EC29: 東訊 | ED29: 東訊 | EE29: 東訊 | EF29: 東訊
B30: 高 | C30: 2540 | D30: 5364 | E30: 5364 | F30: 5364 | G30: 5364 | H30: 5364 | I30: 5364 | J30: 5364 | K30: 5364 | L30: 8941 | M30: 5364 | N30: 5364 | O30: 2408 | P30: 2323 | Q30: 2408 | R30: 2408 | S30: 2408 | T30: 2408 | U30: 2408 | V30: 2408 | W30: 2323 | X30: 5455 | Y30: 1449 | Z30: 4413 | AA30: 4502 | AB30: 4502 | AC30: 4502 | AD30: 4502 | AE30: 4502 | AF30: 4502 | AG30: 4502 | AH30: 2323 | AI30: 2323 | AJ30: 2323 | AK30: 2496 | AL30: 6246 | AM30: 2323 | AN30: 2323 | AO30: 2323 | AP30: 2323 | AQ30: 6246 | AR30: 2496 | AS30: 2496 | AT30: 2496 | AU30: 2496 | AV30: 2337 | AW30: 2337 | AX30: 2337 | AY30: 1475 | AZ30: 4303 | BA30: 6150 | BB30: 3252 | BC30: 6150 | BD30: 2330 | BE30: 2330 | BF30: 2330 | BG30: 2330 | BH30: 2342 | BI30: 2330 | BJ30: 1906 | BK30: 2388 | BL30: 8085 | BM30: 1529 | BN30: 8085 | BO30: 8085 | BP30: 8085 | BQ30: 3252 | BR30: 2409 | BS30: 3252 | BT30: 1529 | BU30: 1529 | BV30: 1529 | BW30: 5340 | BX30: 4702 | BY30: 2429 | BZ30: 5608 | CA30: 2330 | CB30: 1325 | CC30: 2330 | CD30: 5608 | CE30: 2330 | CF30: 1325 | CG30: 1325 | CH30: 1325 | CI30: 2330 | CJ30: 6204 | CK30: 6259 | CL30: 3086 | CM30: 6259 | CN30: 2330 | CO30: 2609 | CP30: 2609 | CQ30: 5475 | CR30: 2609 | CS30: 2330 | CT30: 5475 | CU30: 5475 | CV30: 5475 | CW30: 5475 | CX30: 1906 | CY30: 2364 | CZ30: 1906 | DA30: 2330 | DB30: 2330 | DC30: 2364 | DD30: 2330 | DE30: 2364 | DF30: 2364 | DG30: 2364 | DH30: 2330 | DI30: 2330 | DJ30: 2362 | DK30: 3252 | DL30: 3043 | DM30: 3043 | DN30: 3043 | DO30: 5314 | DP30: 3043 | DQ30: 5314 | DR30: 1906 | DS30: 8077 | DT30: 1314 | DU30: 2330 | DV30: 5314 | DW30: 2330 | DX30: 5314 | DY30: 5314 | DZ30: 5314 | EA30: 2330 | EB30: 2330 | EC30: 2330 | ED30: 2330 | EE30: 2330 | EF30: 2330
B31: 公司名稱 | C31: 愛山林 | D31: 力麗店 | E31: 力麗店 | F31: 力麗店 | G31: 力麗店 | H31: 力麗店 | I31: 力麗店 | J31: 力麗店 | K31: 力麗店 | L31: 關中 | M31: 力麗店 | N31: 力麗店 | O31: 南亞科 | P31: 中環 | Q31: 南亞科 | R31: 南亞科 | S31: 南亞科 | T31: 南亞科 | U31: 南亞科 | V31: 南亞科 | W31: 中環 | X31: 昇益 | Y31: 佳和 | Z31: 飛寶企業 | AA31: 健信 | AB31: 健信 | AC31: 健信 | AD31: 健信 | AE31: 健信 | AF31: 健信 | AG31: 健信 | AH31: 中環 | AI31: 中環 | AJ31: 中環 | AK31: 卓越 | AL31: 臺龍 | AM31: 中環 | AN31: 中環 | AO31: 中環 | AP31: 中環 | AQ31: 臺龍 | AR31: 卓越 | AS31: 卓越 | AT31: 卓越 | AU31: 卓越 | AV31: 旺宏 | AW31: 旺宏 | AX31: 旺宏 | AY31: 業旺 | AZ31: 信立 | BA31: 撼訊 | BB31: 海灣 | BC31: 撼訊 | BD31: 台積電 | BE31: 台積電 | BF31: 台積電 | BG31: 台積電 | BH31: 茂矽 | BI31: 台積電 | BJ31: 寶隆 | BK31: 威盛 | BL31: 福華 | BM31: 樂事綠能 | BN31: 福華 | BO31: 福華 | BP31: 福華 | BQ31: 海灣 | BR31: 友達 | BS31: 海灣 | BT31: 樂事綠能 | BU31: 樂事綠能 | BV31: 樂事綠能 | BW31: 建榮 | BX31: 中美實 | BY31: 銘旺科 | BZ31: 四維航 | CA31: 台積電 | CB31: 恒大 | CC31: 台積電 | CD31: 四維航 | CE31: 台積電 | CF31: 恒大 | CG31: 恒大 | CH31: 恒大 | CI31: 台積電 | CJ31: 艾華 | CK31: 百徽 | CL31: 華義 | CM31: 百徽 | CN31: 台積電 | CO31: 陽明 | CP31: 陽明 | CQ31: 德宏 | CR31: 陽明 | CS31: 台積電 | CT31: 德宏 | CU31: 德宏 | CV31: 德宏 | CW31: 德宏 | CX31: 寶隆 | CY31: 倫飛 | CZ31: 寶隆 | DA31: 台積電 | DB31: 台積電 | DC31: 倫飛 | DD31: 台積電 | DE31: 倫飛 | DF31: 倫飛 | DG31: 倫飛 | DH31: 台積電 | DI31: 台積電 | DJ31: 藍天 | DK31: 海灣 | DL31: 科風 | DM31: 科風 | DN31: 科風 | DO31: 世紀 | DP31: 科風 | DQ31: 世紀 | DR31: 寶隆 | DS31: 洛碁 | DT31: 中石化 | DU31: 台積電 | DV31: 世紀 | DW31: 台積電 | DX31: 世紀 | DY31: 世紀 | DZ31: 世紀 | EA31: 台積電 | EB31: 台積電 | EC31: 台積電 | ED31: 台積電 | EE31: 台積電 | EF31: 台積電

Sheet 夏普比率
A1: NN1
B2: Time | C2: 2013/12 | D2: 2014/01 | E2: 2014/02 | F2: 2014/03 | G2: 2014/04 | H2: 2014/05 | I2: 2014/06 | J2: 2014/07 | K2: 2014/08 | L2: 2014/09 | M2: 2014/10 | N2: 2014/11 | O2: 2014/12 | P2: 2015/01 | Q2: 2015/02 | R2: 2015/03 | S2: 2015/04 | T2: 2015/05 | U2: 2015/06 | V2: 2015/07 | W2: 2015/08 | X2: 2015/09 | Y2: 2015/10 | Z2: 2015/11 | AA2: 2015/12 | AB2: 2016/01 | AC2: 2016/02 | AD2: 2016/03 | AE2: 2016/04 | AF2: 2016/05 | AG2: 2016/06 | AH2: 2016/07 | AI2: 2016/08 | AJ2: 2016/09 | AK2: 2016/10 | AL2: 2016/11 | AM2: 2016/12 | AN2: 2017/01 | AO2: 2017/02 | AP2: 2017/03 | AQ2: 2017/04 | AR2: 2017/05 | AS2: 2017/06 | AT2: 2017/07 | AU2: 2017/08 | AV2: 2017/09 | AW2: 2017/10 | AX2: 2017/11 | AY2: 2017/12 | AZ2: 2018/01 | BA2: 2018/02 | BB2: 2018/03 | BC2: 2018/04 | BD2: 2018/05 | BE2: 2018/06 | BF2: 2018/07 | BG2: 2018/08 | BH2: 2018/09 | BI2: 2018/10 | BJ2: 2018/11 | BK2: 2018/12 | BL2: 2019/01 | BM2: 2019/02 | BN2: 2019/03 | BO2: 2019/04 | BP2: 2019/05 | BQ2: 2019/06 | BR2: 2019/07 | BS2: 2019/08 | BT2: 2019/09 | BU2: 2019/10 | BV2: 2019/11 | BW2: 2019/12 | BX2: 2020/01 | BY2: 2020/02 | BZ2: 2020/03 | CA2: 2020/04 | CB2: 2020/05 | CC2: 2020/06 | CD2: 2020/07 | CE2: 2020/08 | CF2: 2020/09 | CG2: 2020/10 | CH2: 2020/11 | CI2: 2020/12 | CJ2: 2021/01 | CK2: 2021/02 | CL2: 2021/03 | CM2: 2021/04 | CN2: 2021/05 | CO2: 2021/06 | CP2: 2021/07 | CQ2: 2021/08 | CR2: 2021/09 | CS2: 2021/10 | CT2: 2021/11 | CU2: 2021/12 | CV2: 2022/01 | CW2: 2022/02 | CX2: 2022/03 | CY2: 2022/04 | CZ2: 2022/05 | DA2: 2022/06 | DB2: 2022/07 | DC2: 2022/08 | DD2: 2022/09 | DE2: 2022/10 | DF2: 2022/11 | DG2: 2022/12 | DH2: 2023/01 | DI2: 2023/02 | DJ2: 2023/03 | DK2: 2023/04 | DL2: 2023/05 | DM2: 2023/06 | DN2: 2023/07 | DO2: 2023/08 | DP2: 2023/09 | DQ2: 2023/10 | DR2: 2023/11 | DS2: 2023/12 | DT2: 2024/01 | DU2: 2024/02 | DV2: 2024/03 | DW2: 2024/04 | DX2: 2024/05 | DY2: 2024/06 | DZ2: 2024/07 | EA2: 2024/08 | EB2: 2024/09 | EC2: 2024/10 | ED2: 2024/11 | EE2: 2024/12 | EF2: 2025/01
B3: bm | C3: -0.091369018 | D3: -0.11085416 | E3: 0.0010956228 | F3: -0.13442956 | G3: -0.17466807 | H3: 0.0054118875 | I3: -0.035852931 | J3: -0.077711277 | K3: -0.014497202 | L3: -0.047656506 | M3: -0.057244118 | N3: 2.6820228e-05 | O3: -0.030116424 | P3: -0.040258028 | Q3: 0.0037178267 | R3: 0.02920155 | S3: 0.0077254642 | T3: -0.058597654 | U3: 0.00065108575 | V3: -0.10709821 | W3: -0.19089989 | X3: -0.071200095 | Y3: -0.10008328 | Z3: -0.049232095 | AA3: -0.020465598 | AB3: -0.069066942 | AC3: -0.05033315 | AD3: -0.019147269 | AE3: -0.010799496 | AF3: 0.010335859 | AG3: 0.0060158502 | AH3: -0.26610976 | AI3: -0.14365202 | AJ3: -0.2545194 | AK3: 0.028104119 | AL3: -0.051742584 | AM3: -0.082977191 | AN3: -0.07035096 | AO3: -0.19681084 | AP3: -0.25679255 | AQ3: -0.059776843 | AR3: -0.041728809 | AS3: -0.08194682 | AT3: -0.13346004 | AU3: 0.0036019981 | AV3: 0.0079997703 | AW3: 0.0024315715 | AX3: 0.01277367 | AY3: 0.0027071089 | AZ3: 0.014640374 | BA3: 0.036530185 | BB3: 0.033319384 | BC3: 0.011332087 | BD3: -0.00077839196 | BE3: -0.017046392 | BF3: -0.028747007 | BG3: -0.0037359297 | BH3: 0.030615002 | BI3: -0.0013157427 | BJ3: -0.065720931 | BK3: -0.040063486 | BL3: -0.08897166 | BM3: -0.021720856 | BN3: -0.068609193 | BO3: -0.055181742 | BP3: -0.085352331 | BQ3: -0.036593899 | BR3: 0.035782557 | BS3: 0.033818975 | BT3: 0.037881386 | BU3: 0.033238206 | BV3: 0.046295919 | BW3: 0.035180662 | BX3: 0.02476749 | BY3: 0.033294946 | BZ3: 0.052433897 | CA3: 0.0048576407 | CB3: 0.037053939 | CC3: 0.026344806 | CD3: 0.036022436 | CE3: 0.026176233 | CF3: 0.018041616 | CG3: 0.014337597 | CH3: 0.010813093 | CI3: 0.0093775922 | CJ3: 0.03141886 | CK3: 0.029902643 | CL3: 0.028130077 | CM3: 0.017964363 | CN3: 0.0068069855 | CO3: 0.042052153 | CP3: 0.033009041 | CQ3: 0.023710907 | CR3: 0.026173286 | CS3: 0.019619772 | CT3: 0.014876774 | CU3: 0.040978026 | CV3: 0.0395329 | CW3: 0.024221046 | CX3: 0.042955689 | CY3: 0.028871555 | CZ3: 0.047397841 | DA3: 0.028573086 | DB3: 0.025090832 | DC3: 0.020950638 | DD3: 0.020789521 | DE3: 0.033207852 | DF3: 0.029750263 | DG3: 0.019087659 | DH3: 0.023787431 | DI3: 0.019194495 | DJ3: 0.035664935 | DK3: 0.037067931 | DL3: 0.024737032 | DM3: 0.031437267 | DN3: 0.025900939 | DO3: 0.022398051 | DP3: 0.019147078 | DQ3: 0.024746008 | DR3: 0.038861591 | DS3: 0.029537344 | DT3: 0.036585744 | DU3: 0.010436187 | DV3: 0.013549604 | DW3: 0.030600432 | DX3: 0.030763229 | DY3: 0.026879475 | DZ3: 0.038272426 | EA3: 0.037800625 | EB3: 0.0092485007 | EC3: 0.010824578 | ED3: 0.031915292 | EE3: 0.019924693 | EF3: 0.036655359
B4: size | C4: 0.045735888 | D4: 0.14219648 | E4: 0.12357825 | F4: 0.10848226 | G4: 0.095342577 | H4: 0.090842672 | I4: 0.07617455 | J4: 0.059771746 | K4: 0.06868922 | L4: 0.060447685 | M4: 0.027975643 | N4: 0.0097275795 | O4: 0.0093574636 | P4: -0.0017969056 | Q4: -0.0025195966 | R4: -0.003085715 | S4: -0.0031058353 | T4: -0.0042619519 | U4: -0.0093749613 | V4: -0.011537377 | W4: -0.011927816 | X4: -0.012192427 | Y4: -0.015751872 | Z4: -0.017309032 | AA4: -0.01748802 | AB4: -0.018466573 | AC4: -0.018643722 | AD4: -0.01895369 | AE4: -0.019215077 | AF4: -0.020113235 | AG4: -0.020260951 | AH4: -0.020400111 | AI4: -0.022575289 | AJ4: -0.022869756 | AK4: -0.023673112 | AL4: -0.050100833 | AM4: -0.029040024 | AN4: -0.029105987 | AO4: -0.030611878 | AP4: -0.030782696 | AQ4: -0.027796578 | AR4: -0.027182344 | AS4: -0.024847416 | AT4: -0.025312619 | AU4: -0.02542959 | AV4: -0.025587805 | AW4: -0.025955684 | AX4: -0.026252424 | AY4: -0.033910792 | AZ4: -0.028038723 | BA4: -0.027945993 | BB4: -0.032719225 | BC4: -0.032609779 | BD4: -0.03206097 | BE4: -0.032296058 | BF4: -0.032346584 | BG4: -0.032194518 | BH4: -0.019704346 | BI4: -0.027803266 | BJ4: -0.028010786 | BK4: -0.030229433 | BL4: -0.029914387 | BM4: -0.031547844 | BN4: -0.038578428 | BO4: -0.029772218 | BP4: -0.036932468 | BQ4: -0.03365827 | BR4: -0.011724529 | BS4: -0.015890749 | BT4: -0.020781642 | BU4: -0.020965751 | BV4: -0.017983368 | BW4: -0.022088327 | BX4: -0.030406095 | BY4: -0.03080483 | BZ4: -0.030603508 | CA4: -0.030999789 | CB4: -0.026412753 | CC4: -0.028904116 | CD4: -0.028219866 | CE4: -0.028157502 | CF4: -0.030116478 | CG4: -0.030005787 | CH4: -0.030040558 | CI4: -0.031394515 | CJ4: -0.031854711 | CK4: -0.031971924 | CL4: -0.035468247 | CM4: -0.031219956 | CN4: -0.035869151 | CO4: -0.031749379 | CP4: -0.031618152 | CQ4: -0.027020266 | CR4: -0.025449879 | CS4: -0.029090226 | CT4: -0.025807582 | CU4: -0.026407244 | CV4: -0.02782541 | CW4: -0.034329791 | CX4: -0.027993789 | CY4: -0.026280265 | CZ4: -0.027791232 | DA4: -0.029591462 | DB4: -0.034101341 | DC4: -0.03484321 | DD4: -0.032262605 | DE4: -0.028815899 | DF4: -0.02832257 | DG4: -0.026369631 | DH4: -0.031315241 | DI4: -0.029898226 | DJ4: -0.029556438 | DK4: -0.028653093 | DL4: -0.02926722 | DM4: -0.029532833 | DN4: -0.031904288 | DO4: -0.027400294 | DP4: -0.033020105 | DQ4: -0.026945302 | DR4: -0.028060446 | DS4: -0.027914209 | DT4: -0.027555149 | DU4: -0.025405545 | DV4: -0.026828792 | DW4: -0.037095267 | DX4: -0.027448662 | DY4: -0.031317905 | DZ4: -0.0242904 | EA4: -0.083518818 | EB4: -0.077344619 | EC4: -0.070242889 | ED4: -0.063896284 | EE4: -0.097872823 | EF4: -0.07682889
B5: mom | C5: 0.50836325 | D5: 0.76913774 | E5: 0.54195535 | F5: 1.1543282 | G5: 0.54750556 | H5: 0.91896617 | I5: 0.66497213 | J5: 0.96098614 | K5: 1.0693189 | L5: 0.58301491 | M5: 0.48336148 | N5: 0.43350995 | O5: 0.063416295 | P5: 0.033898823 | Q5: -0.63935673 | R5: -0.050250471 | S5: 0.066091195 | T5: -0.060526483 | U5: -0.05088184 | V5: 0.12953432 | W5: 0.1782714 | X5: 0.22364642 | Y5: 0.26079547 | Z5: 0.17032516 | AA5: 0.14871091 | AB5: 0.13639477 | AC5: 0.10649753 | AD5: 0.10512894 | AE5: 0.098157518 | AF5: 0.080513276 | AG5: 0.058855694 | AH5: 0.030879952 | AI5: -0.01261719 | AJ5: 0.041990966 | AK5: 0.075650394 | AL5: 0.066236444 | AM5: 0.032869942 | AN5: 0.036517307 | AO5: 0.068531297 | AP5: 0.065215103 | AQ5: 0.14007755 | AR5: 0.16342324 | AS5: 0.18792152 | AT5: 0.19995156 | AU5: 0.19402838 | AV5: 0.15869357 | AW5: -0.035683066 | AX5: 0.03622634 | AY5: 0.11327735 | AZ5: 0.10470727 | BA5: 0.068495058 | BB5: -0.0073811114 | BC5: -0.037875481 | BD5: -0.023798844 | BE5: 0.001822005 | BF5: -0.023551453 | BG5: 0.00052555325 | BH5: 0.059344802 | BI5: 0.01402873 | BJ5: 0.0082117841 | BK5: 0.05560239 | BL5: -0.031602059 | BM5: 0.065659098 | BN5: -0.050475221 | BO5: -0.054688156 | BP5: -0.0030284571 | BQ5: 0.0079566333 | BR5: -0.027654411 | BS5: -0.0060201874 | BT5: 0.043329164 | BU5: 0.048520129 | BV5: 0.1427042 | BW5: 0.13052307 | BX5: 0.05240079 | BY5: 0.060546339 | BZ5: 0.0057873824 | CA5: -0.029747102 | CB5: -0.039389633 | CC5: 0.013708961 | CD5: 0.01496346 | CE5: 0.019200653 | CF5: 0.043813094 | CG5: 0.03011325 | CH5: 0.043025322 | CI5: 0.029372282 | CJ5: 0.041782275 | CK5: 0.03730081 | CL5: 0.060941599 | CM5: -0.038412053 | CN5: 0.023074511 | CO5: 0.15895571 | CP5: -0.036965128 | CQ5: 0.069797367 | CR5: -0.033767849 | CS5: 0.026915153 | CT5: 0.053638488 | CU5: 0.063532986 | CV5: 0.055906884 | CW5: 0.048717335 | CX5: 0.03190903 | CY5: 0.029662585 | CZ5: 0.036755949 | DA5: 0.026317593 | DB5: 0.02768035 | DC5: 0.037085291 | DD5: 0.019733299 | DE5: 0.041370407 | DF5: 0.040565908 | DG5: 0.033224057 | DH5: 0.024580572 | DI5: -0.028816845 | DJ5: 0.029332105 | DK5: 0.03270904 | DL5: 0.035447288 | DM5: 0.049034216 | DN5: -0.11219849 | DO5: 0.053319719 | DP5: 0.053090192 | DQ5: 0.067249388 | DR5: 0.038297854 | DS5: 0.045268748 | DT5: 0.0085754991 | DU5: 0.0015342087 | DV5: 0.038169108 | DW5: 0.030193541 | DX5: 0.034144994 | DY5: 0.054498199 | DZ5: 0.043653317 | EA5: 0.021745306 | EB5: 0.0062471032 | EC5: 0.021422952 | ED5: 0.017024625 | EE5: 0.053500138 | EF5: 0.057897598
A6: 選絕對值最大 | C6: {=MATCH(MAX(ABS(C3:C5)),ABS(C3:C5),0)} -> 3 | D6: {=MATCH(MAX(ABS(D3:D5)),ABS(D3:D5),0)} -> 3 | E6: {=MATCH(MAX(ABS(E3:E5)),ABS(E3:E5),0)} -> 3 | F6: {=MATCH(MAX(ABS(F3:F5)),ABS(F3:F5),0)} -> 3 | G6: {=MATCH(MAX(ABS(G3:G5)),ABS(G3:G5),0)} -> 3 | H6: {=MATCH(MAX(ABS(H3:H5)),ABS(H3:H5),0)} -> 3 | I6: {=MATCH(MAX(ABS(I3:I5)),ABS(I3:I5),0)} -> 3 | J6: {=MATCH(MAX(ABS(J3:J5)),ABS(J3:J5),0)} -> 3 | ... EF6: {=MATCH(MAX(ABS(EF3:EF5)),ABS(EF3:EF5),0)} -> 2
C7: =IF(C6=1,"bm",IF(C6=2,"size",IF(C6=3,"mom"))) -> mom | D7: =IF(D6=1,"bm",IF(D6=2,"size",IF(D6=3,"mom"))) -> mom | E7: =IF(E6=1,"bm",IF(E6=2,"size",IF(E6=3,"mom"))) -> mom | F7: =IF(F6=1,"bm",IF(F6=2,"size",IF(F6=3,"mom"))) -> mom | G7: =IF(G6=1,"bm",IF(G6=2,"size",IF(G6=3,"mom"))) -> mom | H7: =IF(H6=1,"bm",IF(H6=2,"size",IF(H6=3,"mom"))) -> mom | I7: =IF(I6=1,"bm",IF(I6=2,"size",IF(I6=3,"mom"))) -> mom | J7: =IF(J6=1,"bm",IF(J6=2,"size",IF(J6=3,"mom"))) -> mom | ... EF7: =IF(EF6=1,"bm",IF(EF6=2,"size",IF(EF6=3,"mom"))) -> size
C8: =IF(C6=1,C3,IF(C6=2,C4,IF(C6=3,C5))) -> 0.50836325 | D8: =IF(D6=1,D3,IF(D6=2,D4,IF(D6=3,D5))) -> 0.76913774 | E8: =IF(E6=1,E3,IF(E6=2,E4,IF(E6=3,E5))) -> 0.54195535 | F8: =IF(F6=1,F3,IF(F6=2,F4,IF(F6=3,F5))) -> 1.1543282 | G8: =IF(G6=1,G3,IF(G6=2,G4,IF(G6=3,G5))) -> 0.54750556 | H8: =IF(H6=1,H3,IF(H6=2,H4,IF(H6=3,H5))) -> 0.91896617 | I8: =IF(I6=1,I3,IF(I6=2,I4,IF(I6=3,I5))) -> 0.66497213 | J8: =IF(J6=1,J3,IF(J6=2,J4,IF(J6=3,J5))) -> 0.96098614 | ... EF8: =IF(EF6=1,EF3,IF(EF6=2,EF4,IF(EF6=3,EF5))) -> -0.07682889
A10: 投資組合 | C10: 公司數 | D10: 964
A11: 等分 | B11: 分數 | C11: 2014/01 | D11: 2014/02 | E11: 2014/03 | F11: 2014/04 | G11: 2014/05 | H11: 2014/06 | I11: 2014/07 | J11: 2014/08 | K11: 2014/09 | L11: 2014/10 | M11: 2014/11 | N11: 2014/12 | O11: 2015/01 | P11: 2015/02 | Q11: 2015/03 | R11: 2015/04 | S11: 2015/05 | T11: 2015/06 | U11: 2015/07 | V11: 2015/08 | W11: 2015/09 | X11: 2015/10 | Y11: 2015/11 | Z11: 2015/12 | AA11: 2016/01 | AB11: 2016/02 | AC11: 2016/03 | AD11: 2016/04 | AE11: 2016/05 | AF11: 2016/06 | AG11: 2016/07 | AH11: 2016/08 | AI11: 2016/09 | AJ11: 2016/10 | AK11: 2016/11 | AL11: 2016/12 | AM11: 2017/01 | AN11: 2017/02 | AO11: 2017/03 | AP11: 2017/04 | AQ11: 2017/05 | AR11: 2017/06 | AS11: 2017/07 | AT11: 2017/08 | AU11: 2017/09 | AV11: 2017/10 | AW11: 2017/11 | AX11: 2017/12 | AY11: 2018/01 | AZ11: 2018/02 | BA11: 2018/03 | BB11: 2018/04 | BC11: 2018/05 | BD11: 2018/06 | BE11: 2018/07 | BF11: 2018/08 | BG11: 2018/09 | BH11: 2018/10 | BI11: 2018/11 | BJ11: 2018/12 | BK11: 2019/01 | BL11: 2019/02 | BM11: 2019/03 | BN11: 2019/04 | BO11: 2019/05 | BP11: 2019/06 | BQ11: 2019/07 | BR11: 2019/08 | BS11: 2019/09 | BT11: 2019/10 | BU11: 2019/11 | BV11: 2019/12 | BW11: 2020/01 | BX11: 2020/02 | BY11: 2020/03 | BZ11: 2020/04 | CA11: 2020/05 | CB11: 2020/06 | CC11: 2020/07 | CD11: 2020/08 | CE11: 2020/09 | CF11: 2020/10 | CG11: 2020/11 | CH11: 2020/12 | CI11: 2021/01 | CJ11: 2021/02 | CK11: 2021/03 | CL11: 2021/04 | CM11: 2021/05 | CN11: 2021/06 | CO11: 2021/07 | CP11: 2021/08 | CQ11: 2021/09 | CR11: 2021/10 | CS11: 2021/11 | CT11: 2021/12 | CU11: 2022/01 | CV11: 2022/02 | CW11: 2022/03 | CX11: 2022/04 | CY11: 2022/05 | CZ11: 2022/06 | DA11: 2022/07 | DB11: 2022/08 | DC11: 2022/09 | DD11: 2022/10 | DE11: 2022/11 | DF11: 2022/12 | DG11: 2023/01 | DH11: 2023/02 | DI11: 2023/03 | DJ11: 2023/04 | DK11: 2023/05 | DL11: 2023/06 | DM11: 2023/07 | DN11: 2023/08 | DO11: 2023/09 | DP11: 2023/10 | DQ11: 2023/11 | DR11: 2023/12 | DS11: 2024/01 | DT11: 2024/02 | DU11: 2024/03 | DV11: 2024/04 | DW11: 2024/05 | DX11: 2024/06 | DY11: 2024/07 | DZ11: 2024/08 | EA11: 2024/09 | EB11: 2024/10 | EC11: 2024/11 | ED11: 2024/12 | EE11: 2025/01 | EF11: 2025/02 | EG11: 平均值 | EH11: 標準差 | EI11: 夏普比率
A12: 10 | B12: 96 | C12: -0.014499247 | D12: 0.014678551 | E12: -0.0013937245 | F12: -0.055959385 | G12: 0.031947449 | H12: 0.0095992584 | I12: -0.0086581523 | J12: 0.0073897937 | K12: 0.029187998 | L12: 0.008758556 | M12: 0.026889174 | N12: -0.034703354 | O12: 0.027914759 | P12: 0.021420421 | Q12: -0.0051156834 | R12: -0.013153489 | S12: 0.01105503 | T12: -0.047867716 | U12: 0.0013565231 | V12: 0.0095109537 | W12: -0.022278442 | X12: -0.10964075 | Y12: 0.020598394 | Z12: -0.053152087 | AA12: 0.026918479 | AB12: 0.01073333 | AC12: -0.046772946 | AD12: -0.0025304298 | AE12: 0.046437717 | AF12: -0.052012103 | AG12: -0.0038149304 | AH12: -0.013405805 | AI12: -0.019506051 | AJ12: -0.012983748 | AK12: -0.016475368 | AL12: -0.04780049 | AM12: -0.030086116 | AN12: -0.069233234 | AO12: -0.002228793 | AP12: 0.033718345 | AQ12: -0.0016969306 | AR12: 0.022223026 | AS12: 0.019976273 | AT12: 0.072195382 | AU12: 0.0037135364 | AV12: 0.053715631 | AW12: -0.017169705 | AX12: -0.044696012 | AY12: 0.017491322 | AZ12: -0.023614553 | BA12: -0.02643433 | BB12: 0.015274605 | BC12: -0.026690966 | BD12: 0.049233948 | BE12: -0.045598219 | BF12: -0.023600698 | BG12: 0.010003802 | BH12: -0.035079589 | BI12: 0.020838031 | BJ12: 0.00079599332 | BK12: -0.0006573835 | BL12: -0.024709246 | BM12: 0.050305685 | BN12: -0.011516536 | BO12: -0.02424631 | BP12: 0.010508985 | BQ12: -0.01389675 | BR12: -0.0022610085 | BS12: 0.018863293 | BT12: 0.016364783 | BU12: 0.016915017 | BV12: -0.042282389 | BW12: -0.044477004 | BX12: -0.0069851539 | BY12: 0.058929916 | BZ12: 0.045356946 | CA12: 0.014580583 | CB12: 0.027173863 | CC12: 0.065566042 | CD12: 0.11093363 | CE12: 0.15400716 | CF12: 0.0080212745 | CG12: -0.04927796 | CH12: -0.016463112 | CI12: -0.024341229 | CJ12: 0.054120067 | CK12: 0.056101441 | CL12: 0.07844028 | CM12: 0.026353951 | CN12: -0.02330725 | CO12: -0.024819785 | CP12: 0.001005022 | CQ12: -0.062684347 | CR12: 0.057159987 | CS12: -0.014509312 | CT12: -0.0093290632 | CU12: -0.074779529 | CV12: 0.065033306 | CW12: 0.013036669 | CX12: 0.060989883 | CY12: 0.016420596 | CZ12: 0.077792327 | DA12: 0.036978521 | DB12: 0.088981854 | DC12: -0.0045013638 | DD12: -0.039091417 | DE12: -0.024737644 | DF12: 0.01162432 | DG12: -0.047394422 | DH12: 0.061195427 | DI12: 0.05974901 | DJ12: 0.0080625983 | DK12: -0.015945953 | DL12: 0.018669833 | DM12: 0.0091434933 | DN12: 0.018541443 | DO12: -0.019030728 | DP12: -0.059408695 | DQ12: 0.074540647 | DR12: 0.018778943 | DS12: 0.046024279 | DT12: -0.045297883 | DU12: -0.057230229 | DV12: -0.016751442 | DW12: 0.044967552 | DX12: 0.018099137 | DY12: 0.062728222 | DZ12: 0.02003889 | EA12: 0.051097698 | EB12: 0.0057861667 | EC12: -0.0098060417 | ED12: -0.00695775 | EE12: -0.026506688 | EF12: 0.029233396 | EG12: =AVERAGE(C12:EF12) -> 0.0047816548 | EH12: =STDEV(C12:EF12) -> 0.040153353 | EI12: =EG12/EH12 -> 0.11908482
A13: 20 | B13: 48 | C13: 0.0074773642 | D13: -0.00545686 | E13: -0.0055236267 | F13: -0.059986527 | G13: 0.012047404 | H13: 0.017388387 | I13: 0.032285992 | J13: 0.023000409 | K13: 0.060326139 | L13: 0.02198047 | M13: 0.0032797582 | N13: -0.043392417 | O13: 0.017422699 | P13: 0.020856913 | Q13: 0.017456384 | R13: -0.016510711 | S13: -0.006013803 | T13: -0.074234082 | U13: -0.028761331 | V13: 0.0022166399 | W13: -0.031103088 | X13: -0.12112777 | Y13: -0.0066833587 | Z13: -0.081251402 | AA13: 0.047712648 | AB13: 0.015001573 | AC13: -0.0667717 | AD13: -0.020440228 | AE13: 0.077071417 | AF13: -0.073281161 | AG13: 0.0099052077 | AH13: -0.0096413392 | AI13: -0.01206755 | AJ13: 0.01628047 | AK13: -0.03835939 | AL13: -0.049258885 | AM13: -0.046282444 | AN13: -0.10533024 | AO13: -0.0093111879 | AP13: 0.05955084 | AQ13: -0.0023400742 | AR13: 0.020848044 | AS13: 0.023404964 | AT13: 0.086422915 | AU13: -0.015695418 | AV13: 0.079665976 | AW13: -0.026821238 | AX13: -0.032799832 | AY13: 0.014262204 | AZ13: -0.031220536 | BA13: -0.026188274 | BB13: 0.042875374 | BC13: -0.019110867 | BD13: 0.041676729 | BE13: -0.046048625 | BF13: -0.026302542 | BG13: 0.0083309167 | BH13: -0.041023656 | BI13: 0.025832708 | BJ13: 0.016847086 | BK13: -0.0088783959 | BL13: -0.03194786 | BM13: 0.053371769 | BN13: -0.011052542 | BO13: -0.030878716 | BP13: -0.0094326957 | BQ13: -0.041653064 | BR13: -0.0066814175 | BS13: 0.0074194718 | BT13: 0.00052107168 | BU13: 0.015527166 | BV13: -0.079930834 | BW13: -0.075714006 | BX13: -0.00074563881 | BY13: 0.039201957 | BZ13: 0.076138123 | CA13: 0.024012188 | CB13: 0.02601738 | CC13: 0.12011792 | CD13: 0.10508583 | CE13: 0.18382773 | CF13: -0.012043667 | CG13: -0.058014968 | CH13: -0.0040295061 | CI13: -0.0078951667 | CJ13: 0.054810181 | CK13: 0.065687126 | CL13: 0.072724175 | CM13: 0.014010735 | CN13: -0.030130667 | CO13: -0.035334344 | CP13: -0.020576996 | CQ13: -0.071178865 | CR13: 0.11164489 | CS13: 0.0039479583 | CT13: 0.00040854012 | CU13: -0.10709096 | CV13: 0.077656051 | CW13: 0.03630912 | CX13: 0.060033255 | CY13: 0.041201752 | CZ13: 0.05722422 | DA13: 0.049445771 | DB13: 0.10623525 | DC13: -0.014149867 | DD13: -0.051406292 | DE13: -0.022441996 | DF13: 0.017271632 | DG13: -0.07133576 | DH13: 0.088720708 | DI13: 0.089748125 | DJ13: -0.0033317562 | DK13: 0.012409074 | DL13: 0.022050691 | DM13: -0.011655894 | DN13: 0.012775889 | DO13: -0.044325139 | DP13: -0.058032309 | DQ13: 0.087129011 | DR13: 0.013771209 | DS13: 0.029915194 | DT13: -0.035426301 | DU13: -0.033005958 | DV13: -0.0098528048 | DW13: 0.042028479 | DX13: 0.02322961 | DY13: 0.0095046248 | DZ13: 0.030285251 | EA13: 0.062118417 | EB13: 0.00020102083 | EC13: -0.018775021 | ED13: 0.0070839792 | EE13: -0.041234375 | EF13: 0.044513042 | EG13: =AVERAGE(C13:EF13) -> 0.0043301438 | EH13: =STDEV(C13:EF13) -> 0.049475679 | EI13: =EG13/EH13 -> 0.087520654
A14: 50 | B14: 19 | C14: 0.033228978 | D14: -0.14164365 | E14: -0.047920746 | F14: -0.060341905 | G14: 0.05365663 | H14: -0.011508261 | I14: 0.030100135 | J14: 0.045231574 | K14: 0.050827466 | L14: 0.056271085 | M14: -0.019021714 | N14: -0.057369427 | O14: 0.0014944079 | P14: 0.058345922 | Q14: 0.079297658 | R14: 0.017762309 | S14: -0.024806746 | T14: -0.035019555 | U14: -0.030556169 | V14: -0.0524213 | W14: -0.074008159 | X14: -0.1866857 | Y14: -0.055190991 | Z14: -0.11670403 | AA14: 0.099905879 | AB14: 0.027335979 | AC14: 0.0030865623 | AD14: -0.069874592 | AE14: 0.11683692 | AF14: -0.096080095 | AG14: 0.025329295 | AH14: -0.0052502779 | AI14: -0.072072951 | AJ14: -0.015059036 | AK14: -0.077475339 | AL14: -0.051230183 | AM14: -0.061242166 | AN14: -0.098594667 | AO14: -0.060905705 | AP14: 0.069976525 | AQ14: 0.02973338 | AR14: 0.0075826917 | AS14: -0.0066693384 | AT14: 0.07940348 | AU14: -0.057421613 | AV14: 0.066258749 | AW14: -0.053928681 | AX14: -0.019370213 | AY14: 0.0016905718 | AZ14: -0.06107058 | BA14: -0.066889832 | BB14: 0.061734282 | BC14: 0.028505683 | BD14: 0.016418895 | BE14: -0.024118105 | BF14: -0.0052420526 | BG14: 0.010496842 | BH14: -0.073413464 | BI14: 0.032270895 | BJ14: 0.020017224 | BK14: -0.03369142 | BL14: -0.059737767 | BM14: 0.046278325 | BN14: -0.020936538 | BO14: -0.033609046 | BP14: -0.015673733 | BQ14: -0.015843524 | BR14: -0.02792943 | BS14: -0.041493955 | BT14: -0.030726476 | BU14: 0.018002514 | BV14: -0.10798163 | BW14: -0.13089751 | BX14: 0.014335295 | BY14: -0.04260449 | BZ14: 0.060034057 | CA14: 0.033454632 | CB14: 0.05947706 | CC14: 0.12059521 | CD14: 0.09801671 | CE14: 0.17055484 | CF14: -0.04287741 | CG14: -0.057320664 | CH14: -0.04887967 | CI14: -0.0038281579 | CJ14: 0.017796116 | CK14: 0.053792087 | CL14: 0.13734357 | CM14: -0.0050971069 | CN14: -0.019401105 | CO14: -0.078763759 | CP14: -0.093659358 | CQ14: -0.0322279 | CR14: 0.20771971 | CS14: -0.0038151053 | CT14: -0.0096618863 | CU14: -0.101545 | CV14: 0.15139684 | CW14: 0.044763884 | CX14: 0.036299409 | CY14: 0.09636113 | CZ14: 0.064063563 | DA14: 0.065392579 | DB14: 0.10460805 | DC14: -0.042998542 | DD14: -0.053898895 | DE14: -0.062526924 | DF14: 0.064180408 | DG14: -0.087324806 | DH14: 0.058742579 | DI14: 0.086646789 | DJ14: 0.0010237243 | DK14: 0.019071063 | DL14: 0.040754872 | DM14: -0.032421917 | DN14: -0.044935741 | DO14: -0.070288549 | DP14: -0.062914808 | DQ14: 0.071172565 | DR14: 0.052622519 | DS14: 0.089437754 | DT14: -0.044516954 | DU14: -0.068796263 | DV14: -0.045153224 | DW14: 0.0018098947 | DX14: 0.027689697 | DY14: 0.047660987 | DZ14: 0.021697589 | EA14: 0.10752553 | EB14: -0.025110526 | EC14: -0.019289632 | ED14: -0.033598368 | EE14: 0.0033992632 | EF14: 0.025524211 | EG14: =AVERAGE(C14:EF14) -> -0.001485373 | EH14: =STDEV(C14:EF14) -> 0.065818327 | EI14: =EG14/EH14 -> -0.022567772
A15: 100 | B15: 10 | C15: 0.036350225 | D15: -0.27303487 | E15: -0.095344605 | F15: 0.034921437 | G15: 0.034403921 | H15: -0.0012437261 | I15: 0.079293091 | J15: 0.06212121 | K15: 0.094514798 | L15: 0.081171061 | M15: -0.0021330164 | N15: -0.10979619 | O15: -0.012270796 | P15: 0.064116183 | Q15: 0.045898731 | R15: 0.12669106 | S15: 0.08548789 | T15: -0.045891077 | U15: -0.07819939 | V15: -0.11012701 | W15: -0.10254359 | X15: -0.21118633 | Y15: -0.052028798 | Z15: -0.062704119 | AA15: 0.16085038 | AB15: 0.022166401 | AC15: -0.0043176688 | AD15: -0.081713375 | AE15: 0.21179264 | AF15: -0.13772629 | AG15: 0.044324544 | AH15: 0.033604373 | AI15: -0.085430111 | AJ15: -0.00946486 | AK15: -0.069361451 | AL15: -0.032360174 | AM15: -0.055122622 | AN15: -0.10168871 | AO15: -0.063369812 | AP15: 0.078285694 | AQ15: 0.036453319 | AR15: 0.017733826 | AS15: -0.048733221 | AT15: 0.070989813 | AU15: -0.077174077 | AV15: 0.037297929 | AW15: -0.091727473 | AX15: -0.081360566 | AY15: 0.029005659 | AZ15: -0.067846329 | BA15: 0.015151738 | BB15: 0.11272487 | BC15: 0.030936692 | BD15: 0.0073647 | BE15: -0.0462183 | BF15: -0.0569776 | BG15: 0.0137764 | BH15: -0.098649046 | BI15: 0.0263518 | BJ15: 0.011265027 | BK15: 0.045604932 | BL15: -0.059403871 | BM15: 0.048219004 | BN15: -0.04014257 | BO15: -0.027734476 | BP15: -0.014184221 | BQ15: -0.012802931 | BR15: -0.050157429 | BS15: -0.016823777 | BT15: -0.059850936 | BU15: -0.015140082 | BV15: -0.10464004 | BW15: -0.29887899 | BX15: 0.053851569 | BY15: -0.12602357 | BZ15: 0.10290647 | CA15: 0.0299629 | CB15: 0.092684106 | CC15: 0.1736496 | CD15: 0.12015208 | CE15: 0.0733674 | CF15: -0.04134943 | CG15: -0.085886022 | CH15: -0.081342608 | CI15: -0.069335 | CJ15: 0.040671717 | CK15: 0.095640748 | CL15: 0.16165447 | CM15: -0.046626536 | CN15: 0.0002176 | CO15: -0.10697924 | CP15: -0.13009875 | CQ15: 0.02496336 | CR15: 0.18148893 | CS15: 0.0169124 | CT15: 0.0049416704 | CU15: -0.12404993 | CV15: 0.18261155 | CW15: 0.026072091 | CX15: 0.024039607 | CY15: 0.092947904 | CZ15: 0.079886948 | DA15: 0.0888618 | DB15: 0.0970477 | DC15: -0.067692432 | DD15: -0.0675251 | DE15: -0.057163635 | DF15: -0.0060545263 | DG15: -0.11309156 | DH15: 0.1296235 | DI15: 0.042811 | DJ15: -0.051853853 | DK15: 0.10177483 | DL15: -0.0003039932 | DM15: -0.039052117 | DN15: -0.081730712 | DO15: -0.034104416 | DP15: -0.13430495 | DQ15: 0.037038689 | DR15: 0.070010567 | DS15: 0.0095715425 | DT15: -0.072163632 | DU15: -0.1171285 | DV15: -0.046727729 | DW15: -0.0608268 | DX15: 0.02154567 | DY15: -0.083673635 | DZ15: 0.036596498 | EA15: 0.1091777 | EB15: -0.056129 | EC15: -0.0177838 | ED15: -0.0723837 | EE15: -0.0031902 | EF15: 0.0296441 | EG15: =AVERAGE(C15:EF15) -> -0.0067827152 | EH15: =STDEV(C15:EF15) -> 0.08631425 | EI15: =EG15/EH15 -> -0.078581639
A16: 107 | B16: 9 | C16: 0.03943539 | D16: -0.23433798 | E16: -0.086704171 | F16: 0.078715472 | G16: 0.0081465507 | H16: -0.00064934946 | I16: 0.10921796 | J16: 0.073104639 | K16: 0.086420892 | L16: 0.085161604 | M16: -0.013987436 | N16: -0.1202425 | O16: -0.028587077 | P16: 0.061045232 | Q16: 0.081478643 | R16: 0.10310969 | S16: 0.10985904 | T16: -0.038406673 | U16: -0.091471935 | V16: -0.075571486 | W16: -0.10166568 | X16: -0.24053196 | Y16: -0.050278834 | Z16: -0.043010058 | AA16: 0.16615889 | AB16: 0.032295414 | AC16: 0.012765448 | AD16: -0.053136056 | AE16: 0.20962824 | AF16: -0.14791561 | AG16: 0.04377616 | AH16: 0.0317654 | AI16: -0.049078043 | AJ16: 0.0070259661 | AK16: -0.037433453 | AL16: -0.0054397026 | AM16: -0.066076731 | AN16: -0.1064562 | AO16: -0.061424672 | AP16: 0.077798368 | AQ16: 0.054497753 | AR16: 0.034371979 | AS16: -0.052642718 | AT16: 0.12256404 | AU16: -0.082090272 | AV16: 0.052080835 | AW16: -0.10898494 | AX16: -0.10062133 | AY16: 0.019601854 | AZ16: -0.088150182 | BA16: -0.033911562 | BB16: 0.10803892 | BC16: 0.038999392 | BD16: 0.0062841111 | BE16: -0.044140333 | BF16: -0.054584333 | BG16: 0.019331222 | BH16: -0.096162035 | BI16: 0.025620889 | BJ16: 0.020503816 | BK16: 0.051371625 | BL16: -0.070623566 | BM16: 0.039497985 | BN16: -0.047905833 | BO16: -0.02189036 | BP16: -0.020843184 | BQ16: -0.016478016 | BR16: -0.026296848 | BS16: -0.013191573 | BT16: -0.046660882 | BU16: -0.015064578 | BV16: -0.036585638 | BW16: -0.31797083 | BX16: 0.066559519 | BY16: -0.13255841 | BZ16: 0.11152585 | CA16: 0.027431 | CB16: 0.11586555 | CC16: 0.044386333 | CD16: 0.15507127 | CE16: 0.093613778 | CF16: -0.052800084 | CG16: -0.061727878 | CH16: -0.050448725 | CI16: -0.058343333 | CJ16: 0.029703385 | CK16: 0.08842269 | CL16: 0.19674044 | CM16: -0.0069997267 | CN16: 0.0096095556 | CO16: -0.13464021 | CP16: -0.11115145 | CQ16: 0.02033378 | CR16: 0.18928653 | CS16: 0.021808222 | CT16: 0.025557378 | CU16: -0.1354717 | CV16: 0.17225152 | CW16: 0.047341659 | CX16: 0.012240285 | CY16: 0.081280638 | CZ16: 0.10263326 | DA16: 0.11818056 | DB16: 0.098016667 | DC16: -0.083264052 | DD16: -0.074370111 | DE16: -0.0345524 | DF16: -0.0026980136 | DG16: -0.12637192 | DH16: 0.13714944 | DI16: 0.047828778 | DJ16: -0.029141406 | DK16: 0.13359436 | DL16: -0.021872874 | DM16: -0.018910374 | DN16: -0.11588673 | DO16: -0.046563866 | DP16: -0.16033399 | DQ16: 0.047070156 | DR16: 0.055191252 | DS16: -0.010423024 | DT16: -0.10053413 | DU16: -0.122773 | DV16: -0.045728317 | DW16: -0.071303111 | DX16: 0.021947728 | DY16: -0.094984864 | DZ16: 0.012649172 | EA16: 0.13979989 | EB16: -0.070877778 | EC16: -0.024936444 | ED16: -0.080285222 | EE16: -0.0043961111 | EF16: 0.034548444 | EG16: =AVERAGE(C16:EF16) -> -0.0042107563 | EH16: =STDEV(C16:EF16) -> 0.089717775 | EI16: =EG16/EH16 -> -0.046933356
A17: 120 | B17: 8 | C17: 0.038913469 | D17: -0.16854736 | E17: -0.096671109 | F17: 0.080752164 | G17: 0.10538707 | H17: 0.0079428568 | I17: 0.11307752 | J17: 0.048286948 | K17: 0.10156008 | L17: 0.042234791 | M17: 0.014659142 | N17: -0.10927783 | O17: -0.011306676 | P17: 0.066339369 | Q17: 0.10026683 | R17: 0.13642645 | S17: 0.11905439 | T17: -0.023342586 | U17: -0.062405902 | V17: -0.097259656 | W17: -0.11960398 | X17: -0.23798943 | Y17: -0.073623131 | Z17: -0.048325674 | AA17: 0.19128344 | AB17: 0.044538303 | AC17: 0.020086255 | AD17: -0.049777375 | AE17: 0.2221227 | AF17: -0.12028632 | AG17: 0.062640142 | AH17: 0.035472619 | AI17: -0.030587709 | AJ17: 0.042602631 | AK17: -0.02937589 | AL17: -0.027018182 | AM17: -0.075369368 | AN17: -0.11328712 | AO17: -0.012632335 | AP17: 0.077242814 | AQ17: 0.061277252 | AR17: 0.045802626 | AS17: -0.058802957 | AT17: 0.12707179 | AU17: -0.11569961 | AV17: 0.058529449 | AW17: -0.07618961 | AX17: -0.097619105 | AY17: 0.015478046 | AZ17: -0.070494231 | BA17: -0.038771615 | BB17: 0.12376406 | BC17: 0.027292824 | BD17: 0.019414125 | BE17: -0.016298625 | BF17: -0.077417 | BG17: -0.01315375 | BH17: -0.13319111 | BI17: 0.05745075 | BJ17: 0.0098580643 | BK17: 0.016751327 | BL17: -0.077482967 | BM17: 0.029059011 | BN17: -0.046915526 | BO17: -0.035179615 | BP17: -0.03599598 | BQ17: -0.01137651 | BR17: -0.0096463751 | BS17: -0.0041034691 | BT17: -0.05265016 | BU17: -0.038510385 | BV17: -0.038240957 | BW17: -0.20833683 | BX17: 0.08264099 | BY17: -0.14247738 | BZ17: 0.12057816 | CA17: 0.027196125 | CB17: 0.10916584 | CC17: 0.0417585 | CD17: 0.17295974 | CE17: 0.095707625 | CF17: -0.058238797 | CG17: -0.074714989 | CH17: -0.032969072 | CI17: -0.08245125 | CJ17: 0.020950827 | CK17: 0.083955848 | CL17: 0.1368391 | CM17: 0.0016699729 | CN17: 0.01363075 | CO17: -0.13741288 | CP17: -0.10822138 | CQ17: -0.051907103 | CR17: 0.19640263 | CS17: 0.011546625 | CT17: 0.01733928 | CU17: -0.15535189 | CV17: 0.15147138 | CW17: 0.063393219 | CX17: 0.010772395 | CY17: 0.075608913 | CZ17: 0.12424884 | DA17: 0.094495625 | DB17: 0.104271 | DC17: -0.098849393 | DD17: -0.04813 | DE17: -0.024124863 | DF17: -0.015674445 | DG17: -0.12321247 | DH17: 0.16343337 | DI17: 0.07018125 | DJ17: -0.045336158 | DK17: 0.15603643 | DL17: -0.0039297317 | DM17: -0.037227476 | DN17: -0.10647996 | DO17: -0.065250544 | DP17: -0.14203416 | DQ17: 0.072654005 | DR17: 0.055884815 | DS17: -0.0065055362 | DT17: -0.09313895 | DU17: -0.129494 | DV17: -0.045148836 | DW17: -0.07659975 | DX17: -0.02303518 | DY17: -0.12601054 | DZ17: -0.0047910532 | EA17: 0.16457237 | EB17: -0.073783625 | EC17: -0.020359375 | ED17: -0.082855625 | EE17: 0.000194375 | EF17: 0.04098475 | EG17: =AVERAGE(C17:EF17) -> -0.0019051967 | EH17: =STDEV(C17:EF17) -> 0.089722959 | EI17: =EG17/EH17 -> -0.021234216
A18: 137 | B18: 7 | C18: 0.059146798 | D18: -0.18401889 | E18: -0.10047562 | F18: 0.11938296 | G18: 0.10831637 | H18: 0.0086222278 | I18: 0.12862656 | J18: 0.091173232 | K18: 0.13564789 | L18: 0.050758207 | M18: 0.029051464 | N18: -0.14120749 | O18: 0.031737941 | P18: 0.082552612 | Q18: 0.09305959 | R18: 0.15418919 | S18: 0.14380523 | T18: -0.052309698 | U18: -0.055150343 | V18: -0.12139146 | W18: -0.13791724 | X18: -0.21512106 | Y18: -0.10387924 | Z18: -0.051469726 | AA18: 0.17257066 | AB18: 0.062644805 | AC18: -0.0013654205 | AD18: -0.072443789 | AE18: 0.25839135 | AF18: -0.15054364 | AG18: 0.08171998 | AH18: 0.040197461 | AI18: -0.046855541 | AJ18: 0.047393756 | AK18: -0.022832885 | AL18: -0.032812812 | AM18: -0.066643405 | AN18: -0.07929464 | AO18: -0.005427535 | AP18: 0.078278592 | AQ18: 0.064154974 | AR18: 0.039002474 | AS18: -0.083253128 | AT18: 0.16638581 | AU18: -0.13889821 | AV18: 0.060235665 | AW18: -0.097766862 | AX18: -0.12606434 | AY18: 0.030189359 | AZ18: -0.051646327 | BA18: -0.03530224 | BB18: 0.13765604 | BC18: -0.027942051 | BD18: 0.020277714 | BE18: -0.022232286 | BF18: -0.038142 | BG18: -0.0023085714 | BH18: -0.13789827 | BI18: 0.033489571 | BJ18: -0.0059560641 | BK18: 0.0009810839 | BL18: -0.081157674 | BM18: 0.028081356 | BN18: -0.05277439 | BO18: -0.020227496 | BP18: -0.04685754 | BQ18: -0.0019167841 | BR18: -0.0057481936 | BS18: -0.0039836251 | BT18: -0.061545323 | BU18: 0.0089206671 | BV18: -0.039624426 | BW18: -0.2183755 | BX18: 0.074580863 | BY18: -0.087465268 | BZ18: 0.15331999 | CA18: 0.033285857 | CB18: 0.097387283 | CC18: 0.10465971 | CD18: 0.19371682 | CE18: 0.077259857 | CF18: 0.043957743 | CG18: -0.091609256 | CH18: -0.045365649 | CI18: -0.11772357 | CJ18: -0.0037723665 | CK18: 0.096058032 | CL18: 0.15291394 | CM18: 0.01554875 | CN18: -0.028616857 | CO18: -0.15059751 | CP18: -0.11627032 | CQ18: -0.038242676 | CR18: 0.19372241 | CS18: 0.028129286 | CT18: -0.016272494 | CU18: -0.14456482 | CV18: 0.12702227 | CW18: 0.066558574 | CX18: 0.061560186 | CY18: 0.093178384 | CZ18: 0.13284286 | DA18: 0.078357857 | DB18: 0.118114 | DC18: -0.082819707 | DD18: -0.071071286 | DE18: -0.038420587 | DF18: -0.028071975 | DG18: -0.11821709 | DH18: 0.19240257 | DI18: 0.097962857 | DJ18: -0.04520404 | DK18: 0.15851363 | DL18: -0.0038302741 | DM18: -0.0052506787 | DN18: -0.12510868 | DO18: -0.030199017 | DP18: -0.13348647 | DQ18: 0.065749458 | DR18: 0.076840655 | DS18: -0.025385651 | DT18: -0.11601739 | DU18: -0.15871543 | DV18: -0.070527693 | DW18: -0.068637857 | DX18: -0.068177294 | DY18: -0.1657631 | DZ18: -0.043227855 | EA18: 0.19894729 | EB18: -0.097045 | EC18: -0.019598857 | ED18: -0.080269714 | EE18: -0.0011102857 | EF18: 0.063951857 | EG18: =AVERAGE(C18:EF18) -> -0.00010637235 | EH18: =STDEV(C18:EF18) -> 0.09812797 | EI18: =EG18/EH18 -> -0.0010840167
A19: 160 | B19: 6 | C19: 0.07386193 | D19: -0.21954287 | E19: -0.14058368 | F19: 0.17768866 | G19: 0.096065972 | H19: -0.012068788 | I19: 0.13411218 | J19: 0.11143724 | K19: 0.23878941 | L19: 0.02032665 | M19: -0.043690236 | N19: -0.15184358 | O19: 0.031561874 | P19: 0.092534186 | Q19: 0.081866113 | R19: 0.14558327 | S19: 0.12269188 | T19: -0.051464717 | U19: -0.067250002 | V19: -0.09268832 | W19: -0.14662099 | X19: -0.14939987 | Y19: -0.10313024 | Z19: -0.057888725 | AA19: 0.1318329 | AB19: 0.051718753 | AC19: -0.014141543 | AD19: -0.023997457 | AE19: 0.30849286 | AF19: -0.16883058 | AG19: 0.041487103 | AH19: 0.056557715 | AI19: -0.081770125 | AJ19: 0.05154529 | AK19: -0.040581523 | AL19: -0.014914608 | AM19: -0.043106012 | AN19: -0.083568294 | AO19: -0.025892903 | AP19: 0.08757412 | AQ19: 0.042375665 | AR19: -0.041144515 | AS19: -0.10919888 | AT19: 0.18459366 | AU19: -0.15301463 | AV19: -0.0030326096 | AW19: -0.1366934 | AX19: -0.2241238 | AY19: 0.066273243 | AZ19: -0.11561153 | BA19: -0.0015090166 | BB19: 0.1597462 | BC19: -0.18457179 | BD19: -7.0833333e-05 | BE19: -0.030392667 | BF19: -0.049435667 | BG19: 0.00096333333 | BH19: -0.14049691 | BI19: 0.0259385 | BJ19: -0.021707302 | BK19: -0.069519037 | BL19: -0.079964658 | BM19: 0.031786265 | BN19: -0.067252647 | BO19: -0.025728961 | BP19: -0.062818808 | BQ19: -0.0099340445 | BR19: 0.006675246 | BS19: -0.024256339 | BT19: -0.082323404 | BU19: 0.043246635 | BV19: -0.030350792 | BW19: -0.30745301 | BX19: 0.054830282 | BY19: -0.079866927 | BZ19: 0.068702125 | CA19: 0.035610167 | CB19: 0.078976808 | CC19: 0.022505667 | CD19: 0.2156192 | CE19: 0.088474167 | CF19: 0.079051525 | CG19: -0.057117625 | CH19: -0.042715044 | CI19: -0.16520067 | CJ19: -0.011811923 | CK19: 0.11879726 | CL19: 0.11534778 | CM19: 0.075581871 | CN19: -0.015943167 | CO19: -0.16614656 | CP19: -0.13741472 | CQ19: -0.032394608 | CR19: 0.17630672 | CS19: 0.043775667 | CT19: -0.027940637 | CU19: -0.14660754 | CV19: 0.094553008 | CW19: 0.060515879 | CX19: 0.057634726 | CY19: 0.10789212 | CZ19: 0.11285183 | DA19: 0.0751825 | DB19: 0.147961 | DC19: -0.065587585 | DD19: -0.063547333 | DE19: -0.033018415 | DF19: -0.021296342 | DG19: -0.1264908 | DH19: 0.22459133 | DI19: 0.10846167 | DJ19: -0.048514351 | DK19: 0.12414459 | DL19: -0.011982786 | DM19: 0.046097902 | DN19: -0.1739283 | DO19: -0.04870552 | DP19: -0.17026813 | DQ19: 0.080374172 | DR19: 0.075962353 | DS19: -0.044918963 | DT19: -0.1331285 | DU19: -0.1505825 | DV19: -0.071593387 | DW19: -0.101297 | DX19: -0.094614193 | DY19: -0.15211941 | DZ19: -0.079643568 | EA19: 0.23304767 | EB19: -0.1062485 | EC19: -0.031323667 | ED19: -0.0861595 | EE19: 0.0073063333 | EF19: 0.07402 | EG19: =AVERAGE(C19:EF19) -> -0.0073149648 | EH19: =STDEV(C19:EF19) -> 0.10866587 | EI19: =EG19/EH19 -> -0.067316122
A20: 192 | B20: 5 | C20: -0.011241332 | D20: -0.22258639 | E20: -0.14612491 | F20: 0.20553126 | G20: 0.11718314 | H20: 0.011583026 | I20: 0.18586318 | J20: 0.14728813 | K20: 0.2147245 | L20: 0.0089997713 | M20: -0.077718228 | N20: -0.16814359 | O20: 0.049864886 | P20: 0.091169928 | Q20: 0.10704532 | R20: 0.19094247 | S20: 0.082562611 | T20: -0.085465456 | U20: -0.013720365 | V20: -0.1035176 | W20: -0.17308538 | X20: -0.21038641 | Y20: -0.12896504 | Z20: -0.074027168 | AA20: 0.13048337 | AB20: 0.032898545 | AC20: -0.047248263 | AD20: -0.026987304 | AE20: 0.16122121 | AF20: -0.22349782 | AG20: 0.032163249 | AH20: 0.090178201 | AI20: -0.078154545 | AJ20: 0.061990035 | AK20: -0.0082485151 | AL20: -0.020780265 | AM20: -0.033095981 | AN20: -0.075470194 | AO20: -0.045285082 | AP20: 0.13173046 | AQ20: 0.033308231 | AR20: -0.029739 | AS20: -0.042291716 | AT20: 0.23912375 | AU20: -0.14307264 | AV20: -0.032246613 | AW20: -0.22499784 | AX20: -0.20433922 | AY20: -0.082057636 | AZ20: -0.15627401 | BA20: -0.10207757 | BB20: 0.16765542 | BC20: -0.24014067 | BD20: 0.0083636 | BE20: -0.0384684 | BF20: -0.0552158 | BG20: -0.051727 | BH20: -0.1500573 | BI20: 0.0231736 | BJ20: -0.021629512 | BK20: -0.10259828 | BL20: -0.086292231 | BM20: 0.047468551 | BN20: -0.11855724 | BO20: 0.038461718 | BP20: -0.060407521 | BQ20: -0.015451707 | BR20: 0.012073632 | BS20: 0.0054075062 | BT20: -0.096530501 | BU20: -0.040683597 | BV20: 0.081543442 | BW20: -0.35182955 | BX20: 0.057988018 | BY20: -0.0046393591 | BZ20: 0.090271404 | CA20: 0.0502162 | CB20: -0.0001077551 | CC20: 0.0129148 | CD20: 0.1810275 | CE20: 0.0857774 | CF20: 0.10578489 | CG20: -0.075970241 | CH20: -0.022195229 | CI20: -0.1314838 | CJ20: -0.041509985 | CK20: 0.080589624 | CL20: 0.14931315 | CM20: 0.079454727 | CN20: -0.0193474 | CO20: -0.2285182 | CP20: -0.15666076 | CQ20: -0.023118045 | CR20: 0.19548611 | CS20: 0.0222938 | CT20: -0.018076711 | CU20: -0.14672801 | CV20: 0.11921413 | CW20: 0.067903708 | CX20: 0.090298551 | CY20: 0.10096666 | CZ20: 0.15516165 | DA20: 0.0770816 | DB20: 0.076967 | DC20: -0.037332311 | DD20: -0.0681628 | DE20: -0.010418722 | DF20: -0.045499958 | DG20: -0.12407331 | DH20: 0.2782996 | DI20: 0.137596 | DJ20: -0.039459946 | DK20: 0.084953981 | DL20: -0.019465373 | DM20: -0.042864774 | DN20: -0.18323473 | DO20: -0.049820855 | DP20: -0.20015543 | DQ20: 0.057460182 | DR20: 0.07851266 | DS20: 0.069792758 | DT20: -0.13343598 | DU20: -0.1763758 | DV20: -0.10204218 | DW20: -0.1035466 | DX20: -0.097851218 | DY20: -0.18740183 | DZ20: 0.018115127 | EA20: 0.2936912 | EB20: -0.1063144 | EC20: 0.0229776 | ED20: -0.0746258 | EE20: 0.0017416 | EF20: 0.0858 | EG20: =AVERAGE(C20:EF20) -> -0.010844915 | EH20: =STDEV(C20:EF20) -> 0.11857679 | EI20: =EG20/EH20 -> -0.091458998
A21: 241 | B21: 4 | C21: -0.010384834 | D21: -0.32500828 | E21: -0.043717555 | F21: 0.18403858 | G21: 0.14384215 | H21: -0.037844077 | I21: 0.23932306 | J21: 0.090566639 | K21: 0.20688003 | L21: 0.057226167 | M21: -0.099684593 | N21: -0.13905068 | O21: 0.034351989 | P21: 0.1447726 | Q21: 0.081195369 | R21: 0.14269209 | S21: 0.20915948 | T21: -0.098461673 | U21: 0.080215736 | V21: -0.10537077 | W21: -0.15778848 | X21: -0.21363094 | Y21: -0.092729224 | Z21: -0.1093802 | AA21: 0.11063591 | AB21: 0.021955944 | AC21: -0.018827737 | AD21: 0.025933276 | AE21: 0.12810498 | AF21: -0.29514426 | AG21: 0.011046572 | AH21: 0.10758136 | AI21: -0.079594209 | AJ21: 0.070405342 | AK21: 0.018318369 | AL21: -0.037391486 | AM21: -0.068535807 | AN21: -0.11195606 | AO21: -0.047726396 | AP21: 0.072535144 | AQ21: 0.037036188 | AR21: -0.034197901 | AS21: -0.045406682 | AT21: 0.26483826 | AU21: -0.06345533 | AV21: -0.068713913 | AW21: -0.26325492 | AX21: -0.2177183 | AY21: -0.065722295 | AZ21: -0.093059394 | BA21: -0.019293208 | BB21: 0.22534614 | BC21: -0.16446053 | BD21: 0.0382225 | BE21: -0.0405905 | BF21: -0.06228975 | BG21: -0.07852475 | BH21: -0.10684211 | BI21: 0.046277 | BJ21: -0.023579026 | BK21: -0.082973162 | BL21: -0.14272109 | BM21: 0.040795286 | BN21: -0.063647948 | BO21: 0.063857236 | BP21: -0.10450913 | BQ21: -0.054542231 | BR21: 0.012323862 | BS21: 0.0058601728 | BT21: -0.092952203 | BU21: 0.012996607 | BV21: 0.04433998 | BW21: -0.18446067 | BX21: 0.088379335 | BY21: -0.055666292 | BZ21: 0.047662929 | CA21: 0.09506 | CB21: 0.073466099 | CC21: -0.0080195 | CD21: 0.28805606 | CE21: 0.0615145 | CF21: 0.11452616 | CG21: -0.085085335 | CH21: -0.15662644 | CI21: -0.12329225 | CJ21: -0.055140849 | CK21: 0.06715963 | CL21: 0.18743312 | CM21: 0.062994333 | CN21: -0.01128025 | CO21: -0.23779198 | CP21: -0.098307306 | CQ21: -0.022912194 | CR21: 0.23905997 | CS21: 0.03090725 | CT21: -0.086072557 | CU21: -0.15891662 | CV21: 0.15433184 | CW21: 0.038345517 | CX21: 0.10212218 | CY21: 0.15245231 | CZ21: 0.23745137 | DA21: 0.04170975 | DB21: 0.0714595 | DC21: -0.1539048 | DD21: -0.067027 | DE21: -0.028977737 | DF21: -0.1488089 | DG21: -0.14818493 | DH21: 0.081437 | DI21: 0.17984 | DJ21: -0.037911313 | DK21: 0.13950271 | DL21: -0.012736992 | DM21: 0.004254564 | DN21: -0.22029564 | DO21: 0.018558809 | DP21: -0.22901989 | DQ21: 0.070422699 | DR21: 0.050170859 | DS21: 0.084605434 | DT21: -0.1705708 | DU21: -0.14861475 | DV21: -0.15489825 | DW21: -0.103536 | DX21: -0.11682889 | DY21: -0.22566188 | DZ21: 0.17989102 | EA21: 0.26605775 | EB21: -0.103298 | EC21: 0.0271895 | ED21: -0.08272975 | EE21: -0.02131 | EF21: 0.0287945 | EG21: =AVERAGE(C21:EF21) -> -0.0088140202 | EH21: =STDEV(C21:EF21) -> 0.12595037 | EI21: =EG21/EH21 -> -0.069980107
A22: 321 | B22: 3 | C22: -0.025922327 | D22: -0.41742192 | E22: -0.022230412 | F22: 0.067831061 | G22: 0.10388436 | H22: -0.22980554 | I22: 0.2544329 | J22: 0.11837828 | K22: 0.24536591 | L22: 0.10748717 | M22: -0.074100059 | N22: -0.098030861 | O22: -0.0067158783 | P22: 0.072782884 | Q22: 0.089282518 | R22: 0.18067973 | S22: 0.24705663 | T22: -0.12881242 | U22: 0.15202918 | V22: -0.057024135 | W22: -0.20748027 | X22: -0.22178676 | Y22: -0.047938332 | Z22: -0.15015011 | AA22: 0.082524426 | AB22: -0.0038652301 | AC22: -0.085776461 | AD22: 0.018593749 | AE22: 0.13082384 | AF22: -0.42991677 | AG22: 0.010812101 | AH22: 0.10586596 | AI22: -0.094141261 | AJ22: 0.031699849 | AK22: 0.078575769 | AL22: -0.0011447262 | AM22: -0.084088903 | AN22: -0.11113281 | AO22: -0.074717373 | AP22: 0.062536354 | AQ22: -0.055126721 | AR22: -0.1081837 | AS22: 0.073843703 | AT22: 0.017728371 | AU22: -0.1099146 | AV22: -0.089753982 | AW22: -0.37079928 | AX22: 0.009875186 | AY22: -0.098456276 | AZ22: -0.2274855 | BA22: -0.04917694 | BB22: 0.30192994 | BC22: -0.19562604 | BD22: 0.079264 | BE22: -0.068485667 | BF22: -0.054886 | BG22: -0.096179667 | BH22: -0.12770701 | BI22: 0.082349333 | BJ22: -0.054996415 | BK22: -0.020854755 | BL22: -0.16178034 | BM22: 0.0024304832 | BN22: 0.015327552 | BO22: 0.050484429 | BP22: -0.07483555 | BQ22: -0.027830097 | BR22: 0.020813609 | BS22: -0.016372782 | BT22: 0.067143215 | BU22: 0.040368469 | BV22: 0.048603535 | BW22: -0.13217179 | BX22: 0.15293737 | BY22: -0.05559705 | BZ22: 0.047257736 | CA22: 0.14408033 | CB22: 0.06360427 | CC22: -0.125105 | CD22: 0.33387804 | CE22: 0.06684 | CF22: 0.10077036 | CG22: -0.20708533 | CH22: -0.15360628 | CI22: -0.230448 | CJ22: -0.12632536 | CK22: 0.11092354 | CL22: 0.094997012 | CM22: 0.046441279 | CN22: 0.021851333 | CO22: -0.18528576 | CP22: -0.17184373 | CQ22: -0.017159616 | CR22: 0.24677277 | CS22: 0.024439333 | CT22: -0.12609138 | CU22: -0.16735391 | CV22: 0.16622268 | CW22: 0.022884042 | CX22: 0.0037495933 | CY22: 0.16243987 | CZ22: 0.26292048 | DA22: 0.032454 | DB22: 0.054040667 | DC22: -0.14116724 | DD22: -0.015963333 | DE22: 0.017756504 | DF22: -0.097071706 | DG22: -0.088121411 | DH22: 0.081455333 | DI22: 0.060122333 | DJ22: -0.050246006 | DK22: 0.17913471 | DL22: -0.0032133307 | DM22: 0.042676549 | DN22: -0.30537503 | DO22: -0.023768668 | DP22: -0.16956243 | DQ22: 0.16540417 | DR22: -0.0060925526 | DS22: 0.12952384 | DT22: -0.058357009 | DU22: -0.16154567 | DV22: -0.15706237 | DW22: -0.081416 | DX22: -0.16435212 | DY22: -0.31775437 | DZ22: 0.16562625 | EA22: 0.14035633 | EB22: -0.14293033 | EC22: 0.088086 | ED22: -0.057499333 | EE22: -0.047636 | EF22: 0.036592667 | EG22: =AVERAGE(C22:EF22) -> -0.015901628 | EH22: =STDEV(C22:EF22) -> 0.13907778 | EI22: =EG22/EH22 -> -0.11433622
A23: 482 | B23: 2 | C23: -0.031325685 | D23: 0.088966623 | E23: -0.015061588 | F23: 0.18239608 | G23: -0.026971569 | H23: -0.26281024 | I23: 0.25570287 | J23: 0.15529382 | K23: 0.14260758 | L23: 0.23244436 | M23: -0.25844992 | N23: -0.12680001 | O23: -0.019407711 | P23: 0.090401711 | Q23: 0.25084968 | R23: 0.089628003 | S23: 0.169295 | T23: -0.15460269 | U23: 0.21298177 | V23: 0.063357011 | W23: -0.33161915 | X23: -0.18178119 | Y23: -0.0075887634 | Z23: -0.14764041 | AA23: -0.056748446 | AB23: -0.030991385 | AC23: -0.1687548 | AD23: 0.0029952916 | AE23: 0.13721199 | AF23: -0.32465933 | AG23: -0.14589389 | AH23: 0.084171585 | AI23: -0.023228267 | AJ23: -0.0056431378 | AK23: 0.091199224 | AL23: -0.051310311 | AM23: -0.007769489 | AN23: -0.2423147 | AO23: 0.0053369522 | AP23: -0.0031210994 | AQ23: 0.17571221 | AR23: -0.2534608 | AS23: 0.081663621 | AT23: 0.1095059 | AU23: -0.20359589 | AV23: -0.049150067 | AW23: -0.58225997 | AX23: 0.014812779 | AY23: -0.0581396 | AZ23: -0.31598452 | BA23: 0.17208091 | BB23: -0.051049484 | BC23: -0.25286918 | BD23: 0.1259795 | BE23: -0.0865335 | BF23: -0.060013 | BG23: -0.0449095 | BH23: -0.063365196 | BI23: 0.121209 | BJ23: -0.10400332 | BK23: -0.0050098635 | BL23: -0.1495343 | BM23: -0.069495462 | BN23: 0.0069471708 | BO23: -0.036524942 | BP23: -0.098266399 | BQ23: -0.072047901 | BR23: 0.017844321 | BS23: -0.073275389 | BT23: 0.070189264 | BU23: 0.16327469 | BV23: 0.053269051 | BW23: -0.015362515 | BX23: 0.12421952 | BY23: 0.11824923 | BZ23: 0.0076697624 | CA23: 0.2063755 | CB23: -0.041664988 | CC23: -0.084545 | CD23: 0.19167646 | CE23: 0.059602 | CF23: 0.016160835 | CG23: -0.21663724 | CH23: -0.16212257 | CI23: -0.0591225 | CJ23: -0.1565159 | CK23: 0.071856391 | CL23: 0.16404946 | CM23: 0.006975009 | CN23: 0.049972 | CO23: -0.26845098 | CP23: -0.24610177 | CQ23: 0.02470227 | CR23: 0.15099817 | CS23: 0.069015 | CT23: -0.032850224 | CU23: -0.20210388 | CV23: 0.15333097 | CW23: -0.024186288 | CX23: -0.088716994 | CY23: 0.28171083 | CZ23: 0.18199879 | DA23: 0.064645 | DB23: 0.018748 | DC23: -0.1579489 | DD23: -0.01841 | DE23: 0.060085948 | DF23: -0.19137387 | DG23: -0.15297665 | DH23: 0.139228 | DI23: 0.096041 | DJ23: -0.087058008 | DK23: 0.27783322 | DL23: 0.026242652 | DM23: -0.010710334 | DN23: -0.26497486 | DO23: 0.084670828 | DP23: -0.17683962 | DQ23: 0.24594611 | DR23: -0.089886003 | DS23: 0.24719455 | DT23: -0.12395522 | DU23: -0.055638 | DV23: -0.1927414 | DW23: 0.0230525 | DX23: -0.17100279 | DY23: -0.26822193 | DZ23: 0.12933302 | EA23: -0.028757 | EB23: -0.1382285 | EC23: 0.0936435 | ED23: 0.038898 | EE23: -0.069211 | EF23: 0.093414 | EG23: =AVERAGE(C23:EF23) -> -0.016159929 | EH23: =STDEV(C23:EF23) -> 0.15100388 | EI23: =EG23/EH23 -> -0.10701665
A24: 964 | B24: 1 | C24: -0.027766967 | D24: 0.081988379 | E24: 0.081880335 | F24: 0.20154572 | G24: -0.022622389 | H24: -0.35082219 | I24: 0.24038624 | J24: 0.0040357249 | K24: 0.050444336 | L24: 0.33375944 | M24: -0.14681934 | N24: -0.10519171 | O24: 0.036648791 | P24: 0.10424841 | Q24: -0.090144949 | R24: 0.10836549 | S24: 0.1398838 | T24: 0.27048671 | U24: 0.39296188 | V24: 0.11654032 | W24: -0.49571199 | X24: 0.036157896 | Y24: -0.02939884 | Z24: -0.15040993 | AA24: 0.21854458 | AB24: -0.30039379 | AC24: -0.40174733 | AD24: 0.059922147 | AE24: 0.19314179 | AF24: -0.49538941 | AG24: -0.38005539 | AH24: 0.05669736 | AI24: 0.0088083311 | AJ24: 0.080891244 | AK24: 0.11317916 | AL24: -0.10745443 | AM24: 0.018919281 | AN24: -0.22118947 | AO24: -0.066090112 | AP24: 0.022851715 | AQ24: 0.35649193 | AR24: -0.020350844 | AS24: 0.0032867737 | AT24: 0.15076898 | AU24: -0.22984102 | AV24: 0.24768466 | AW24: 0.14871096 | AX24: -0.11149134 | AY24: -0.26743574 | AZ24: -0.60989956 | BA24: 0.10178269 | BB24: -0.086159033 | BC24: 0.0043668696 | BD24: 0.01864 | BE24: -0.104131 | BF24: -0.100236 | BG24: -0.176624 | BH24: -0.14767357 | BI24: 0.169268 | BJ24: -0.0033483158 | BK24: -0.010019727 | BL24: -0.31716429 | BM24: 0.08478294 | BN24: -0.0068493418 | BO24: 0.16110969 | BP24: -0.12335118 | BQ24: 0.064169633 | BR24: 0.042356223 | BS24: -0.0012847175 | BT24: 0.055799256 | BU24: 0.45156954 | BV24: 0.046258706 | BW24: -0.15102745 | BX24: 0.05804337 | BY24: 0.11840823 | BZ24: 0.2588929 | CA24: 0.100028 | CB24: 0.064127083 | CC24: -0.18247 | CD24: 0.14430631 | CE24: 0.165565 | CF24: -0.043964634 | CG24: -0.51996897 | CH24: -0.21297288 | CI24: -0.058508 | CJ24: -0.30018689 | CK24: 0.32305927 | CL24: 0.015683748 | CM24: 0.044688538 | CN24: 0.014921 | CO24: -0.57240961 | CP24: -0.19806735 | CQ24: 0.16018965 | CR24: 0.13778746 | CS24: -0.026858 | CT24: 0.18289659 | CU24: -0.052729045 | CV24: 0.18286409 | CW24: -0.23499322 | CX24: 0.055207194 | CY24: 0.36022805 | CZ24: 0.11220663 | DA24: 0.03398 | DB24: -0.0165 | DC24: -0.28272978 | DD24: 0.0493 | DE24: -0.13158559 | DF24: -0.19463806 | DG24: -0.24858898 | DH24: 0.265805 | DI24: 0.037185 | DJ24: -0.13248861 | DK24: 0.33950921 | DL24: 0.061360513 | DM24: -0.1083161 | DN24: -0.51684794 | DO24: 0.08311429 | DP24: -0.22357182 | DQ24: 0.3590713 | DR24: -0.02051563 | DS24: 0.14400697 | DT24: -0.038362866 | DU24: 0.021782 | DV24: -0.75045655 | DW24: 0.101183 | DX24: -0.17373733 | DY24: -0.032066536 | DZ24: -0.048904664 | EA24: -0.054917 | EB24: -0.109231 | EC24: 0.143647 | ED24: -0.069835 | EE24: -0.107482 | EF24: 0.134085 | EG24: =AVERAGE(C24:EF24) -> -0.01619053 | EH24: =STDEV(C24:EF24) -> 0.21123531 | EI24: =EG24/EH24 -> -0.076646895
A26: 大盤 | B26: TWII | C26: -0.017446771 | D26: 0.020701061 | E26: 0.023982129 | F26: -0.006557579 | G26: 0.03184513 | H26: 0.034348533 | I26: -0.0082549328 | J26: 0.012843524 | K26: -0.051018525 | L26: 0.00087394274 | M26: 0.023389576 | N26: 0.012988972 | O26: 0.0058545887 | P26: 0.027413207 | Q26: -0.0037129361 | R26: 0.024076614 | S26: -0.012190025 | T26: -0.039749578 | U26: -0.07315545 | V26: -0.05826023 | W26: 0.00077279757 | X26: 0.044591521 | Y26: -0.02769968 | Z26: 0.0020950059 | AA26: -0.023400551 | AB26: 0.032129371 | AC26: 0.038903273 | AD26: -0.042865382 | AE26: 0.018647195 | AF26: 0.015229768 | AG26: 0.036016604 | AH26: 0.0093546114 | AI26: 0.010748251 | AJ26: 0.013357754 | AK26: -0.0053327473 | AL26: 0.0013831358 | AM26: 0.020795928 | AN26: 0.031517702 | AO26: 0.0062417165 | AP26: 0.0061452617 | AQ26: 0.016946358 | AR26: 0.03468283 | AS26: 0.0030985886 | AT26: 0.015081347 | AU26: -0.019251209 | AV26: 0.038711513 | AW26: -0.021856951 | AX26: 0.0077743007 | AY26: 0.042397247 | AZ26: -0.026308975 | BA26: 0.0095717493 | BB26: -0.024249741 | BC26: 0.020163374 | BD26: -0.0035049988 | BE26: 0.020151935 | BF26: 0.00058133623 | BG26: -0.005219701 | BH26: -0.11587176 | BI26: 0.0087252257 | BJ26: -0.016377261 | BK26: 0.020840372 | BL26: 0.044975872 | BM26: 0.023954306 | BN26: 0.030239101 | BO26: -0.043725888 | BP26: 0.02188947 | BQ26: 0.0086274303 | BR26: -0.019192954 | BS26: 0.01973513 | BT26: 0.047694337 | BU26: 0.011454817 | BV26: 0.043228621 | BW26: -0.04274743 | BX26: -0.017811292 | BY26: -0.1511531 | BZ26: 0.124224 | CA26: -0.0045572538 | CB26: 0.06021124 | CC26: 0.085992033 | CD26: -0.0058084796 | CE26: -0.006041347 | CF26: 0.0024523244 | CG26: 0.089636252 | CH26: 0.070992733 | CI26: 0.027170643 | CJ26: 0.052468428 | CK26: 0.029480661 | CL26: 0.066825081 | CM26: -0.028772229 | CN26: 0.039462516 | CO26: -0.029031087 | CP26: 0.013983883 | CQ26: -0.032276965 | CR26: 0.0031035766 | CS26: 0.025591856 | CT26: 0.044391886 | CU26: -0.030338959 | CV26: -0.0012579765 | CW26: 0.0023363565 | CX26: -0.064264145 | CY26: 0.012909779 | CZ26: -0.12547709 | DA26: 0.011690683 | DB26: 0.0063378437 | DC26: -0.11730536 | DD26: -0.036010872 | DE26: 0.1389113 | DF26: -0.051143506 | DG26: 0.076731447 | DH26: 0.015508782 | DI26: 0.023223774 | DJ26: -0.018372876 | DK26: 0.062199014 | DL26: 0.020098304 | DM26: 0.01349894 | DN26: -0.030252213 | DO26: -0.017022836 | DP26: -0.021788523 | DQ26: 0.085745625 | DR26: 0.028106744 | DS26: -0.0023031598 | DT26: 0.058471198 | DU26: 0.067658949 | DV26: 0.0050207706 | DW26: 0.037416184 | DX26: 0.084111004 | DY26: -0.036832399 | DZ26: 0.0030917028 | EA26: -0.0019576282 | EB26: 0.026459104 | EC26: -0.024752539 | ED26: 0.034115491 | EE26: 0.021061974 | EF26: -0.020277393 | EG26: =AVERAGE(C26:EF26) -> 0.0073485376 | EH26: =STDEV(C26:EF26) -> 0.04227637 | EI26: =EG26/EH26 -> 0.1738214

Sheet 勝率
A1: NN1
B2: Time | C2: 2013/12 | D2: 2014/01 | E2: 2014/02 | F2: 2014/03 | G2: 2014/04 | H2: 2014/05 | I2: 2014/06 | J2: 2014/07 | K2: 2014/08 | L2: 2014/09 | M2: 2014/10 | N2: 2014/11 | O2: 2014/12 | P2: 2015/01 | Q2: 2015/02 | R2: 2015/03 | S2: 2015/04 | T2: 2015/05 | U2: 2015/06 | V2: 2015/07 | W2: 2015/08 | X2: 2015/09 | Y2: 2015/10 | Z2: 2015/11 | AA2: 2015/12 | AB2: 2016/01 | AC2: 2016/02 | AD2: 2016/03 | AE2: 2016/04 | AF2: 2016/05 | AG2: 2016/06 | AH2: 2016/07 | AI2: 2016/08 | AJ2: 2016/09 | AK2: 2016/10 | AL2: 2016/11 | AM2: 2016/12 | AN2: 2017/01 | AO2: 2017/02 | AP2: 2017/03 | AQ2: 2017/04 | AR2: 2017/05 | AS2: 2017/06 | AT2: 2017/07 | AU2: 2017/08 | AV2: 2017/09 | AW2: 2017/10 | AX2: 2017/11 | AY2: 2017/12 | AZ2: 2018/01 | BA2: 2018/02 | BB2: 2018/03 | BC2: 2018/04 | BD2: 2018/05 | BE2: 2018/06 | BF2: 2018/07 | BG2: 2018/08 | BH2: 2018/09 | BI2: 2018/10 | BJ2: 2018/11 | BK2: 2018/12 | BL2: 2019/01 | BM2: 2019/02 | BN2: 2019/03 | BO2: 2019/04 | BP2: 2019/05 | BQ2: 2019/06 | BR2: 2019/07 | BS2: 2019/08 | BT2: 2019/09 | BU2: 2019/10 | BV2: 2019/11 | BW2: 2019/12 | BX2: 2020/01 | BY2: 2020/02 | BZ2: 2020/03 | CA2: 2020/04 | CB2: 2020/05 | CC2: 2020/06 | CD2: 2020/07 | CE2: 2020/08 | CF2: 2020/09 | CG2: 2020/10 | CH2: 2020/11 | CI2: 2020/12 | CJ2: 2021/01 | CK2: 2021/02 | CL2: 2021/03 | CM2: 2021/04 | CN2: 2021/05 | CO2: 2021/06 | CP2: 2021/07 | CQ2: 2021/08 | CR2: 2021/09 | CS2: 2021/10 | CT2: 2021/11 | CU2: 2021/12 | CV2: 2022/01 | CW2: 2022/02 | CX2: 2022/03 | CY2: 2022/04 | CZ2: 2022/05 | DA2: 2022/06 | DB2: 2022/07 | DC2: 2022/08 | DD2: 2022/09 | DE2: 2022/10 | DF2: 2022/11 | DG2: 2022/12 | DH2: 2023/01 | DI2: 2023/02 | DJ2: 2023/03 | DK2: 2023/04 | DL2: 2023/05 | DM2: 2023/06 | DN2: 2023/07 | DO2: 2023/08 | DP2: 2023/09 | DQ2: 2023/10 | DR2: 2023/11 | DS2: 2023/12 | DT2: 2024/01 | DU2: 2024/02 | DV2: 2024/03 | DW2: 2024/04 | DX2: 2024/05 | DY2: 2024/06 | DZ2: 2024/07 | EA2: 2024/08 | EB2: 2024/09 | EC2: 2024/10 | ED2: 2024/11 | EE2: 2024/12 | EF2: 2025/01
B3: bm | C3: -0.091369018 | D3: -0.11085416 | E3: 0.0010956228 | F3: -0.13442956 | G3: -0.17466807 | H3: 0.0054118875 | I3: -0.035852931 | J3: -0.077711277 | K3: -0.014497202 | L3: -0.047656506 | M3: -0.057244118 | N3: 2.6820228e-05 | O3: -0.030116424 | P3: -0.040258028 | Q3: 0.0037178267 | R3: 0.02920155 | S3: 0.0077254642 | T3: -0.058597654 | U3: 0.00065108575 | V3: -0.10709821 | W3: -0.19089989 | X3: -0.071200095 | Y3: -0.10008328 | Z3: -0.049232095 | AA3: -0.020465598 | AB3: -0.069066942 | AC3: -0.05033315 | AD3: -0.019147269 | AE3: -0.010799496 | AF3: 0.010335859 | AG3: 0.0060158502 | AH3: -0.26610976 | AI3: -0.14365202 | AJ3: -0.2545194 | AK3: 0.028104119 | AL3: -0.051742584 | AM3: -0.082977191 | AN3: -0.07035096 | AO3: -0.19681084 | AP3: -0.25679255 | AQ3: -0.059776843 | AR3: -0.041728809 | AS3: -0.08194682 | AT3: -0.13346004 | AU3: 0.0036019981 | AV3: 0.0079997703 | AW3: 0.0024315715 | AX3: 0.01277367 | AY3: 0.0027071089 | AZ3: 0.014640374 | BA3: 0.036530185 | BB3: 0.033319384 | BC3: 0.011332087 | BD3: -0.00077839196 | BE3: -0.017046392 | BF3: -0.028747007 | BG3: -0.0037359297 | BH3: 0.030615002 | BI3: -0.0013157427 | BJ3: -0.065720931 | BK3: -0.040063486 | BL3: -0.08897166 | BM3: -0.021720856 | BN3: -0.068609193 | BO3: -0.055181742 | BP3: -0.085352331 | BQ3: -0.036593899 | BR3: 0.035782557 | BS3: 0.033818975 | BT3: 0.037881386 | BU3: 0.033238206 | BV3: 0.046295919 | BW3: 0.035180662 | BX3: 0.02476749 | BY3: 0.033294946 | BZ3: 0.052433897 | CA3: 0.0048576407 | CB3: 0.037053939 | CC3: 0.026344806 | CD3: 0.036022436 | CE3: 0.026176233 | CF3: 0.018041616 | CG3: 0.014337597 | CH3: 0.010813093 | CI3: 0.0093775922 | CJ3: 0.03141886 | CK3: 0.029902643 | CL3: 0.028130077 | CM3: 0.017964363 | CN3: 0.0068069855 | CO3: 0.042052153 | CP3: 0.033009041 | CQ3: 0.023710907 | CR3: 0.026173286 | CS3: 0.019619772 | CT3: 0.014876774 | CU3: 0.040978026 | CV3: 0.0395329 | CW3: 0.024221046 | CX3: 0.042955689 | CY3: 0.028871555 | CZ3: 0.047397841 | DA3: 0.028573086 | DB3: 0.025090832 | DC3: 0.020950638 | DD3: 0.020789521 | DE3: 0.033207852 | DF3: 0.029750263 | DG3: 0.019087659 | DH3: 0.023787431 | DI3: 0.019194495 | DJ3: 0.035664935 | DK3: 0.037067931 | DL3: 0.024737032 | DM3: 0.031437267 | DN3: 0.025900939 | DO3: 0.022398051 | DP3: 0.019147078 | DQ3: 0.024746008 | DR3: 0.038861591 | DS3: 0.029537344 | DT3: 0.036585744 | DU3: 0.010436187 | DV3: 0.013549604 | DW3: 0.030600432 | DX3: 0.030763229 | DY3: 0.026879475 | DZ3: 0.038272426 | EA3: 0.037800625 | EB3: 0.0092485007 | EC3: 0.010824578 | ED3: 0.031915292 | EE3: 0.019924693 | EF3: 0.036655359
B4: size | C4: 0.045735888 | D4: 0.14219648 | E4: 0.12357825 | F4: 0.10848226 | G4: 0.095342577 | H4: 0.090842672 | I4: 0.07617455 | J4: 0.059771746 | K4: 0.06868922 | L4: 0.060447685 | M4: 0.027975643 | N4: 0.0097275795 | O4: 0.0093574636 | P4: -0.0017969056 | Q4: -0.0025195966 | R4: -0.003085715 | S4: -0.0031058353 | T4: -0.0042619519 | U4: -0.0093749613 | V4: -0.011537377 | W4: -0.011927816 | X4: -0.012192427 | Y4: -0.015751872 | Z4: -0.017309032 | AA4: -0.01748802 | AB4: -0.018466573 | AC4: -0.018643722 | AD4: -0.01895369 | AE4: -0.019215077 | AF4: -0.020113235 | AG4: -0.020260951 | AH4: -0.020400111 | AI4: -0.022575289 | AJ4: -0.022869756 | AK4: -0.023673112 | AL4: -0.050100833 | AM4: -0.029040024 | AN4: -0.029105987 | AO4: -0.030611878 | AP4: -0.030782696 | AQ4: -0.027796578 | AR4: -0.027182344 | AS4: -0.024847416 | AT4: -0.025312619 | AU4: -0.02542959 | AV4: -0.025587805 | AW4: -0.025955684 | AX4: -0.026252424 | AY4: -0.033910792 | AZ4: -0.028038723 | BA4: -0.027945993 | BB4: -0.032719225 | BC4: -0.032609779 | BD4: -0.03206097 | BE4: -0.032296058 | BF4: -0.032346584 | BG4: -0.032194518 | BH4: -0.019704346 | BI4: -0.027803266 | BJ4: -0.028010786 | BK4: -0.030229433 | BL4: -0.029914387 | BM4: -0.031547844 | BN4: -0.038578428 | BO4: -0.029772218 | BP4: -0.036932468 | BQ4: -0.03365827 | BR4: -0.011724529 | BS4: -0.015890749 | BT4: -0.020781642 | BU4: -0.020965751 | BV4: -0.017983368 | BW4: -0.022088327 | BX4: -0.030406095 | BY4: -0.03080483 | BZ4: -0.030603508 | CA4: -0.030999789 | CB4: -0.026412753 | CC4: -0.028904116 | CD4: -0.028219866 | CE4: -0.028157502 | CF4: -0.030116478 | CG4: -0.030005787 | CH4: -0.030040558 | CI4: -0.031394515 | CJ4: -0.031854711 | CK4: -0.031971924 | CL4: -0.035468247 | CM4: -0.031219956 | CN4: -0.035869151 | CO4: -0.031749379 | CP4: -0.031618152 | CQ4: -0.027020266 | CR4: -0.025449879 | CS4: -0.029090226 | CT4: -0.025807582 | CU4: -0.026407244 | CV4: -0.02782541 | CW4: -0.034329791 | CX4: -0.027993789 | CY4: -0.026280265 | CZ4: -0.027791232 | DA4: -0.029591462 | DB4: -0.034101341 | DC4: -0.03484321 | DD4: -0.032262605 | DE4: -0.028815899 | DF4: -0.02832257 | DG4: -0.026369631 | DH4: -0.031315241 | DI4: -0.029898226 | DJ4: -0.029556438 | DK4: -0.028653093 | DL4: -0.02926722 | DM4: -0.029532833 | DN4: -0.031904288 | DO4: -0.027400294 | DP4: -0.033020105 | DQ4: -0.026945302 | DR4: -0.028060446 | DS4: -0.027914209 | DT4: -0.027555149 | DU4: -0.025405545 | DV4: -0.026828792 | DW4: -0.037095267 | DX4: -0.027448662 | DY4: -0.031317905 | DZ4: -0.0242904 | EA4: -0.083518818 | EB4: -0.077344619 | EC4: -0.070242889 | ED4: -0.063896284 | EE4: -0.097872823 | EF4: -0.07682889
B5: mom | C5: 0.50836325 | D5: 0.76913774 | E5: 0.54195535 | F5: 1.1543282 | G5: 0.54750556 | H5: 0.91896617 | I5: 0.66497213 | J5: 0.96098614 | K5: 1.0693189 | L5: 0.58301491 | M5: 0.48336148 | N5: 0.43350995 | O5: 0.063416295 | P5: 0.033898823 | Q5: -0.63935673 | R5: -0.050250471 | S5: 0.066091195 | T5: -0.060526483 | U5: -0.05088184 | V5: 0.12953432 | W5: 0.1782714 | X5: 0.22364642 | Y5: 0.26079547 | Z5: 0.17032516 | AA5: 0.14871091 | AB5: 0.13639477 | AC5: 0.10649753 | AD5: 0.10512894 | AE5: 0.098157518 | AF5: 0.080513276 | AG5: 0.058855694 | AH5: 0.030879952 | AI5: -0.01261719 | AJ5: 0.041990966 | AK5: 0.075650394 | AL5: 0.066236444 | AM5: 0.032869942 | AN5: 0.036517307 | AO5: 0.068531297 | AP5: 0.065215103 | AQ5: 0.14007755 | AR5: 0.16342324 | AS5: 0.18792152 | AT5: 0.19995156 | AU5: 0.19402838 | AV5: 0.15869357 | AW5: -0.035683066 | AX5: 0.03622634 | AY5: 0.11327735 | AZ5: 0.10470727 | BA5: 0.068495058 | BB5: -0.0073811114 | BC5: -0.037875481 | BD5: -0.023798844 | BE5: 0.001822005 | BF5: -0.023551453 | BG5: 0.00052555325 | BH5: 0.059344802 | BI5: 0.01402873 | BJ5: 0.0082117841 | BK5: 0.05560239 | BL5: -0.031602059 | BM5: 0.065659098 | BN5: -0.050475221 | BO5: -0.054688156 | BP5: -0.0030284571 | BQ5: 0.0079566333 | BR5: -0.027654411 | BS5: -0.0060201874 | BT5: 0.043329164 | BU5: 0.048520129 | BV5: 0.1427042 | BW5: 0.13052307 | BX5: 0.05240079 | BY5: 0.060546339 | BZ5: 0.0057873824 | CA5: -0.029747102 | CB5: -0.039389633 | CC5: 0.013708961 | CD5: 0.01496346 | CE5: 0.019200653 | CF5: 0.043813094 | CG5: 0.03011325 | CH5: 0.043025322 | CI5: 0.029372282 | CJ5: 0.041782275 | CK5: 0.03730081 | CL5: 0.060941599 | CM5: -0.038412053 | CN5: 0.023074511 | CO5: 0.15895571 | CP5: -0.036965128 | CQ5: 0.069797367 | CR5: -0.033767849 | CS5: 0.026915153 | CT5: 0.053638488 | CU5: 0.063532986 | CV5: 0.055906884 | CW5: 0.048717335 | CX5: 0.03190903 | CY5: 0.029662585 | CZ5: 0.036755949 | DA5: 0.026317593 | DB5: 0.02768035 | DC5: 0.037085291 | DD5: 0.019733299 | DE5: 0.041370407 | DF5: 0.040565908 | DG5: 0.033224057 | DH5: 0.024580572 | DI5: -0.028816845 | DJ5: 0.029332105 | DK5: 0.03270904 | DL5: 0.035447288 | DM5: 0.049034216 | DN5: -0.11219849 | DO5: 0.053319719 | DP5: 0.053090192 | DQ5: 0.067249388 | DR5: 0.038297854 | DS5: 0.045268748 | DT5: 0.0085754991 | DU5: 0.0015342087 | DV5: 0.038169108 | DW5: 0.030193541 | DX5: 0.034144994 | DY5: 0.054498199 | DZ5: 0.043653317 | EA5: 0.021745306 | EB5: 0.0062471032 | EC5: 0.021422952 | ED5: 0.017024625 | EE5: 0.053500138 | EF5: 0.057897598
A6: 選絕對值最大 | C6: {=MATCH(MAX(ABS(C3:C5)),ABS(C3:C5),0)} -> 3 | D6: {=MATCH(MAX(ABS(D3:D5)),ABS(D3:D5),0)} -> 3 | E6: {=MATCH(MAX(ABS(E3:E5)),ABS(E3:E5),0)} -> 3 | F6: {=MATCH(MAX(ABS(F3:F5)),ABS(F3:F5),0)} -> 3 | G6: {=MATCH(MAX(ABS(G3:G5)),ABS(G3:G5),0)} -> 3 | H6: {=MATCH(MAX(ABS(H3:H5)),ABS(H3:H5),0)} -> 3 | I6: {=MATCH(MAX(ABS(I3:I5)),ABS(I3:I5),0)} -> 3 | J6: {=MATCH(MAX(ABS(J3:J5)),ABS(J3:J5),0)} -> 3 | ... EF6: {=MATCH(MAX(ABS(EF3:EF5)),ABS(EF3:EF5),0)} -> 2
C7: =IF(C6=1,"bm",IF(C6=2,"size",IF(C6=3,"mom"))) -> mom | D7: =IF(D6=1,"bm",IF(D6=2,"size",IF(D6=3,"mom"))) -> mom | E7: =IF(E6=1,"bm",IF(E6=2,"size",IF(E6=3,"mom"))) -> mom | F7: =IF(F6=1,"bm",IF(F6=2,"size",IF(F6=3,"mom"))) -> mom | G7: =IF(G6=1,"bm",IF(G6=2,"size",IF(G6=3,"mom"))) -> mom | H7: =IF(H6=1,"bm",IF(H6=2,"size",IF(H6=3,"mom"))) -> mom | I7: =IF(I6=1,"bm",IF(I6=2,"size",IF(I6=3,"mom"))) -> mom | J7: =IF(J6=1,"bm",IF(J6=2,"size",IF(J6=3,"mom"))) -> mom | ... EF7: =IF(EF6=1,"bm",IF(EF6=2,"size",IF(EF6=3,"mom"))) -> size
C8: =IF(C6=1,C3,IF(C6=2,C4,IF(C6=3,C5))) -> 0.50836325 | D8: =IF(D6=1,D3,IF(D6=2,D4,IF(D6=3,D5))) -> 0.76913774 | E8: =IF(E6=1,E3,IF(E6=2,E4,IF(E6=3,E5))) -> 0.54195535 | F8: =IF(F6=1,F3,IF(F6=2,F4,IF(F6=3,F5))) -> 1.1543282 | G8: =IF(G6=1,G3,IF(G6=2,G4,IF(G6=3,G5))) -> 0.54750556 | H8: =IF(H6=1,H3,IF(H6=2,H4,IF(H6=3,H5))) -> 0.91896617 | I8: =IF(I6=1,I3,IF(I6=2,I4,IF(I6=3,I5))) -> 0.66497213 | J8: =IF(J6=1,J3,IF(J6=2,J4,IF(J6=3,J5))) -> 0.96098614 | ... EF8: =IF(EF6=1,EF3,IF(EF6=2,EF4,IF(EF6=3,EF5))) -> -0.07682889
A10: 投資組合 | C10: 公司數 | D10: 964
A11: 等分 | B11: 分數 | C11: 2014/01 | D11: 2014/02 | E11: 2014/03 | F11: 2014/04 | G11: 2014/05 | H11: 2014/06 | I11: 2014/07 | J11: 2014/08 | K11: 2014/09 | L11: 2014/10 | M11: 2014/11 | N11: 2014/12 | O11: 2015/01 | P11: 2015/02 | Q11: 2015/03 | R11: 2015/04 | S11: 2015/05 | T11: 2015/06 | U11: 2015/07 | V11: 2015/08 | W11: 2015/09 | X11: 2015/10 | Y11: 2015/11 | Z11: 2015/12 | AA11: 2016/01 | AB11: 2016/02 | AC11: 2016/03 | AD11: 2016/04 | AE11: 2016/05 | AF11: 2016/06 | AG11: 2016/07 | AH11: 2016/08 | AI11: 2016/09 | AJ11: 2016/10 | AK11: 2016/11 | AL11: 2016/12 | AM11: 2017/01 | AN11: 2017/02 | AO11: 2017/03 | AP11: 2017/04 | AQ11: 2017/05 | AR11: 2017/06 | AS11: 2017/07 | AT11: 2017/08 | AU11: 2017/09 | AV11: 2017/10 | AW11: 2017/11 | AX11: 2017/12 | AY11: 2018/01 | AZ11: 2018/02 | BA11: 2018/03 | BB11: 2018/04 | BC11: 2018/05 | BD11: 2018/06 | BE11: 2018/07 | BF11: 2018/08 | BG11: 2018/09 | BH11: 2018/10 | BI11: 2018/11 | BJ11: 2018/12 | BK11: 2019/01 | BL11: 2019/02 | BM11: 2019/03 | BN11: 2019/04 | BO11: 2019/05 | BP11: 2019/06 | BQ11: 2019/07 | BR11: 2019/08 | BS11: 2019/09 | BT11: 2019/10 | BU11: 2019/11 | BV11: 2019/12 | BW11: 2020/01 | BX11: 2020/02 | BY11: 2020/03 | BZ11: 2020/04 | CA11: 2020/05 | CB11: 2020/06 | CC11: 2020/07 | CD11: 2020/08 | CE11: 2020/09 | CF11: 2020/10 | CG11: 2020/11 | CH11: 2020/12 | CI11: 2021/01 | CJ11: 2021/02 | CK11: 2021/03 | CL11: 2021/04 | CM11: 2021/05 | CN11: 2021/06 | CO11: 2021/07 | CP11: 2021/08 | CQ11: 2021/09 | CR11: 2021/10 | CS11: 2021/11 | CT11: 2021/12 | CU11: 2022/01 | CV11: 2022/02 | CW11: 2022/03 | CX11: 2022/04 | CY11: 2022/05 | CZ11: 2022/06 | DA11: 2022/07 | DB11: 2022/08 | DC11: 2022/09 | DD11: 2022/10 | DE11: 2022/11 | DF11: 2022/12 | DG11: 2023/01 | DH11: 2023/02 | DI11: 2023/03 | DJ11: 2023/04 | DK11: 2023/05 | DL11: 2023/06 | DM11: 2023/07 | DN11: 2023/08 | DO11: 2023/09 | DP11: 2023/10 | DQ11: 2023/11 | DR11: 2023/12 | DS11: 2024/01 | DT11: 2024/02 | DU11: 2024/03 | DV11: 2024/04 | DW11: 2024/05 | DX11: 2024/06 | DY11: 2024/07 | DZ11: 2024/08 | EA11: 2024/09 | EB11: 2024/10 | EC11: 2024/11 | ED11: 2024/12 | EE11: 2025/01 | EF11: 2025/02 | EG11: sum | EH11: 勝率
A12: 10 | B12: 96 | C12: =IF(預測IC!C12>預測IC!C$26,1,0) -> 1 | D12: =IF(預測IC!D12>預測IC!D$26,1,0) -> 0 | E12: =IF(預測IC!E12>預測IC!E$26,1,0) -> 0 | F12: =IF(預測IC!F12>預測IC!F$26,1,0) -> 0 | G12: =IF(預測IC!G12>預測IC!G$26,1,0) -> 1 | H12: =IF(預測IC!H12>預測IC!H$26,1,0) -> 0 | I12: =IF(預測IC!I12>預測IC!I$26,1,0) -> 0 | J12: =IF(預測IC!J12>預測IC!J$26,1,0) -> 0 | ... EF12: =IF(預測IC!EF12>預測IC!EF$26,1,0) -> 1 | EG12: =SUM(C12:EF12) -> 62 | EH12: =SUM(C12:EF12)/134 -> 0.46268657
A13: 20 | B13: 48 | C13: =IF(預測IC!C13>預測IC!C$26,1,0) -> 1 | D13: =IF(預測IC!D13>預測IC!D$26,1,0) -> 0 | E13: =IF(預測IC!E13>預測IC!E$26,1,0) -> 0 | F13: =IF(預測IC!F13>預測IC!F$26,1,0) -> 0 | G13: =IF(預測IC!G13>預測IC!G$26,1,0) -> 0 | H13: =IF(預測IC!H13>預測IC!H$26,1,0) -> 0 | I13: =IF(預測IC!I13>預測IC!I$26,1,0) -> 1 | J13: =IF(預測IC!J13>預測IC!J$26,1,0) -> 1 | ... EF13: =IF(預測IC!EF13>預測IC!EF$26,1,0) -> 1 | EG13: =SUM(C13:EF13) -> 63 | EH13: =SUM(C13:EF13)/134 -> 0.47014925
A14: 50 | B14: 19 | C14: =IF(預測IC!C14>預測IC!C$26,1,0) -> 1 | D14: =IF(預測IC!D14>預測IC!D$26,1,0) -> 0 | E14: =IF(預測IC!E14>預測IC!E$26,1,0) -> 0 | F14: =IF(預測IC!F14>預測IC!F$26,1,0) -> 0 | G14: =IF(預測IC!G14>預測IC!G$26,1,0) -> 1 | H14: =IF(預測IC!H14>預測IC!H$26,1,0) -> 0 | I14: =IF(預測IC!I14>預測IC!I$26,1,0) -> 1 | J14: =IF(預測IC!J14>預測IC!J$26,1,0) -> 1 | ... EF14: =IF(預測IC!EF14>預測IC!EF$26,1,0) -> 1 | EG14: =SUM(C14:EF14) -> 58 | EH14: =SUM(C14:EF14)/134 -> 0.43283582
A15: 100 | B15: 10 | C15: =IF(預測IC!C15>預測IC!C$26,1,0) -> 1 | D15: =IF(預測IC!D15>預測IC!D$26,1,0) -> 0 | E15: =IF(預測IC!E15>預測IC!E$26,1,0) -> 0 | F15: =IF(預測IC!F15>預測IC!F$26,1,0) -> 1 | G15: =IF(預測IC!G15>預測IC!G$26,1,0) -> 1 | H15: =IF(預測IC!H15>預測IC!H$26,1,0) -> 0 | I15: =IF(預測IC!I15>預測IC!I$26,1,0) -> 1 | J15: =IF(預測IC!J15>預測IC!J$26,1,0) -> 1 | ... EF15: =IF(預測IC!EF15>預測IC!EF$26,1,0) -> 1 | EG15: =SUM(C15:EF15) -> 58 | EH15: =SUM(C15:EF15)/134 -> 0.43283582
A16: 107 | B16: 9 | C16: =IF(預測IC!C16>預測IC!C$26,1,0) -> 1 | D16: =IF(預測IC!D16>預測IC!D$26,1,0) -> 0 | E16: =IF(預測IC!E16>預測IC!E$26,1,0) -> 0 | F16: =IF(預測IC!F16>預測IC!F$26,1,0) -> 1 | G16: =IF(預測IC!G16>預測IC!G$26,1,0) -> 0 | H16: =IF(預測IC!H16>預測IC!H$26,1,0) -> 0 | I16: =IF(預測IC!I16>預測IC!I$26,1,0) -> 1 | J16: =IF(預測IC!J16>預測IC!J$26,1,0) -> 1 | ... EF16: =IF(預測IC!EF16>預測IC!EF$26,1,0) -> 1 | EG16: =SUM(C16:EF16) -> 57 | EH16: =SUM(C16:EF16)/134 -> 0.42537313
A17: 120 | B17: 8 | C17: =IF(預測IC!C17>預測IC!C$26,1,0) -> 1 | D17: =IF(預測IC!D17>預測IC!D$26,1,0) -> 0 | E17: =IF(預測IC!E17>預測IC!E$26,1,0) -> 0 | F17: =IF(預測IC!F17>預測IC!F$26,1,0) -> 1 | G17: =IF(預測IC!G17>預測IC!G$26,1,0) -> 1 | H17: =IF(預測IC!H17>預測IC!H$26,1,0) -> 0 | I17: =IF(預測IC!I17>預測IC!I$26,1,0) -> 1 | J17: =IF(預測IC!J17>預測IC!J$26,1,0) -> 1 | ... EF17: =IF(預測IC!EF17>預測IC!EF$26,1,0) -> 1 | EG17: =SUM(C17:EF17) -> 58 | EH17: =SUM(C17:EF17)/134 -> 0.43283582
A18: 137 | B18: 7 | C18: =IF(預測IC!C18>預測IC!C$26,1,0) -> 1 | D18: =IF(預測IC!D18>預測IC!D$26,1,0) -> 0 | E18: =IF(預測IC!E18>預測IC!E$26,1,0) -> 0 | F18: =IF(預測IC!F18>預測IC!F$26,1,0) -> 1 | G18: =IF(預測IC!G18>預測IC!G$26,1,0) -> 1 | H18: =IF(預測IC!H18>預測IC!H$26,1,0) -> 0 | I18: =IF(預測IC!I18>預測IC!I$26,1,0) -> 1 | J18: =IF(預測IC!J18>預測IC!J$26,1,0) -> 1 | ... EF18: =IF(預測IC!EF18>預測IC!EF$26,1,0) -> 1 | EG18: =SUM(C18:EF18) -> 63 | EH18: =SUM(C18:EF18)/134 -> 0.47014925
A19: 160 | B19: 6 | C19: =IF(預測IC!C19>預測IC!C$26,1,0) -> 1 | D19: =IF(預測IC!D19>預測IC!D$26,1,0) -> 0 | E19: =IF(預測IC!E19>預測IC!E$26,1,0) -> 0 | F19: =IF(預測IC!F19>預測IC!F$26,1,0) -> 1 | G19: =IF(預測IC!G19>預測IC!G$26,1,0) -> 1 | H19: =IF(預測IC!H19>預測IC!H$26,1,0) -> 0 | I19: =IF(預測IC!I19>預測IC!I$26,1,0) -> 1 | J19: =IF(預測IC!J19>預測IC!J$26,1,0) -> 1 | ... EF19: =IF(預測IC!EF19>預測IC!EF$26,1,0) -> 1 | EG19: =SUM(C19:EF19) -> 60 | EH19: =SUM(C19:EF19)/134 -> 0.44776119
A20: 192 | B20: 5 | C20: =IF(預測IC!C20>預測IC!C$26,1,0) -> 1 | D20: =IF(預測IC!D20>預測IC!D$26,1,0) -> 0 | E20: =IF(預測IC!E20>預測IC!E$26,1,0) -> 0 | F20: =IF(預測IC!F20>預測IC!F$26,1,0) -> 1 | G20: =IF(預測IC!G20>預測IC!G$26,1,0) -> 1 | H20: =IF(預測IC!H20>預測IC!H$26,1,0) -> 0 | I20: =IF(預測IC!I20>預測IC!I$26,1,0) -> 1 | J20: =IF(預測IC!J20>預測IC!J$26,1,0) -> 1 | ... EF20: =IF(預測IC!EF20>預測IC!EF$26,1,0) -> 1 | EG20: =SUM(C20:EF20) -> 58 | EH20: =SUM(C20:EF20)/134 -> 0.43283582
A21: 241 | B21: 4 | C21: =IF(預測IC!C21>預測IC!C$26,1,0) -> 1 | D21: =IF(預測IC!D21>預測IC!D$26,1,0) -> 0 | E21: =IF(預測IC!E21>預測IC!E$26,1,0) -> 0 | F21: =IF(預測IC!F21>預測IC!F$26,1,0) -> 1 | G21: =IF(預測IC!G21>預測IC!G$26,1,0) -> 1 | H21: =IF(預測IC!H21>預測IC!H$26,1,0) -> 0 | I21: =IF(預測IC!I21>預測IC!I$26,1,0) -> 1 | J21: =IF(預測IC!J21>預測IC!J$26,1,0) -> 1 | ... EF21: =IF(預測IC!EF21>預測IC!EF$26,1,0) -> 1 | EG21: =SUM(C21:EF21) -> 61 | EH21: =SUM(C21:EF21)/134 -> 0.45522388
A22: 321 | B22: 3 | C22: =IF(預測IC!C22>預測IC!C$26,1,0) -> 0 | D22: =IF(預測IC!D22>預測IC!D$26,1,0) -> 0 | E22: =IF(預測IC!E22>預測IC!E$26,1,0) -> 0 | F22: =IF(預測IC!F22>預測IC!F$26,1,0) -> 1 | G22: =IF(預測IC!G22>預測IC!G$26,1,0) -> 1 | H22: =IF(預測IC!H22>預測IC!H$26,1,0) -> 0 | I22: =IF(預測IC!I22>預測IC!I$26,1,0) -> 1 | J22: =IF(預測IC!J22>預測IC!J$26,1,0) -> 1 | ... EF22: =IF(預測IC!EF22>預測IC!EF$26,1,0) -> 1 | EG22: =SUM(C22:EF22) -> 60 | EH22: =SUM(C22:EF22)/134 -> 0.44776119
A23: 482 | B23: 2 | C23: =IF(預測IC!C23>預測IC!C$26,1,0) -> 0 | D23: =IF(預測IC!D23>預測IC!D$26,1,0) -> 1 | E23: =IF(預測IC!E23>預測IC!E$26,1,0) -> 0 | F23: =IF(預測IC!F23>預測IC!F$26,1,0) -> 1 | G23: =IF(預測IC!G23>預測IC!G$26,1,0) -> 0 | H23: =IF(預測IC!H23>預測IC!H$26,1,0) -> 0 | I23: =IF(預測IC!I23>預測IC!I$26,1,0) -> 1 | J23: =IF(預測IC!J23>預測IC!J$26,1,0) -> 1 | ... EF23: =IF(預測IC!EF23>預測IC!EF$26,1,0) -> 1 | EG23: =SUM(C23:EF23) -> 61 | EH23: =SUM(C23:EF23)/134 -> 0.45522388
A24: 964 | B24: 1 | C24: =IF(預測IC!C24>預測IC!C$26,1,0) -> 0 | D24: =IF(預測IC!D24>預測IC!D$26,1,0) -> 1 | E24: =IF(預測IC!E24>預測IC!E$26,1,0) -> 1 | F24: =IF(預測IC!F24>預測IC!F$26,1,0) -> 1 | G24: =IF(預測IC!G24>預測IC!G$26,1,0) -> 0 | H24: =IF(預測IC!H24>預測IC!H$26,1,0) -> 0 | I24: =IF(預測IC!I24>預測IC!I$26,1,0) -> 1 | J24: =IF(預測IC!J24>預測IC!J$26,1,0) -> 0 | ... EF24: =IF(預測IC!EF24>預測IC!EF$26,1,0) -> 1 | EG24: =SUM(C24:EF24) -> 65 | EH24: =SUM(C24:EF24)/134 -> 0.48507463
A26: 大盤 | B26: TWII | C26: -0.017446771 | D26: 0.020701061 | E26: 0.023982129 | F26: -0.006557579 | G26: 0.03184513 | H26: 0.034348533 | I26: -0.0082549328 | J26: 0.012843524 | K26: -0.051018525 | L26: 0.00087394274 | M26: 0.023389576 | N26: 0.012988972 | O26: 0.0058545887 | P26: 0.027413207 | Q26: -0.0037129361 | R26: 0.024076614 | S26: -0.012190025 | T26: -0.039749578 | U26: -0.07315545 | V26: -0.05826023 | W26: 0.00077279757 | X26: 0.044591521 | Y26: -0.02769968 | Z26: 0.0020950059 | AA26: -0.023400551 | AB26: 0.032129371 | AC26: 0.038903273 | AD26: -0.042865382 | AE26: 0.018647195 | AF26: 0.015229768 | AG26: 0.036016604 | AH26: 0.0093546114 | AI26: 0.010748251 | AJ26: 0.013357754 | AK26: -0.0053327473 | AL26: 0.0013831358 | AM26: 0.020795928 | AN26: 0.031517702 | AO26: 0.0062417165 | AP26: 0.0061452617 | AQ26: 0.016946358 | AR26: 0.03468283 | AS26: 0.0030985886 | AT26: 0.015081347 | AU26: -0.019251209 | AV26: 0.038711513 | AW26: -0.021856951 | AX26: 0.0077743007 | AY26: 0.042397247 | AZ26: -0.026308975 | BA26: 0.0095717493 | BB26: -0.024249741 | BC26: 0.020163374 | BD26: -0.0035049988 | BE26: 0.020151935 | BF26: 0.00058133623 | BG26: -0.005219701 | BH26: -0.11587176 | BI26: 0.0087252257 | BJ26: -0.016377261 | BK26: 0.020840372 | BL26: 0.044975872 | BM26: 0.023954306 | BN26: 0.030239101 | BO26: -0.043725888 | BP26: 0.02188947 | BQ26: 0.0086274303 | BR26: -0.019192954 | BS26: 0.01973513 | BT26: 0.047694337 | BU26: 0.011454817 | BV26: 0.043228621 | BW26: -0.04274743 | BX26: -0.017811292 | BY26: -0.1511531 | BZ26: 0.124224 | CA26: -0.0045572538 | CB26: 0.06021124 | CC26: 0.085992033 | CD26: -0.0058084796 | CE26: -0.006041347 | CF26: 0.0024523244 | CG26: 0.089636252 | CH26: 0.070992733 | CI26: 0.027170643 | CJ26: 0.052468428 | CK26: 0.029480661 | CL26: 0.066825081 | CM26: -0.028772229 | CN26: 0.039462516 | CO26: -0.029031087 | CP26: 0.013983883 | CQ26: -0.032276965 | CR26: 0.0031035766 | CS26: 0.025591856 | CT26: 0.044391886 | CU26: -0.030338959 | CV26: -0.0012579765 | CW26: 0.0023363565 | CX26: -0.064264145 | CY26: 0.012909779 | CZ26: -0.12547709 | DA26: 0.011690683 | DB26: 0.0063378437 | DC26: -0.11730536 | DD26: -0.036010872 | DE26: 0.1389113 | DF26: -0.051143506 | DG26: 0.076731447 | DH26: 0.015508782 | DI26: 0.023223774 | DJ26: -0.018372876 | DK26: 0.062199014 | DL26: 0.020098304 | DM26: 0.01349894 | DN26: -0.030252213 | DO26: -0.017022836 | DP26: -0.021788523 | DQ26: 0.085745625 | DR26: 0.028106744 | DS26: -0.0023031598 | DT26: 0.058471198 | DU26: 0.067658949 | DV26: 0.0050207706 | DW26: 0.037416184 | DX26: 0.084111004 | DY26: -0.036832399 | DZ26: 0.0030917028 | EA26: -0.0019576282 | EB26: 0.026459104 | EC26: -0.024752539 | ED26: 0.034115491 | EE26: 0.021061974 | EF26: -0.020277393

Sheet 累積報酬
A1: NN1
B2: Time | C2: 2013/12 | D2: 2014/01 | E2: 2014/02 | F2: 2014/03 | G2: 2014/04 | H2: 2014/05 | I2: 2014/06 | J2: 2014/07 | K2: 2014/08 | L2: 2014/09 | M2: 2014/10 | N2: 2014/11 | O2: 2014/12 | P2: 2015/01 | Q2: 2015/02 | R2: 2015/03 | S2: 2015/04 | T2: 2015/05 | U2: 2015/06 | V2: 2015/07 | W2: 2015/08 | X2: 2015/09 | Y2: 2015/10 | Z2: 2015/11 | AA2: 2015/12 | AB2: 2016/01 | AC2: 2016/02 | AD2: 2016/03 | AE2: 2016/04 | AF2: 2016/05 | AG2: 2016/06 | AH2: 2016/07 | AI2: 2016/08 | AJ2: 2016/09 | AK2: 2016/10 | AL2: 2016/11 | AM2: 2016/12 | AN2: 2017/01 | AO2: 2017/02 | AP2: 2017/03 | AQ2: 2017/04 | AR2: 2017/05 | AS2: 2017/06 | AT2: 2017/07 | AU2: 2017/08 | AV2: 2017/09 | AW2: 2017/10 | AX2: 2017/11 | AY2: 2017/12 | AZ2: 2018/01 | BA2: 2018/02 | BB2: 2018/03 | BC2: 2018/04 | BD2: 2018/05 | BE2: 2018/06 | BF2: 2018/07 | BG2: 2018/08 | BH2: 2018/09 | BI2: 2018/10 | BJ2: 2018/11 | BK2: 2018/12 | BL2: 2019/01 | BM2: 2019/02 | BN2: 2019/03 | BO2: 2019/04 | BP2: 2019/05 | BQ2: 2019/06 | BR2: 2019/07 | BS2: 2019/08 | BT2: 2019/09 | BU2: 2019/10 | BV2: 2019/11 | BW2: 2019/12 | BX2: 2020/01 | BY2: 2020/02 | BZ2: 2020/03 | CA2: 2020/04 | CB2: 2020/05 | CC2: 2020/06 | CD2: 2020/07 | CE2: 2020/08 | CF2: 2020/09 | CG2: 2020/10 | CH2: 2020/11 | CI2: 2020/12 | CJ2: 2021/01 | CK2: 2021/02 | CL2: 2021/03 | CM2: 2021/04 | CN2: 2021/05 | CO2: 2021/06 | CP2: 2021/07 | CQ2: 2021/08 | CR2: 2021/09 | CS2: 2021/10 | CT2: 2021/11 | CU2: 2021/12 | CV2: 2022/01 | CW2: 2022/02 | CX2: 2022/03 | CY2: 2022/04 | CZ2: 2022/05 | DA2: 2022/06 | DB2: 2022/07 | DC2: 2022/08 | DD2: 2022/09 | DE2: 2022/10 | DF2: 2022/11 | DG2: 2022/12 | DH2: 2023/01 | DI2: 2023/02 | DJ2: 2023/03 | DK2: 2023/04 | DL2: 2023/05 | DM2: 2023/06 | DN2: 2023/07 | DO2: 2023/08 | DP2: 2023/09 | DQ2: 2023/10 | DR2: 2023/11 | DS2: 2023/12 | DT2: 2024/01 | DU2: 2024/02 | DV2: 2024/03 | DW2: 2024/04 | DX2: 2024/05 | DY2: 2024/06 | DZ2: 2024/07 | EA2: 2024/08 | EB2: 2024/09 | EC2: 2024/10 | ED2: 2024/11 | EE2: 2024/12 | EF2: 2025/01
B3: bm | C3: -0.091369018 | D3: -0.11085416 | E3: 0.0010956228 | F3: -0.13442956 | G3: -0.17466807 | H3: 0.0054118875 | I3: -0.035852931 | J3: -0.077711277 | K3: -0.014497202 | L3: -0.047656506 | M3: -0.057244118 | N3: 2.6820228e-05 | O3: -0.030116424 | P3: -0.040258028 | Q3: 0.0037178267 | R3: 0.02920155 | S3: 0.0077254642 | T3: -0.058597654 | U3: 0.00065108575 | V3: -0.10709821 | W3: -0.19089989 | X3: -0.071200095 | Y3: -0.10008328 | Z3: -0.049232095 | AA3: -0.020465598 | AB3: -0.069066942 | AC3: -0.05033315 | AD3: -0.019147269 | AE3: -0.010799496 | AF3: 0.010335859 | AG3: 0.0060158502 | AH3: -0.26610976 | AI3: -0.14365202 | AJ3: -0.2545194 | AK3: 0.028104119 | AL3: -0.051742584 | AM3: -0.082977191 | AN3: -0.07035096 | AO3: -0.19681084 | AP3: -0.25679255 | AQ3: -0.059776843 | AR3: -0.041728809 | AS3: -0.08194682 | AT3: -0.13346004 | AU3: 0.0036019981 | AV3: 0.0079997703 | AW3: 0.0024315715 | AX3: 0.01277367 | AY3: 0.0027071089 | AZ3: 0.014640374 | BA3: 0.036530185 | BB3: 0.033319384 | BC3: 0.011332087 | BD3: -0.00077839196 | BE3: -0.017046392 | BF3: -0.028747007 | BG3: -0.0037359297 | BH3: 0.030615002 | BI3: -0.0013157427 | BJ3: -0.065720931 | BK3: -0.040063486 | BL3: -0.08897166 | BM3: -0.021720856 | BN3: -0.068609193 | BO3: -0.055181742 | BP3: -0.085352331 | BQ3: -0.036593899 | BR3: 0.035782557 | BS3: 0.033818975 | BT3: 0.037881386 | BU3: 0.033238206 | BV3: 0.046295919 | BW3: 0.035180662 | BX3: 0.02476749 | BY3: 0.033294946 | BZ3: 0.052433897 | CA3: 0.0048576407 | CB3: 0.037053939 | CC3: 0.026344806 | CD3: 0.036022436 | CE3: 0.026176233 | CF3: 0.018041616 | CG3: 0.014337597 | CH3: 0.010813093 | CI3: 0.0093775922 | CJ3: 0.03141886 | CK3: 0.029902643 | CL3: 0.028130077 | CM3: 0.017964363 | CN3: 0.0068069855 | CO3: 0.042052153 | CP3: 0.033009041 | CQ3: 0.023710907 | CR3: 0.026173286 | CS3: 0.019619772 | CT3: 0.014876774 | CU3: 0.040978026 | CV3: 0.0395329 | CW3: 0.024221046 | CX3: 0.042955689 | CY3: 0.028871555 | CZ3: 0.047397841 | DA3: 0.028573086 | DB3: 0.025090832 | DC3: 0.020950638 | DD3: 0.020789521 | DE3: 0.033207852 | DF3: 0.029750263 | DG3: 0.019087659 | DH3: 0.023787431 | DI3: 0.019194495 | DJ3: 0.035664935 | DK3: 0.037067931 | DL3: 0.024737032 | DM3: 0.031437267 | DN3: 0.025900939 | DO3: 0.022398051 | DP3: 0.019147078 | DQ3: 0.024746008 | DR3: 0.038861591 | DS3: 0.029537344 | DT3: 0.036585744 | DU3: 0.010436187 | DV3: 0.013549604 | DW3: 0.030600432 | DX3: 0.030763229 | DY3: 0.026879475 | DZ3: 0.038272426 | EA3: 0.037800625 | EB3: 0.0092485007 | EC3: 0.010824578 | ED3: 0.031915292 | EE3: 0.019924693 | EF3: 0.036655359
B4: size | C4: 0.045735888 | D4: 0.14219648 | E4: 0.12357825 | F4: 0.10848226 | G4: 0.095342577 | H4: 0.090842672 | I4: 0.07617455 | J4: 0.059771746 | K4: 0.06868922 | L4: 0.060447685 | M4: 0.027975643 | N4: 0.0097275795 | O4: 0.0093574636 | P4: -0.0017969056 | Q4: -0.0025195966 | R4: -0.003085715 | S4: -0.0031058353 | T4: -0.0042619519 | U4: -0.0093749613 | V4: -0.011537377 | W4: -0.011927816 | X4: -0.012192427 | Y4: -0.015751872 | Z4: -0.017309032 | AA4: -0.01748802 | AB4: -0.018466573 | AC4: -0.018643722 | AD4: -0.01895369 | AE4: -0.019215077 | AF4: -0.020113235 | AG4: -0.020260951 | AH4: -0.020400111 | AI4: -0.022575289 | AJ4: -0.022869756 | AK4: -0.023673112 | AL4: -0.050100833 | AM4: -0.029040024 | AN4: -0.029105987 | AO4: -0.030611878 | AP4: -0.030782696 | AQ4: -0.027796578 | AR4: -0.027182344 | AS4: -0.024847416 | AT4: -0.025312619 | AU4: -0.02542959 | AV4: -0.025587805 | AW4: -0.025955684 | AX4: -0.026252424 | AY4: -0.033910792 | AZ4: -0.028038723 | BA4: -0.027945993 | BB4: -0.032719225 | BC4: -0.032609779 | BD4: -0.03206097 | BE4: -0.032296058 | BF4: -0.032346584 | BG4: -0.032194518 | BH4: -0.019704346 | BI4: -0.027803266 | BJ4: -0.028010786 | BK4: -0.030229433 | BL4: -0.029914387 | BM4: -0.031547844 | BN4: -0.038578428 | BO4: -0.029772218 | BP4: -0.036932468 | BQ4: -0.03365827 | BR4: -0.011724529 | BS4: -0.015890749 | BT4: -0.020781642 | BU4: -0.020965751 | BV4: -0.017983368 | BW4: -0.022088327 | BX4: -0.030406095 | BY4: -0.03080483 | BZ4: -0.030603508 | CA4: -0.030999789 | CB4: -0.026412753 | CC4: -0.028904116 | CD4: -0.028219866 | CE4: -0.028157502 | CF4: -0.030116478 | CG4: -0.030005787 | CH4: -0.030040558 | CI4: -0.031394515 | CJ4: -0.031854711 | CK4: -0.031971924 | CL4: -0.035468247 | CM4: -0.031219956 | CN4: -0.035869151 | CO4: -0.031749379 | CP4: -0.031618152 | CQ4: -0.027020266 | CR4: -0.025449879 | CS4: -0.029090226 | CT4: -0.025807582 | CU4: -0.026407244 | CV4: -0.02782541 | CW4: -0.034329791 | CX4: -0.027993789 | CY4: -0.026280265 | CZ4: -0.027791232 | DA4: -0.029591462 | DB4: -0.034101341 | DC4: -0.03484321 | DD4: -0.032262605 | DE4: -0.028815899 | DF4: -0.02832257 | DG4: -0.026369631 | DH4: -0.031315241 | DI4: -0.029898226 | DJ4: -0.029556438 | DK4: -0.028653093 | DL4: -0.02926722 | DM4: -0.029532833 | DN4: -0.031904288 | DO4: -0.027400294 | DP4: -0.033020105 | DQ4: -0.026945302 | DR4: -0.028060446 | DS4: -0.027914209 | DT4: -0.027555149 | DU4: -0.025405545 | DV4: -0.026828792 | DW4: -0.037095267 | DX4: -0.027448662 | DY4: -0.031317905 | DZ4: -0.0242904 | EA4: -0.083518818 | EB4: -0.077344619 | EC4: -0.070242889 | ED4: -0.063896284 | EE4: -0.097872823 | EF4: -0.07682889
B5: mom | C5: 0.50836325 | D5: 0.76913774 | E5: 0.54195535 | F5: 1.1543282 | G5: 0.54750556 | H5: 0.91896617 | I5: 0.66497213 | J5: 0.96098614 | K5: 1.0693189 | L5: 0.58301491 | M5: 0.48336148 | N5: 0.43350995 | O5: 0.063416295 | P5: 0.033898823 | Q5: -0.63935673 | R5: -0.050250471 | S5: 0.066091195 | T5: -0.060526483 | U5: -0.05088184 | V5: 0.12953432 | W5: 0.1782714 | X5: 0.22364642 | Y5: 0.26079547 | Z5: 0.17032516 | AA5: 0.14871091 | AB5: 0.13639477 | AC5: 0.10649753 | AD5: 0.10512894 | AE5: 0.098157518 | AF5: 0.080513276 | AG5: 0.058855694 | AH5: 0.030879952 | AI5: -0.01261719 | AJ5: 0.041990966 | AK5: 0.075650394 | AL5: 0.066236444 | AM5: 0.032869942 | AN5: 0.036517307 | AO5: 0.068531297 | AP5: 0.065215103 | AQ5: 0.14007755 | AR5: 0.16342324 | AS5: 0.18792152 | AT5: 0.19995156 | AU5: 0.19402838 | AV5: 0.15869357 | AW5: -0.035683066 | AX5: 0.03622634 | AY5: 0.11327735 | AZ5: 0.10470727 | BA5: 0.068495058 | BB5: -0.0073811114 | BC5: -0.037875481 | BD5: -0.023798844 | BE5: 0.001822005 | BF5: -0.023551453 | BG5: 0.00052555325 | BH5: 0.059344802 | BI5: 0.01402873 | BJ5: 0.0082117841 | BK5: 0.05560239 | BL5: -0.031602059 | BM5: 0.065659098 | BN5: -0.050475221 | BO5: -0.054688156 | BP5: -0.0030284571 | BQ5: 0.0079566333 | BR5: -0.027654411 | BS5: -0.0060201874 | BT5: 0.043329164 | BU5: 0.048520129 | BV5: 0.1427042 | BW5: 0.13052307 | BX5: 0.05240079 | BY5: 0.060546339 | BZ5: 0.0057873824 | CA5: -0.029747102 | CB5: -0.039389633 | CC5: 0.013708961 | CD5: 0.01496346 | CE5: 0.019200653 | CF5: 0.043813094 | CG5: 0.03011325 | CH5: 0.043025322 | CI5: 0.029372282 | CJ5: 0.041782275 | CK5: 0.03730081 | CL5: 0.060941599 | CM5: -0.038412053 | CN5: 0.023074511 | CO5: 0.15895571 | CP5: -0.036965128 | CQ5: 0.069797367 | CR5: -0.033767849 | CS5: 0.026915153 | CT5: 0.053638488 | CU5: 0.063532986 | CV5: 0.055906884 | CW5: 0.048717335 | CX5: 0.03190903 | CY5: 0.029662585 | CZ5: 0.036755949 | DA5: 0.026317593 | DB5: 0.02768035 | DC5: 0.037085291 | DD5: 0.019733299 | DE5: 0.041370407 | DF5: 0.040565908 | DG5: 0.033224057 | DH5: 0.024580572 | DI5: -0.028816845 | DJ5: 0.029332105 | DK5: 0.03270904 | DL5: 0.035447288 | DM5: 0.049034216 | DN5: -0.11219849 | DO5: 0.053319719 | DP5: 0.053090192 | DQ5: 0.067249388 | DR5: 0.038297854 | DS5: 0.045268748 | DT5: 0.0085754991 | DU5: 0.0015342087 | DV5: 0.038169108 | DW5: 0.030193541 | DX5: 0.034144994 | DY5: 0.054498199 | DZ5: 0.043653317 | EA5: 0.021745306 | EB5: 0.0062471032 | EC5: 0.021422952 | ED5: 0.017024625 | EE5: 0.053500138 | EF5: 0.057897598
A6: 選絕對值最大 | C6: {=MATCH(MAX(ABS(C3:C5)),ABS(C3:C5),0)} -> 3 | D6: {=MATCH(MAX(ABS(D3:D5)),ABS(D3:D5),0)} -> 3 | E6: {=MATCH(MAX(ABS(E3:E5)),ABS(E3:E5),0)} -> 3 | F6: {=MATCH(MAX(ABS(F3:F5)),ABS(F3:F5),0)} -> 3 | G6: {=MATCH(MAX(ABS(G3:G5)),ABS(G3:G5),0)} -> 3 | H6: {=MATCH(MAX(ABS(H3:H5)),ABS(H3:H5),0)} -> 3 | I6: {=MATCH(MAX(ABS(I3:I5)),ABS(I3:I5),0)} -> 3 | J6: {=MATCH(MAX(ABS(J3:J5)),ABS(J3:J5),0)} -> 3 | ... EF6: {=MATCH(MAX(ABS(EF3:EF5)),ABS(EF3:EF5),0)} -> 2
C7: =IF(C6=1,"bm",IF(C6=2,"size",IF(C6=3,"mom"))) -> mom | D7: =IF(D6=1,"bm",IF(D6=2,"size",IF(D6=3,"mom"))) -> mom | E7: =IF(E6=1,"bm",IF(E6=2,"size",IF(E6=3,"mom"))) -> mom | F7: =IF(F6=1,"bm",IF(F6=2,"size",IF(F6=3,"mom"))) -> mom | G7: =IF(G6=1,"bm",IF(G6=2,"size",IF(G6=3,"mom"))) -> mom | H7: =IF(H6=1,"bm",IF(H6=2,"size",IF(H6=3,"mom"))) -> mom | I7: =IF(I6=1,"bm",IF(I6=2,"size",IF(I6=3,"mom"))) -> mom | J7: =IF(J6=1,"bm",IF(J6=2,"size",IF(J6=3,"mom"))) -> mom | ... EF7: =IF(EF6=1,"bm",IF(EF6=2,"size",IF(EF6=3,"mom"))) -> size
C8: =IF(C6=1,C3,IF(C6=2,C4,IF(C6=3,C5))) -> 0.50836325 | D8: =IF(D6=1,D3,IF(D6=2,D4,IF(D6=3,D5))) -> 0.76913774 | E8: =IF(E6=1,E3,IF(E6=2,E4,IF(E6=3,E5))) -> 0.54195535 | F8: =IF(F6=1,F3,IF(F6=2,F4,IF(F6=3,F5))) -> 1.1543282 | G8: =IF(G6=1,G3,IF(G6=2,G4,IF(G6=3,G5))) -> 0.54750556 | H8: =IF(H6=1,H3,IF(H6=2,H4,IF(H6=3,H5))) -> 0.91896617 | I8: =IF(I6=1,I3,IF(I6=2,I4,IF(I6=3,I5))) -> 0.66497213 | J8: =IF(J6=1,J3,IF(J6=2,J4,IF(J6=3,J5))) -> 0.96098614 | ... EF8: =IF(EF6=1,EF3,IF(EF6=2,EF4,IF(EF6=3,EF5))) -> -0.07682889
A10: 投資組合 | C10: 公司數 | D10: 964
A11: 等分 | B11: 分數 | C11: 2014/01 | D11: 2014/02 | E11: 2014/03 | F11: 2014/04 | G11: 2014/05 | H11: 2014/06 | I11: 2014/07 | J11: 2014/08 | K11: 2014/09 | L11: 2014/10 | M11: 2014/11 | N11: 2014/12 | O11: 2015/01 | P11: 2015/02 | Q11: 2015/03 | R11: 2015/04 | S11: 2015/05 | T11: 2015/06 | U11: 2015/07 | V11: 2015/08 | W11: 2015/09 | X11: 2015/10 | Y11: 2015/11 | Z11: 2015/12 | AA11: 2016/01 | AB11: 2016/02 | AC11: 2016/03 | AD11: 2016/04 | AE11: 2016/05 | AF11: 2016/06 | AG11: 2016/07 | AH11: 2016/08 | AI11: 2016/09 | AJ11: 2016/10 | AK11: 2016/11 | AL11: 2016/12 | AM11: 2017/01 | AN11: 2017/02 | AO11: 2017/03 | AP11: 2017/04 | AQ11: 2017/05 | AR11: 2017/06 | AS11: 2017/07 | AT11: 2017/08 | AU11: 2017/09 | AV11: 2017/10 | AW11: 2017/11 | AX11: 2017/12 | AY11: 2018/01 | AZ11: 2018/02 | BA11: 2018/03 | BB11: 2018/04 | BC11: 2018/05 | BD11: 2018/06 | BE11: 2018/07 | BF11: 2018/08 | BG11: 2018/09 | BH11: 2018/10 | BI11: 2018/11 | BJ11: 2018/12 | BK11: 2019/01 | BL11: 2019/02 | BM11: 2019/03 | BN11: 2019/04 | BO11: 2019/05 | BP11: 2019/06 | BQ11: 2019/07 | BR11: 2019/08 | BS11: 2019/09 | BT11: 2019/10 | BU11: 2019/11 | BV11: 2019/12 | BW11: 2020/01 | BX11: 2020/02 | BY11: 2020/03 | BZ11: 2020/04 | CA11: 2020/05 | CB11: 2020/06 | CC11: 2020/07 | CD11: 2020/08 | CE11: 2020/09 | CF11: 2020/10 | CG11: 2020/11 | CH11: 2020/12 | CI11: 2021/01 | CJ11: 2021/02 | CK11: 2021/03 | CL11: 2021/04 | CM11: 2021/05 | CN11: 2021/06 | CO11: 2021/07 | CP11: 2021/08 | CQ11: 2021/09 | CR11: 2021/10 | CS11: 2021/11 | CT11: 2021/12 | CU11: 2022/01 | CV11: 2022/02 | CW11: 2022/03 | CX11: 2022/04 | CY11: 2022/05 | CZ11: 2022/06 | DA11: 2022/07 | DB11: 2022/08 | DC11: 2022/09 | DD11: 2022/10 | DE11: 2022/11 | DF11: 2022/12 | DG11: 2023/01 | DH11: 2023/02 | DI11: 2023/03 | DJ11: 2023/04 | DK11: 2023/05 | DL11: 2023/06 | DM11: 2023/07 | DN11: 2023/08 | DO11: 2023/09 | DP11: 2023/10 | DQ11: 2023/11 | DR11: 2023/12 | DS11: 2024/01 | DT11: 2024/02 | DU11: 2024/03 | DV11: 2024/04 | DW11: 2024/05 | DX11: 2024/06 | DY11: 2024/07 | DZ11: 2024/08 | EA11: 2024/09 | EB11: 2024/10 | EC11: 2024/11 | ED11: 2024/12 | EE11: 2025/01 | EF11: 2025/02
A12: 10 | B12: 96 | C12: -0.014499247 | D12: =C12+預測IC!D12 -> 0.00017930451 | E12: =D12+預測IC!E12 -> -0.00121442 | F12: =E12+預測IC!F12 -> -0.057173805 | G12: =F12+預測IC!G12 -> -0.025226356 | H12: =G12+預測IC!H12 -> -0.015627098 | I12: =H12+預測IC!I12 -> -0.02428525 | J12: =I12+預測IC!J12 -> -0.016895457 | K12: =J12+預測IC!K12 -> 0.012292542 | ... EF12: =EE12+預測IC!EF12 -> 0.64074175
A13: 20 | B13: 48 | C13: 0.0074773642 | D13: =C13+預測IC!D13 -> 0.0020205042 | E13: =D13+預測IC!E13 -> -0.0035031225 | F13: =E13+預測IC!F13 -> -0.063489649 | G13: =F13+預測IC!G13 -> -0.051442245 | H13: =G13+預測IC!H13 -> -0.034053858 | I13: =H13+預測IC!I13 -> -0.0017678662 | J13: =I13+預測IC!J13 -> 0.021232542 | K13: =J13+預測IC!K13 -> 0.081558682 | ... EF13: =EE13+預測IC!EF13 -> 0.58023927
A14: 50 | B14: 19 | C14: 0.033228978 | D14: =C14+預測IC!D14 -> -0.10841467 | E14: =D14+預測IC!E14 -> -0.15633542 | F14: =E14+預測IC!F14 -> -0.21667732 | G14: =F14+預測IC!G14 -> -0.16302069 | H14: =G14+預測IC!H14 -> -0.17452895 | I14: =H14+預測IC!I14 -> -0.14442882 | J14: =I14+預測IC!J14 -> -0.099197243 | K14: =J14+預測IC!K14 -> -0.048369777 | ... EF14: =EE14+預測IC!EF14 -> -0.19903998
A15: 100 | B15: 10 | C15: 0.036350225 | D15: =C15+預測IC!D15 -> -0.23668465 | E15: =D15+預測IC!E15 -> -0.33202925 | F15: =E15+預測IC!F15 -> -0.29710782 | G15: =F15+預測IC!G15 -> -0.2627039 | H15: =G15+預測IC!H15 -> -0.26394762 | I15: =H15+預測IC!I15 -> -0.18465453 | J15: =I15+預測IC!J15 -> -0.12253332 | K15: =J15+預測IC!K15 -> -0.028018523 | ... EF15: =EE15+預測IC!EF15 -> -0.90888384
A16: 107 | B16: 9 | C16: 0.03943539 | D16: =C16+預測IC!D16 -> -0.19490259 | E16: =D16+預測IC!E16 -> -0.28160676 | F16: =E16+預測IC!F16 -> -0.20289129 | G16: =F16+預測IC!G16 -> -0.19474474 | H16: =G16+預測IC!H16 -> -0.19539409 | I16: =H16+預測IC!I16 -> -0.086176122 | J16: =I16+預測IC!J16 -> -0.013071483 | K16: =J16+預測IC!K16 -> 0.073349409 | ... EF16: =EE16+預測IC!EF16 -> -0.56424135
A17: 120 | B17: 8 | C17: 0.038913469 | D17: =C17+預測IC!D17 -> -0.12963389 | E17: =D17+預測IC!E17 -> -0.226305 | F17: =E17+預測IC!F17 -> -0.14555284 | G17: =F17+預測IC!G17 -> -0.040165763 | H17: =G17+預測IC!H17 -> -0.032222906 | I17: =H17+預測IC!I17 -> 0.080854618 | J17: =I17+預測IC!J17 -> 0.12914157 | K17: =J17+預測IC!K17 -> 0.23070165 | ... EF17: =EE17+預測IC!EF17 -> -0.25529636
A18: 137 | B18: 7 | C18: 0.059146798 | D18: =C18+預測IC!D18 -> -0.12487209 | E18: =D18+預測IC!E18 -> -0.22534771 | F18: =E18+預測IC!F18 -> -0.10596475 | G18: =F18+預測IC!G18 -> 0.0023516188 | H18: =G18+預測IC!H18 -> 0.010973847 | I18: =H18+預測IC!I18 -> 0.1396004 | J18: =I18+預測IC!J18 -> 0.23077363 | K18: =J18+預測IC!K18 -> 0.36642152 | ... EF18: =EE18+預測IC!EF18 -> -0.014253895
A19: 160 | B19: 6 | C19: 0.07386193 | D19: =C19+預測IC!D19 -> -0.14568094 | E19: =D19+預測IC!E19 -> -0.28626462 | F19: =E19+預測IC!F19 -> -0.10857595 | G19: =F19+預測IC!G19 -> -0.012509981 | H19: =G19+預測IC!H19 -> -0.02457877 | I19: =H19+預測IC!I19 -> 0.10953341 | J19: =I19+預測IC!J19 -> 0.22097065 | K19: =J19+預測IC!K19 -> 0.45976007 | ... EF19: =EE19+預測IC!EF19 -> -0.98020528
A20: 192 | B20: 5 | C20: -0.011241332 | D20: =C20+預測IC!D20 -> -0.23382773 | E20: =D20+預測IC!E20 -> -0.37995263 | F20: =E20+預測IC!F20 -> -0.17442137 | G20: =F20+預測IC!G20 -> -0.057238225 | H20: =G20+預測IC!H20 -> -0.045655199 | I20: =H20+預測IC!I20 -> 0.14020798 | J20: =I20+預測IC!J20 -> 0.28749611 | K20: =J20+預測IC!K20 -> 0.50222061 | ... EF20: =EE20+預測IC!EF20 -> -1.4532186
A21: 241 | B21: 4 | C21: -0.010384834 | D21: =C21+預測IC!D21 -> -0.33539312 | E21: =D21+預測IC!E21 -> -0.37911067 | F21: =E21+預測IC!F21 -> -0.19507209 | G21: =F21+預測IC!G21 -> -0.051229938 | H21: =G21+預測IC!H21 -> -0.089074015 | I21: =H21+預測IC!I21 -> 0.15024905 | J21: =I21+預測IC!J21 -> 0.24081569 | K21: =J21+預測IC!K21 -> 0.44769571 | ... EF21: =EE21+預測IC!EF21 -> -1.1810787
A22: 321 | B22: 3 | C22: -0.025922327 | D22: =C22+預測IC!D22 -> -0.44334425 | E22: =D22+預測IC!E22 -> -0.46557466 | F22: =E22+預測IC!F22 -> -0.3977436 | G22: =F22+預測IC!G22 -> -0.29385924 | H22: =G22+預測IC!H22 -> -0.52366478 | I22: =H22+預測IC!I22 -> -0.26923188 | J22: =I22+預測IC!J22 -> -0.1508536 | K22: =J22+預測IC!K22 -> 0.094512313 | ... EF22: =EE22+預測IC!EF22 -> -2.1308181
A23: 482 | B23: 2 | C23: -0.031325685 | D23: =C23+預測IC!D23 -> 0.057640938 | E23: =D23+預測IC!E23 -> 0.04257935 | F23: =E23+預測IC!F23 -> 0.22497543 | G23: =F23+預測IC!G23 -> 0.19800386 | H23: =G23+預測IC!H23 -> -0.064806384 | I23: =H23+預測IC!I23 -> 0.19089649 | J23: =I23+預測IC!J23 -> 0.34619031 | K23: =J23+預測IC!K23 -> 0.48879788 | ... EF23: =EE23+預測IC!EF23 -> -2.1654305
A24: 964 | B24: 1 | C24: -0.027766967 | D24: =C24+預測IC!D24 -> 0.054221412 | E24: =D24+預測IC!E24 -> 0.13610175 | F24: =E24+預測IC!F24 -> 0.33764747 | G24: =F24+預測IC!G24 -> 0.31502508 | H24: =G24+預測IC!H24 -> -0.035797115 | I24: =H24+預測IC!I24 -> 0.20458913 | J24: =I24+預測IC!J24 -> 0.20862486 | K24: =J24+預測IC!K24 -> 0.25906919 | ... EF24: =EE24+預測IC!EF24 -> -2.1695311
A25: 大盤 | B25: TWII | C25: -0.017446771 | D25: =C25+預測IC!D26 -> 0.00325429 | E25: =D25+預測IC!E26 -> 0.027236419 | F25: =E25+預測IC!F26 -> 0.02067884 | G25: =F25+預測IC!G26 -> 0.05252397 | H25: =G25+預測IC!H26 -> 0.086872503 | I25: =H25+預測IC!I26 -> 0.07861757 | J25: =I25+預測IC!J26 -> 0.091461094 | K25: =J25+預測IC!K26 -> 0.04044257 | ... EF25: =EE25+預測IC!EF26 -> 0.98470404

Sheet 預測累積畫圖
A1: NN1
B2: Time | C2: 2013/12 | D2: 2014/01 | E2: 2014/02 | F2: 2014/03 | G2: 2014/04 | H2: 2014/05 | I2: 2014/06 | J2: 2014/07 | K2: 2014/08 | L2: 2014/09 | M2: 2014/10 | N2: 2014/11 | O2: 2014/12 | P2: 2015/01 | Q2: 2015/02 | R2: 2015/03 | S2: 2015/04 | T2: 2015/05 | U2: 2015/06 | V2: 2015/07 | W2: 2015/08 | X2: 2015/09 | Y2: 2015/10 | Z2: 2015/11 | AA2: 2015/12 | AB2: 2016/01 | AC2: 2016/02 | AD2: 2016/03 | AE2: 2016/04 | AF2: 2016/05 | AG2: 2016/06 | AH2: 2016/07 | AI2: 2016/08 | AJ2: 2016/09 | AK2: 2016/10 | AL2: 2016/11 | AM2: 2016/12 | AN2: 2017/01 | AO2: 2017/02 | AP2: 2017/03 | AQ2: 2017/04 | AR2: 2017/05 | AS2: 2017/06 | AT2: 2017/07 | AU2: 2017/08 | AV2: 2017/09 | AW2: 2017/10 | AX2: 2017/11 | AY2: 2017/12 | AZ2: 2018/01 | BA2: 2018/02 | BB2: 2018/03 | BC2: 2018/04 | BD2: 2018/05 | BE2: 2018/06 | BF2: 2018/07 | BG2: 2018/08 | BH2: 2018/09 | BI2: 2018/10 | BJ2: 2018/11 | BK2: 2018/12 | BL2: 2019/01 | BM2: 2019/02 | BN2: 2019/03 | BO2: 2019/04 | BP2: 2019/05 | BQ2: 2019/06 | BR2: 2019/07 | BS2: 2019/08 | BT2: 2019/09 | BU2: 2019/10 | BV2: 2019/11 | BW2: 2019/12 | BX2: 2020/01 | BY2: 2020/02 | BZ2: 2020/03 | CA2: 2020/04 | CB2: 2020/05 | CC2: 2020/06 | CD2: 2020/07 | CE2: 2020/08 | CF2: 2020/09 | CG2: 2020/10 | CH2: 2020/11 | CI2: 2020/12 | CJ2: 2021/01 | CK2: 2021/02 | CL2: 2021/03 | CM2: 2021/04 | CN2: 2021/05 | CO2: 2021/06 | CP2: 2021/07 | CQ2: 2021/08 | CR2: 2021/09 | CS2: 2021/10 | CT2: 2021/11 | CU2: 2021/12 | CV2: 2022/01 | CW2: 2022/02 | CX2: 2022/03 | CY2: 2022/04 | CZ2: 2022/05 | DA2: 2022/06 | DB2: 2022/07 | DC2: 2022/08 | DD2: 2022/09 | DE2: 2022/10 | DF2: 2022/11 | DG2: 2022/12 | DH2: 2023/01 | DI2: 2023/02 | DJ2: 2023/03 | DK2: 2023/04 | DL2: 2023/05 | DM2: 2023/06 | DN2: 2023/07 | DO2: 2023/08 | DP2: 2023/09 | DQ2: 2023/10 | DR2: 2023/11 | DS2: 2023/12 | DT2: 2024/01 | DU2: 2024/02 | DV2: 2024/03 | DW2: 2024/04 | DX2: 2024/05 | DY2: 2024/06 | DZ2: 2024/07 | EA2: 2024/08 | EB2: 2024/09 | EC2: 2024/10 | ED2: 2024/11 | EE2: 2024/12 | EF2: 2025/01
B3: bm | C3: -0.091369018 | D3: -0.11085416 | E3: 0.0010956228 | F3: -0.13442956 | G3: -0.17466807 | H3: 0.0054118875 | I3: -0.035852931 | J3: -0.077711277 | K3: -0.014497202 | L3: -0.047656506 | M3: -0.057244118 | N3: 2.6820228e-05 | O3: -0.030116424 | P3: -0.040258028 | Q3: 0.0037178267 | R3: 0.02920155 | S3: 0.0077254642 | T3: -0.058597654 | U3: 0.00065108575 | V3: -0.10709821 | W3: -0.19089989 | X3: -0.071200095 | Y3: -0.10008328 | Z3: -0.049232095 | AA3: -0.020465598 | AB3: -0.069066942 | AC3: -0.05033315 | AD3: -0.019147269 | AE3: -0.010799496 | AF3: 0.010335859 | AG3: 0.0060158502 | AH3: -0.26610976 | AI3: -0.14365202 | AJ3: -0.2545194 | AK3: 0.028104119 | AL3: -0.051742584 | AM3: -0.082977191 | AN3: -0.07035096 | AO3: -0.19681084 | AP3: -0.25679255 | AQ3: -0.059776843 | AR3: -0.041728809 | AS3: -0.08194682 | AT3: -0.13346004 | AU3: 0.0036019981 | AV3: 0.0079997703 | AW3: 0.0024315715 | AX3: 0.01277367 | AY3: 0.0027071089 | AZ3: 0.014640374 | BA3: 0.036530185 | BB3: 0.033319384 | BC3: 0.011332087 | BD3: -0.00077839196 | BE3: -0.017046392 | BF3: -0.028747007 | BG3: -0.0037359297 | BH3: 0.030615002 | BI3: -0.0013157427 | BJ3: -0.065720931 | BK3: -0.040063486 | BL3: -0.08897166 | BM3: -0.021720856 | BN3: -0.068609193 | BO3: -0.055181742 | BP3: -0.085352331 | BQ3: -0.036593899 | BR3: 0.035782557 | BS3: 0.033818975 | BT3: 0.037881386 | BU3: 0.033238206 | BV3: 0.046295919 | BW3: 0.035180662 | BX3: 0.02476749 | BY3: 0.033294946 | BZ3: 0.052433897 | CA3: 0.0048576407 | CB3: 0.037053939 | CC3: 0.026344806 | CD3: 0.036022436 | CE3: 0.026176233 | CF3: 0.018041616 | CG3: 0.014337597 | CH3: 0.010813093 | CI3: 0.0093775922 | CJ3: 0.03141886 | CK3: 0.029902643 | CL3: 0.028130077 | CM3: 0.017964363 | CN3: 0.0068069855 | CO3: 0.042052153 | CP3: 0.033009041 | CQ3: 0.023710907 | CR3: 0.026173286 | CS3: 0.019619772 | CT3: 0.014876774 | CU3: 0.040978026 | CV3: 0.0395329 | CW3: 0.024221046 | CX3: 0.042955689 | CY3: 0.028871555 | CZ3: 0.047397841 | DA3: 0.028573086 | DB3: 0.025090832 | DC3: 0.020950638 | DD3: 0.020789521 | DE3: 0.033207852 | DF3: 0.029750263 | DG3: 0.019087659 | DH3: 0.023787431 | DI3: 0.019194495 | DJ3: 0.035664935 | DK3: 0.037067931 | DL3: 0.024737032 | DM3: 0.031437267 | DN3: 0.025900939 | DO3: 0.022398051 | DP3: 0.019147078 | DQ3: 0.024746008 | DR3: 0.038861591 | DS3: 0.029537344 | DT3: 0.036585744 | DU3: 0.010436187 | DV3: 0.013549604 | DW3: 0.030600432 | DX3: 0.030763229 | DY3: 0.026879475 | DZ3: 0.038272426 | EA3: 0.037800625 | EB3: 0.0092485007 | EC3: 0.010824578 | ED3: 0.031915292 | EE3: 0.019924693 | EF3: 0.036655359
B4: size | C4: 0.045735888 | D4: 0.14219648 | E4: 0.12357825 | F4: 0.10848226 | G4: 0.095342577 | H4: 0.090842672 | I4: 0.07617455 | J4: 0.059771746 | K4: 0.06868922 | L4: 0.060447685 | M4: 0.027975643 | N4: 0.0097275795 | O4: 0.0093574636 | P4: -0.0017969056 | Q4: -0.0025195966 | R4: -0.003085715 | S4: -0.0031058353 | T4: -0.0042619519 | U4: -0.0093749613 | V4: -0.011537377 | W4: -0.011927816 | X4: -0.012192427 | Y4: -0.015751872 | Z4: -0.017309032 | AA4: -0.01748802 | AB4: -0.018466573 | AC4: -0.018643722 | AD4: -0.01895369 | AE4: -0.019215077 | AF4: -0.020113235 | AG4: -0.020260951 | AH4: -0.020400111 | AI4: -0.022575289 | AJ4: -0.022869756 | AK4: -0.023673112 | AL4: -0.050100833 | AM4: -0.029040024 | AN4: -0.029105987 | AO4: -0.030611878 | AP4: -0.030782696 | AQ4: -0.027796578 | AR4: -0.027182344 | AS4: -0.024847416 | AT4: -0.025312619 | AU4: -0.02542959 | AV4: -0.025587805 | AW4: -0.025955684 | AX4: -0.026252424 | AY4: -0.033910792 | AZ4: -0.028038723 | BA4: -0.027945993 | BB4: -0.032719225 | BC4: -0.032609779 | BD4: -0.03206097 | BE4: -0.032296058 | BF4: -0.032346584 | BG4: -0.032194518 | BH4: -0.019704346 | BI4: -0.027803266 | BJ4: -0.028010786 | BK4: -0.030229433 | BL4: -0.029914387 | BM4: -0.031547844 | BN4: -0.038578428 | BO4: -0.029772218 | BP4: -0.036932468 | BQ4: -0.03365827 | BR4: -0.011724529 | BS4: -0.015890749 | BT4: -0.020781642 | BU4: -0.020965751 | BV4: -0.017983368 | BW4: -0.022088327 | BX4: -0.030406095 | BY4: -0.03080483 | BZ4: -0.030603508 | CA4: -0.030999789 | CB4: -0.026412753 | CC4: -0.028904116 | CD4: -0.028219866 | CE4: -0.028157502 | CF4: -0.030116478 | CG4: -0.030005787 | CH4: -0.030040558 | CI4: -0.031394515 | CJ4: -0.031854711 | CK4: -0.031971924 | CL4: -0.035468247 | CM4: -0.031219956 | CN4: -0.035869151 | CO4: -0.031749379 | CP4: -0.031618152 | CQ4: -0.027020266 | CR4: -0.025449879 | CS4: -0.029090226 | CT4: -0.025807582 | CU4: -0.026407244 | CV4: -0.02782541 | CW4: -0.034329791 | CX4: -0.027993789 | CY4: -0.026280265 | CZ4: -0.027791232 | DA4: -0.029591462 | DB4: -0.034101341 | DC4: -0.03484321 | DD4: -0.032262605 | DE4: -0.028815899 | DF4: -0.02832257 | DG4: -0.026369631 | DH4: -0.031315241 | DI4: -0.029898226 | DJ4: -0.029556438 | DK4: -0.028653093 | DL4: -0.02926722 | DM4: -0.029532833 | DN4: -0.031904288 | DO4: -0.027400294 | DP4: -0.033020105 | DQ4: -0.026945302 | DR4: -0.028060446 | DS4: -0.027914209 | DT4: -0.027555149 | DU4: -0.025405545 | DV4: -0.026828792 | DW4: -0.037095267 | DX4: -0.027448662 | DY4: -0.031317905 | DZ4: -0.0242904 | EA4: -0.083518818 | EB4: -0.077344619 | EC4: -0.070242889 | ED4: -0.063896284 | EE4: -0.097872823 | EF4: -0.07682889
B5: mom | C5: 0.50836325 | D5: 0.76913774 | E5: 0.54195535 | F5: 1.1543282 | G5: 0.54750556 | H5: 0.91896617 | I5: 0.66497213 | J5: 0.96098614 | K5: 1.0693189 | L5: 0.58301491 | M5: 0.48336148 | N5: 0.43350995 | O5: 0.063416295 | P5: 0.033898823 | Q5: -0.63935673 | R5: -0.050250471 | S5: 0.066091195 | T5: -0.060526483 | U5: -0.05088184 | V5: 0.12953432 | W5: 0.1782714 | X5: 0.22364642 | Y5: 0.26079547 | Z5: 0.17032516 | AA5: 0.14871091 | AB5: 0.13639477 | AC5: 0.10649753 | AD5: 0.10512894 | AE5: 0.098157518 | AF5: 0.080513276 | AG5: 0.058855694 | AH5: 0.030879952 | AI5: -0.01261719 | AJ5: 0.041990966 | AK5: 0.075650394 | AL5: 0.066236444 | AM5: 0.032869942 | AN5: 0.036517307 | AO5: 0.068531297 | AP5: 0.065215103 | AQ5: 0.14007755 | AR5: 0.16342324 | AS5: 0.18792152 | AT5: 0.19995156 | AU5: 0.19402838 | AV5: 0.15869357 | AW5: -0.035683066 | AX5: 0.03622634 | AY5: 0.11327735 | AZ5: 0.10470727 | BA5: 0.068495058 | BB5: -0.0073811114 | BC5: -0.037875481 | BD5: -0.023798844 | BE5: 0.001822005 | BF5: -0.023551453 | BG5: 0.00052555325 | BH5: 0.059344802 | BI5: 0.01402873 | BJ5: 0.0082117841 | BK5: 0.05560239 | BL5: -0.031602059 | BM5: 0.065659098 | BN5: -0.050475221 | BO5: -0.054688156 | BP5: -0.0030284571 | BQ5: 0.0079566333 | BR5: -0.027654411 | BS5: -0.0060201874 | BT5: 0.043329164 | BU5: 0.048520129 | BV5: 0.1427042 | BW5: 0.13052307 | BX5: 0.05240079 | BY5: 0.060546339 | BZ5: 0.0057873824 | CA5: -0.029747102 | CB5: -0.039389633 | CC5: 0.013708961 | CD5: 0.01496346 | CE5: 0.019200653 | CF5: 0.043813094 | CG5: 0.03011325 | CH5: 0.043025322 | CI5: 0.029372282 | CJ5: 0.041782275 | CK5: 0.03730081 | CL5: 0.060941599 | CM5: -0.038412053 | CN5: 0.023074511 | CO5: 0.15895571 | CP5: -0.036965128 | CQ5: 0.069797367 | CR5: -0.033767849 | CS5: 0.026915153 | CT5: 0.053638488 | CU5: 0.063532986 | CV5: 0.055906884 | CW5: 0.048717335 | CX5: 0.03190903 | CY5: 0.029662585 | CZ5: 0.036755949 | DA5: 0.026317593 | DB5: 0.02768035 | DC5: 0.037085291 | DD5: 0.019733299 | DE5: 0.041370407 | DF5: 0.040565908 | DG5: 0.033224057 | DH5: 0.024580572 | DI5: -0.028816845 | DJ5: 0.029332105 | DK5: 0.03270904 | DL5: 0.035447288 | DM5: 0.049034216 | DN5: -0.11219849 | DO5: 0.053319719 | DP5: 0.053090192 | DQ5: 0.067249388 | DR5: 0.038297854 | DS5: 0.045268748 | DT5: 0.0085754991 | DU5: 0.0015342087 | DV5: 0.038169108 | DW5: 0.030193541 | DX5: 0.034144994 | DY5: 0.054498199 | DZ5: 0.043653317 | EA5: 0.021745306 | EB5: 0.0062471032 | EC5: 0.021422952 | ED5: 0.017024625 | EE5: 0.053500138 | EF5: 0.057897598
A6: 選絕對值最大 | C6: {=MATCH(MAX(ABS(C3:C5)),ABS(C3:C5),0)} -> 3 | D6: {=MATCH(MAX(ABS(D3:D5)),ABS(D3:D5),0)} -> 3 | E6: {=MATCH(MAX(ABS(E3:E5)),ABS(E3:E5),0)} -> 3 | F6: {=MATCH(MAX(ABS(F3:F5)),ABS(F3:F5),0)} -> 3 | G6: {=MATCH(MAX(ABS(G3:G5)),ABS(G3:G5),0)} -> 3 | H6: {=MATCH(MAX(ABS(H3:H5)),ABS(H3:H5),0)} -> 3 | I6: {=MATCH(MAX(ABS(I3:I5)),ABS(I3:I5),0)} -> 3 | J6: {=MATCH(MAX(ABS(J3:J5)),ABS(J3:J5),0)} -> 3 | ... EF6: {=MATCH(MAX(ABS(EF3:EF5)),ABS(EF3:EF5),0)} -> 2
C7: =IF(C6=1,"bm",IF(C6=2,"size",IF(C6=3,"mom"))) -> mom | D7: =IF(D6=1,"bm",IF(D6=2,"size",IF(D6=3,"mom"))) -> mom | E7: =IF(E6=1,"bm",IF(E6=2,"size",IF(E6=3,"mom"))) -> mom | F7: =IF(F6=1,"bm",IF(F6=2,"size",IF(F6=3,"mom"))) -> mom | G7: =IF(G6=1,"bm",IF(G6=2,"size",IF(G6=3,"mom"))) -> mom | H7: =IF(H6=1,"bm",IF(H6=2,"size",IF(H6=3,"mom"))) -> mom | I7: =IF(I6=1,"bm",IF(I6=2,"size",IF(I6=3,"mom"))) -> mom | J7: =IF(J6=1,"bm",IF(J6=2,"size",IF(J6=3,"mom"))) -> mom | ... EF7: =IF(EF6=1,"bm",IF(EF6=2,"size",IF(EF6=3,"mom"))) -> size
C8: =IF(C6=1,C3,IF(C6=2,C4,IF(C6=3,C5))) -> 0.50836325 | D8: =IF(D6=1,D3,IF(D6=2,D4,IF(D6=3,D5))) -> 0.76913774 | E8: =IF(E6=1,E3,IF(E6=2,E4,IF(E6=3,E5))) -> 0.54195535 | F8: =IF(F6=1,F3,IF(F6=2,F4,IF(F6=3,F5))) -> 1.1543282 | G8: =IF(G6=1,G3,IF(G6=2,G4,IF(G6=3,G5))) -> 0.54750556 | H8: =IF(H6=1,H3,IF(H6=2,H4,IF(H6=3,H5))) -> 0.91896617 | I8: =IF(I6=1,I3,IF(I6=2,I4,IF(I6=3,I5))) -> 0.66497213 | J8: =IF(J6=1,J3,IF(J6=2,J4,IF(J6=3,J5))) -> 0.96098614 | ... EF8: =IF(EF6=1,EF3,IF(EF6=2,EF4,IF(EF6=3,EF5))) -> -0.07682889
A10: 投資組合 | C10: 公司數 | D10: 964
B11: 等分 | C11: 2014/01 | D11: 2014/02 | E11: 2014/03 | F11: 2014/04 | G11: 2014/05 | H11: 2014/06 | I11: 2014/07 | J11: 2014/08 | K11: 2014/09 | L11: 2014/10 | M11: 2014/11 | N11: 2014/12 | O11: 2015/01 | P11: 2015/02 | Q11: 2015/03 | R11: 2015/04 | S11: 2015/05 | T11: 2015/06 | U11: 2015/07 | V11: 2015/08 | W11: 2015/09 | X11: 2015/10 | Y11: 2015/11 | Z11: 2015/12 | AA11: 2016/01 | AB11: 2016/02 | AC11: 2016/03 | AD11: 2016/04 | AE11: 2016/05 | AF11: 2016/06 | AG11: 2016/07 | AH11: 2016/08 | AI11: 2016/09 | AJ11: 2016/10 | AK11: 2016/11 | AL11: 2016/12 | AM11: 2017/01 | AN11: 2017/02 | AO11: 2017/03 | AP11: 2017/04 | AQ11: 2017/05 | AR11: 2017/06 | AS11: 2017/07 | AT11: 2017/08 | AU11: 2017/09 | AV11: 2017/10 | AW11: 2017/11 | AX11: 2017/12 | AY11: 2018/01 | AZ11: 2018/02 | BA11: 2018/03 | BB11: 2018/04 | BC11: 2018/05 | BD11: 2018/06 | BE11: 2018/07 | BF11: 2018/08 | BG11: 2018/09 | BH11: 2018/10 | BI11: 2018/11 | BJ11: 2018/12 | BK11: 2019/01 | BL11: 2019/02 | BM11: 2019/03 | BN11: 2019/04 | BO11: 2019/05 | BP11: 2019/06 | BQ11: 2019/07 | BR11: 2019/08 | BS11: 2019/09 | BT11: 2019/10 | BU11: 2019/11 | BV11: 2019/12 | BW11: 2020/01 | BX11: 2020/02 | BY11: 2020/03 | BZ11: 2020/04 | CA11: 2020/05 | CB11: 2020/06 | CC11: 2020/07 | CD11: 2020/08 | CE11: 2020/09 | CF11: 2020/10 | CG11: 2020/11 | CH11: 2020/12 | CI11: 2021/01 | CJ11: 2021/02 | CK11: 2021/03 | CL11: 2021/04 | CM11: 2021/05 | CN11: 2021/06 | CO11: 2021/07 | CP11: 2021/08 | CQ11: 2021/09 | CR11: 2021/10 | CS11: 2021/11 | CT11: 2021/12 | CU11: 2022/01 | CV11: 2022/02 | CW11: 2022/03 | CX11: 2022/04 | CY11: 2022/05 | CZ11: 2022/06 | DA11: 2022/07 | DB11: 2022/08 | DC11: 2022/09 | DD11: 2022/10 | DE11: 2022/11 | DF11: 2022/12 | DG11: 2023/01 | DH11: 2023/02 | DI11: 2023/03 | DJ11: 2023/04 | DK11: 2023/05 | DL11: 2023/06 | DM11: 2023/07 | DN11: 2023/08 | DO11: 2023/09 | DP11: 2023/10 | DQ11: 2023/11 | DR11: 2023/12 | DS11: 2024/01 | DT11: 2024/02 | DU11: 2024/03 | DV11: 2024/04 | DW11: 2024/05 | DX11: 2024/06 | DY11: 2024/07 | DZ11: 2024/08 | EA11: 2024/09 | EB11: 2024/10 | EC11: 2024/11 | ED11: 2024/12 | EE11: 2025/01 | EF11: 2025/02
B12: 10等分 | C12: -0.014499247 | D12: 0.00017930451 | E12: -0.00121442 | F12: -0.057173805 | G12: -0.025226356 | H12: -0.015627098 | I12: -0.02428525 | J12: -0.016895457 | K12: 0.012292542 | L12: 0.021051098 | M12: 0.047940271 | N12: 0.013236917 | O12: 0.041151676 | P12: 0.062572097 | Q12: 0.057456414 | R12: 0.044302925 | S12: 0.055357955 | T12: 0.0074902388 | U12: 0.0088467619 | V12: 0.018357716 | W12: -0.0039207264 | X12: -0.11356148 | Y12: -0.092963084 | Z12: -0.14611517 | AA12: -0.11919669 | AB12: -0.10846336 | AC12: -0.15523631 | AD12: -0.15776674 | AE12: -0.11132902 | AF12: -0.16334112 | AG12: -0.16715605 | AH12: -0.18056186 | AI12: -0.20006791 | AJ12: -0.21305166 | AK12: -0.22952703 | AL12: -0.27732752 | AM12: -0.30741363 | AN12: -0.37664687 | AO12: -0.37887566 | AP12: -0.34515731 | AQ12: -0.34685424 | AR12: -0.32463122 | AS12: -0.30465495 | AT12: -0.23245956 | AU12: -0.22874603 | AV12: -0.1750304 | AW12: -0.1922001 | AX12: -0.23689611 | AY12: -0.21940479 | AZ12: -0.24301934 | BA12: -0.26945367 | BB12: -0.25417907 | BC12: -0.28087004 | BD12: -0.23163609 | BE12: -0.27723431 | BF12: -0.300835 | BG12: -0.2908312 | BH12: -0.32591079 | BI12: -0.30507276 | BJ12: -0.30427677 | BK12: -0.30493415 | BL12: -0.3296434 | BM12: -0.27933771 | BN12: -0.29085425 | BO12: -0.31510056 | BP12: -0.30459157 | BQ12: -0.31848832 | BR12: -0.32074933 | BS12: -0.30188604 | BT12: -0.28552125 | BU12: -0.26860624 | BV12: -0.31088862 | BW12: -0.35536563 | BX12: -0.36235078 | BY12: -0.30342087 | BZ12: -0.25806392 | CA12: -0.24348334 | CB12: -0.21630947 | CC12: -0.15074343 | CD12: -0.039809799 | CE12: 0.11419736 | CF12: 0.12221863 | CG12: 0.072940672 | CH12: 0.056477559 | CI12: 0.03213633 | CJ12: 0.086256397 | CK12: 0.14235784 | CL12: 0.22079812 | CM12: 0.24715207 | CN12: 0.22384482 | CO12: 0.19902503 | CP12: 0.20003006 | CQ12: 0.13734571 | CR12: 0.19450569 | CS12: 0.17999638 | CT12: 0.17066732 | CU12: 0.09588779 | CV12: 0.1609211 | CW12: 0.17395777 | CX12: 0.23494765 | CY12: 0.25136824 | CZ12: 0.32916057 | DA12: 0.36613909 | DB12: 0.45512095 | DC12: 0.45061958 | DD12: 0.41152817 | DE12: 0.38679052 | DF12: 0.39841484 | DG12: 0.35102042 | DH12: 0.41221585 | DI12: 0.47196486 | DJ12: 0.48002746 | DK12: 0.4640815 | DL12: 0.48275134 | DM12: 0.49189483 | DN12: 0.51043627 | DO12: 0.49140554 | DP12: 0.43199685 | DQ12: 0.5065375 | DR12: 0.52531644 | DS12: 0.57134072 | DT12: 0.52604284 | DU12: 0.46881261 | DV12: 0.45206117 | DW12: 0.49702872 | DX12: 0.51512785 | DY12: 0.57785608 | DZ12: 0.59789497 | EA12: 0.64899266 | EB12: 0.65477883 | EC12: 0.64497279 | ED12: 0.63801504 | EE12: 0.61150835 | EF12: 0.64074175
B13: 20等分 | C13: 0.0074773642 | D13: 0.0020205042 | E13: -0.0035031225 | F13: -0.063489649 | G13: -0.051442245 | H13: -0.034053858 | I13: -0.0017678662 | J13: 0.021232542 | K13: 0.081558682 | L13: 0.10353915 | M13: 0.10681891 | N13: 0.063426493 | O13: 0.080849192 | P13: 0.1017061 | Q13: 0.11916249 | R13: 0.10265178 | S13: 0.096637975 | T13: 0.022403894 | U13: -0.006357437 | V13: -0.0041407971 | W13: -0.035243885 | X13: -0.15637166 | Y13: -0.16305501 | Z13: -0.24430642 | AA13: -0.19659377 | AB13: -0.18159219 | AC13: -0.2483639 | AD13: -0.26880412 | AE13: -0.19173271 | AF13: -0.26501387 | AG13: -0.25510866 | AH13: -0.26475 | AI13: -0.27681755 | AJ13: -0.26053708 | AK13: -0.29889647 | AL13: -0.34815535 | AM13: -0.3944378 | AN13: -0.49976804 | AO13: -0.50907922 | AP13: -0.44952838 | AQ13: -0.45186846 | AR13: -0.43102041 | AS13: -0.40761545 | AT13: -0.32119254 | AU13: -0.33688795 | AV13: -0.25722198 | AW13: -0.28404322 | AX13: -0.31684305 | AY13: -0.30258084 | AZ13: -0.33380138 | BA13: -0.35998965 | BB13: -0.31711428 | BC13: -0.33622515 | BD13: -0.29454842 | BE13: -0.34059704 | BF13: -0.36689959 | BG13: -0.35856867 | BH13: -0.39959232 | BI13: -0.37375962 | BJ13: -0.35691253 | BK13: -0.36579093 | BL13: -0.39773879 | BM13: -0.34436702 | BN13: -0.35541956 | BO13: -0.38629828 | BP13: -0.39573097 | BQ13: -0.43738404 | BR13: -0.44406545 | BS13: -0.43664598 | BT13: -0.43612491 | BU13: -0.42059774 | BV13: -0.50052858 | BW13: -0.57624258 | BX13: -0.57698822 | BY13: -0.53778626 | BZ13: -0.46164814 | CA13: -0.43763595 | CB13: -0.41161857 | CC13: -0.29150066 | CD13: -0.18641483 | CE13: -0.0025870961 | CF13: -0.014630763 | CG13: -0.072645731 | CH13: -0.076675237 | CI13: -0.084570404 | CJ13: -0.029760223 | CK13: 0.035926903 | CL13: 0.10865108 | CM13: 0.12266181 | CN13: 0.092531147 | CO13: 0.057196803 | CP13: 0.036619807 | CQ13: -0.034559058 | CR13: 0.077085828 | CS13: 0.081033787 | CT13: 0.081442327 | CU13: -0.025648635 | CV13: 0.052007416 | CW13: 0.088316536 | CX13: 0.14834979 | CY13: 0.18955154 | CZ13: 0.24677576 | DA13: 0.29622153 | DB13: 0.40245678 | DC13: 0.38830692 | DD13: 0.33690063 | DE13: 0.31445863 | DF13: 0.33173026 | DG13: 0.2603945 | DH13: 0.34911521 | DI13: 0.43886333 | DJ13: 0.43553158 | DK13: 0.44794065 | DL13: 0.46999134 | DM13: 0.45833545 | DN13: 0.47111134 | DO13: 0.4267862 | DP13: 0.36875389 | DQ13: 0.4558829 | DR13: 0.46965411 | DS13: 0.4995693 | DT13: 0.464143 | DU13: 0.43113705 | DV13: 0.42128424 | DW13: 0.46331272 | DX13: 0.48654233 | DY13: 0.49604695 | DZ13: 0.52633221 | EA13: 0.58845062 | EB13: 0.58865164 | EC13: 0.56987662 | ED13: 0.5769606 | EE13: 0.53572623 | EF13: 0.58023927
B14: 50等分 | C14: 0.033228978 | D14: -0.10841467 | E14: -0.15633542 | F14: -0.21667732 | G14: -0.16302069 | H14: -0.17452895 | I14: -0.14442882 | J14: -0.099197243 | K14: -0.048369777 | L14: 0.0079013081 | M14: -0.011120406 | N14: -0.068489833 | O14: -0.066995425 | P14: -0.0086495031 | Q14: 0.070648154 | R14: 0.088410463 | S14: 0.063603717 | T14: 0.028584162 | U14: -0.0019720072 | V14: -0.054393307 | W14: -0.12840147 | X14: -0.31508716 | Y14: -0.37027815 | Z14: -0.48698219 | AA14: -0.38707631 | AB14: -0.35974033 | AC14: -0.35665376 | AD14: -0.42652836 | AE14: -0.30969144 | AF14: -0.40577153 | AG14: -0.38044224 | AH14: -0.38569252 | AI14: -0.45776547 | AJ14: -0.4728245 | AK14: -0.55029984 | AL14: -0.60153002 | AM14: -0.66277219 | AN14: -0.76136686 | AO14: -0.82227256 | AP14: -0.75229604 | AQ14: -0.72256266 | AR14: -0.71497997 | AS14: -0.7216493 | AT14: -0.64224582 | AU14: -0.69966744 | AV14: -0.63340869 | AW14: -0.68733737 | AX14: -0.70670758 | AY14: -0.70501701 | AZ14: -0.76608759 | BA14: -0.83297742 | BB14: -0.77124314 | BC14: -0.74273746 | BD14: -0.72631856 | BE14: -0.75043667 | BF14: -0.75567872 | BG14: -0.74518188 | BH14: -0.81859534 | BI14: -0.78632445 | BJ14: -0.76630722 | BK14: -0.79999864 | BL14: -0.85973641 | BM14: -0.81345809 | BN14: -0.83439462 | BO14: -0.86800367 | BP14: -0.8836774 | BQ14: -0.89952093 | BR14: -0.92745036 | BS14: -0.96894431 | BT14: -0.99967079 | BU14: -0.98166827 | BV14: -1.0896499 | BW14: -1.2205474 | BX14: -1.2062121 | BY14: -1.2488166 | BZ14: -1.1887826 | CA14: -1.1553279 | CB14: -1.0958509 | CC14: -0.97525565 | CD14: -0.87723894 | CE14: -0.7066841 | CF14: -0.74956151 | CG14: -0.80688217 | CH14: -0.85576184 | CI14: -0.85959 | CJ14: -0.84179388 | CK14: -0.7880018 | CL14: -0.65065823 | CM14: -0.65575533 | CN14: -0.67515644 | CO14: -0.7539202 | CP14: -0.84757956 | CQ14: -0.87980746 | CR14: -0.67208774 | CS14: -0.67590285 | CT14: -0.68556474 | CU14: -0.78710974 | CV14: -0.63571289 | CW14: -0.59094901 | CX14: -0.5546496 | CY14: -0.45828847 | CZ14: -0.39422491 | DA14: -0.32883233 | DB14: -0.22422428 | DC14: -0.26722282 | DD14: -0.32112171 | DE14: -0.38364864 | DF14: -0.31946823 | DG14: -0.40679303 | DH14: -0.34805046 | DI14: -0.26140367 | DJ14: -0.26037994 | DK14: -0.24130888 | DL14: -0.20055401 | DM14: -0.23297592 | DN14: -0.27791166 | DO14: -0.34820021 | DP14: -0.41111502 | DQ14: -0.33994246 | DR14: -0.28731994 | DS14: -0.19788218 | DT14: -0.24239914 | DU14: -0.3111954 | DV14: -0.35634862 | DW14: -0.35453873 | DX14: -0.32684903 | DY14: -0.27918804 | DZ14: -0.25749046 | EA14: -0.14996493 | EB14: -0.17507546 | EC14: -0.19436509 | ED14: -0.22796346 | EE14: -0.22456419 | EF14: -0.19903998
B15: 100等分 | C15: 0.036350225 | D15: -0.23668465 | E15: -0.33202925 | F15: -0.29710782 | G15: -0.2627039 | H15: -0.26394762 | I15: -0.18465453 | J15: -0.12253332 | K15: -0.028018523 | L15: 0.053152537 | M15: 0.051019521 | N15: -0.058776674 | O15: -0.07104747 | P15: -0.0069312865 | Q15: 0.038967445 | R15: 0.1656585 | S15: 0.25114639 | T15: 0.20525532 | U15: 0.12705593 | V15: 0.01692892 | W15: -0.085614674 | X15: -0.296801 | Y15: -0.3488298 | Z15: -0.41153392 | AA15: -0.25068353 | AB15: -0.22851713 | AC15: -0.2328348 | AD15: -0.31454818 | AE15: -0.10275553 | AF15: -0.24048182 | AG15: -0.19615728 | AH15: -0.1625529 | AI15: -0.24798301 | AJ15: -0.25744787 | AK15: -0.32680933 | AL15: -0.3591695 | AM15: -0.41429212 | AN15: -0.51598083 | AO15: -0.57935064 | AP15: -0.50106495 | AQ15: -0.46461163 | AR15: -0.4468778 | AS15: -0.49561102 | AT15: -0.42462121 | AU15: -0.50179529 | AV15: -0.46449736 | AW15: -0.55622483 | AX15: -0.6375854 | AY15: -0.60857974 | AZ15: -0.67642607 | BA15: -0.66127433 | BB15: -0.54854946 | BC15: -0.51761277 | BD15: -0.51024807 | BE15: -0.55646637 | BF15: -0.61344397 | BG15: -0.59966757 | BH15: -0.69831662 | BI15: -0.67196482 | BJ15: -0.66069979 | BK15: -0.61509486 | BL15: -0.67449873 | BM15: -0.62627972 | BN15: -0.66642229 | BO15: -0.69415677 | BP15: -0.70834099 | BQ15: -0.72114392 | BR15: -0.77130135 | BS15: -0.78812513 | BT15: -0.84797607 | BU15: -0.86311615 | BV15: -0.96775619 | BW15: -1.2666352 | BX15: -1.2127836 | BY15: -1.3388072 | BZ15: -1.2359007 | CA15: -1.2059378 | CB15: -1.1132537 | CC15: -0.93960411 | CD15: -0.81945203 | CE15: -0.74608463 | CF15: -0.78743406 | CG15: -0.87332008 | CH15: -0.95466269 | CI15: -1.0239977 | CJ15: -0.98332597 | CK15: -0.88768522 | CL15: -0.72603075 | CM15: -0.77265728 | CN15: -0.77243968 | CO15: -0.87941893 | CP15: -1.0095177 | CQ15: -0.98455432 | CR15: -0.80306538 | CS15: -0.78615298 | CT15: -0.78121131 | CU15: -0.90526124 | CV15: -0.7226497 | CW15: -0.69657761 | CX15: -0.672538 | CY15: -0.57959009 | CZ15: -0.49970315 | DA15: -0.41084135 | DB15: -0.31379365 | DC15: -0.38148608 | DD15: -0.44901118 | DE15: -0.50617481 | DF15: -0.51222934 | DG15: -0.6253209 | DH15: -0.4956974 | DI15: -0.4528864 | DJ15: -0.50474026 | DK15: -0.40296542 | DL15: -0.40326941 | DM15: -0.44232153 | DN15: -0.52405224 | DO15: -0.55815666 | DP15: -0.69246161 | DQ15: -0.65542292 | DR15: -0.58541235 | DS15: -0.57584081 | DT15: -0.64800444 | DU15: -0.76513294 | DV15: -0.81186067 | DW15: -0.87268747 | DX15: -0.8511418 | DY15: -0.93481543 | DZ15: -0.89821894 | EA15: -0.78904124 | EB15: -0.84517024 | EC15: -0.86295404 | ED15: -0.93533774 | EE15: -0.93852794 | EF15: -0.90888384
B16: 107等分 | C16: 0.03943539 | D16: -0.19490259 | E16: -0.28160676 | F16: -0.20289129 | G16: -0.19474474 | H16: -0.19539409 | I16: -0.086176122 | J16: -0.013071483 | K16: 0.073349409 | L16: 0.15851101 | M16: 0.14452358 | N16: 0.024281079 | O16: -0.0043059983 | P16: 0.056739233 | Q16: 0.13821788 | R16: 0.24132757 | S16: 0.35118662 | T16: 0.31277994 | U16: 0.22130801 | V16: 0.14573652 | W16: 0.044070845 | X16: -0.19646112 | Y16: -0.24673995 | Z16: -0.28975001 | AA16: -0.12359112 | AB16: -0.091295704 | AC16: -0.078530256 | AD16: -0.13166631 | AE16: 0.07796193 | AF16: -0.069953681 | AG16: -0.026177521 | AH16: 0.0055878797 | AI16: -0.043490164 | AJ16: -0.036464197 | AK16: -0.07389765 | AL16: -0.079337353 | AM16: -0.14541408 | AN16: -0.25187028 | AO16: -0.31329496 | AP16: -0.23549659 | AQ16: -0.18099883 | AR16: -0.14662686 | AS16: -0.19926957 | AT16: -0.07670553 | AU16: -0.1587958 | AV16: -0.10671497 | AW16: -0.21569991 | AX16: -0.31632123 | AY16: -0.29671938 | AZ16: -0.38486956 | BA16: -0.41878112 | BB16: -0.3107422 | BC16: -0.27174281 | BD16: -0.2654587 | BE16: -0.30959903 | BF16: -0.36418336 | BG16: -0.34485214 | BH16: -0.44101418 | BI16: -0.41539329 | BJ16: -0.39488947 | BK16: -0.34351785 | BL16: -0.41414141 | BM16: -0.37464343 | BN16: -0.42254926 | BO16: -0.44443962 | BP16: -0.4652828 | BQ16: -0.48176082 | BR16: -0.50805767 | BS16: -0.52124924 | BT16: -0.56791012 | BU16: -0.5829747 | BV16: -0.61956034 | BW16: -0.93753117 | BX16: -0.87097165 | BY16: -1.0035301 | BZ16: -0.89200421 | CA16: -0.86457321 | CB16: -0.74870767 | CC16: -0.70432133 | CD16: -0.54925006 | CE16: -0.45563628 | CF16: -0.50843637 | CG16: -0.57016425 | CH16: -0.62061297 | CI16: -0.6789563 | CJ16: -0.64925292 | CK16: -0.56083023 | CL16: -0.36408979 | CM16: -0.37108952 | CN16: -0.36147996 | CO16: -0.49612017 | CP16: -0.60727162 | CQ16: -0.58693784 | CR16: -0.39765131 | CS16: -0.37584308 | CT16: -0.35028571 | CU16: -0.48575741 | CV16: -0.31350588 | CW16: -0.26616423 | CX16: -0.25392394 | CY16: -0.1726433 | CZ16: -0.070010044 | DA16: 0.048170512 | DB16: 0.14618718 | DC16: 0.062923127 | DD16: -0.011446984 | DE16: -0.045999384 | DF16: -0.048697398 | DG16: -0.17506932 | DH16: -0.037919873 | DI16: 0.0099089043 | DJ16: -0.019232502 | DK16: 0.11436185 | DL16: 0.092488981 | DM16: 0.073578606 | DN16: -0.042308125 | DO16: -0.088871992 | DP16: -0.24920599 | DQ16: -0.20213583 | DR16: -0.14694458 | DS16: -0.1573676 | DT16: -0.25790173 | DU16: -0.38067473 | DV16: -0.42640305 | DW16: -0.49770616 | DX16: -0.47575843 | DY16: -0.5707433 | DZ16: -0.55809412 | EA16: -0.41829424 | EB16: -0.48917201 | EC16: -0.51410846 | ED16: -0.59439368 | EE16: -0.59878979 | EF16: -0.56424135
B17: 120等分 | C17: 0.038913469 | D17: -0.12963389 | E17: -0.226305 | F17: -0.14555284 | G17: -0.040165763 | H17: -0.032222906 | I17: 0.080854618 | J17: 0.12914157 | K17: 0.23070165 | L17: 0.27293644 | M17: 0.28759558 | N17: 0.17831775 | O17: 0.16701108 | P17: 0.23335045 | Q17: 0.33361727 | R17: 0.47004372 | S17: 0.58909811 | T17: 0.56575552 | U17: 0.50334962 | V17: 0.40608996 | W17: 0.28648598 | X17: 0.04849655 | Y17: -0.025126582 | Z17: -0.073452255 | AA17: 0.11783118 | AB17: 0.16236948 | AC17: 0.18245574 | AD17: 0.13267836 | AE17: 0.35480107 | AF17: 0.23451474 | AG17: 0.29715489 | AH17: 0.3326275 | AI17: 0.3020398 | AJ17: 0.34464243 | AK17: 0.31526654 | AL17: 0.28824835 | AM17: 0.21287899 | AN17: 0.099591867 | AO17: 0.086959532 | AP17: 0.16420235 | AQ17: 0.2254796 | AR17: 0.27128222 | AS17: 0.21247927 | AT17: 0.33955106 | AU17: 0.22385145 | AV17: 0.2823809 | AW17: 0.20619129 | AX17: 0.10857218 | AY17: 0.12405023 | AZ17: 0.053556 | BA17: 0.014784384 | BB17: 0.13854845 | BC17: 0.16584127 | BD17: 0.1852554 | BE17: 0.16895677 | BF17: 0.091539772 | BG17: 0.078386022 | BH17: -0.054805092 | BI17: 0.0026456585 | BJ17: 0.012503723 | BK17: 0.029255049 | BL17: -0.048227917 | BM17: -0.019168906 | BN17: -0.066084432 | BO17: -0.10126405 | BP17: -0.13726003 | BQ17: -0.14863654 | BR17: -0.15828291 | BS17: -0.16238638 | BT17: -0.21503654 | BU17: -0.25354693 | BV17: -0.29178788 | BW17: -0.50012471 | BX17: -0.41748372 | BY17: -0.55996109 | BZ17: -0.43938294 | CA17: -0.41218681 | CB17: -0.30302098 | CC17: -0.26126248 | CD17: -0.088302735 | CE17: 0.0074048899 | CF17: -0.050833907 | CG17: -0.1255489 | CH17: -0.15851797 | CI17: -0.24096922 | CJ17: -0.22001839 | CK17: -0.13606254 | CL17: 0.00077655719 | CM17: 0.0024465301 | CN17: 0.01607728 | CO17: -0.1213356 | CP17: -0.22955698 | CQ17: -0.28146408 | CR17: -0.08506145 | CS17: -0.073514825 | CT17: -0.056175545 | CU17: -0.21152744 | CV17: -0.060056053 | CW17: 0.0033371659 | CX17: 0.01410956 | CY17: 0.089718474 | CZ17: 0.21396731 | DA17: 0.30846294 | DB17: 0.41273394 | DC17: 0.31388454 | DD17: 0.26575454 | DE17: 0.24162968 | DF17: 0.22595524 | DG17: 0.10274277 | DH17: 0.26617614 | DI17: 0.33635739 | DJ17: 0.29102124 | DK17: 0.44705767 | DL17: 0.44312793 | DM17: 0.40590046 | DN17: 0.2994205 | DO17: 0.23416995 | DP17: 0.092135793 | DQ17: 0.1647898 | DR17: 0.22067461 | DS17: 0.21416908 | DT17: 0.12103013 | DU17: -0.008463873 | DV17: -0.053612709 | DW17: -0.13021246 | DX17: -0.15324764 | DY17: -0.27925818 | DZ17: -0.28404923 | EA17: -0.11947686 | EB17: -0.19326048 | EC17: -0.21361986 | ED17: -0.29647548 | EE17: -0.29628111 | EF17: -0.25529636
B18: 137等分 | C18: 0.059146798 | D18: -0.12487209 | E18: -0.22534771 | F18: -0.10596475 | G18: 0.0023516188 | H18: 0.010973847 | I18: 0.1396004 | J18: 0.23077363 | K18: 0.36642152 | L18: 0.41717973 | M18: 0.44623119 | N18: 0.30502371 | O18: 0.33676165 | P18: 0.41931426 | Q18: 0.51237385 | R18: 0.66656304 | S18: 0.81036826 | T18: 0.75805857 | U18: 0.70290822 | V18: 0.58151676 | W18: 0.44359952 | X18: 0.22847847 | Y18: 0.12459922 | Z18: 0.073129497 | AA18: 0.24570015 | AB18: 0.30834496 | AC18: 0.30697954 | AD18: 0.23453575 | AE18: 0.4929271 | AF18: 0.34238346 | AG18: 0.42410344 | AH18: 0.4643009 | AI18: 0.41744536 | AJ18: 0.46483912 | AK18: 0.44200623 | AL18: 0.40919342 | AM18: 0.34255001 | AN18: 0.26325537 | AO18: 0.25782784 | AP18: 0.33610643 | AQ18: 0.4002614 | AR18: 0.43926388 | AS18: 0.35601075 | AT18: 0.52239656 | AU18: 0.38349834 | AV18: 0.44373401 | AW18: 0.34596715 | AX18: 0.21990281 | AY18: 0.25009217 | AZ18: 0.19844584 | BA18: 0.1631436 | BB18: 0.30079964 | BC18: 0.27285759 | BD18: 0.29313531 | BE18: 0.27090302 | BF18: 0.23276102 | BG18: 0.23045245 | BH18: 0.092554185 | BI18: 0.12604376 | BJ18: 0.12008769 | BK18: 0.12106878 | BL18: 0.039911102 | BM18: 0.067992459 | BN18: 0.015218069 | BO18: -0.0050094272 | BP18: -0.051866968 | BQ18: -0.053783752 | BR18: -0.059531945 | BS18: -0.06351557 | BT18: -0.12506089 | BU18: -0.11614023 | BV18: -0.15576465 | BW18: -0.37414015 | BX18: -0.29955929 | BY18: -0.38702456 | BZ18: -0.23370457 | CA18: -0.20041871 | CB18: -0.10303143 | CC18: 0.001628286 | CD18: 0.1953451 | CE18: 0.27260496 | CF18: 0.31656271 | CG18: 0.22495345 | CH18: 0.1795878 | CI18: 0.061864229 | CJ18: 0.058091863 | CK18: 0.15414989 | CL18: 0.30706384 | CM18: 0.32261259 | CN18: 0.29399573 | CO18: 0.14339822 | CP18: 0.027127902 | CQ18: -0.011114774 | CR18: 0.18260763 | CS18: 0.21073692 | CT18: 0.19446443 | CU18: 0.049899604 | CV18: 0.17692187 | CW18: 0.24348045 | CX18: 0.30504063 | CY18: 0.39821902 | CZ18: 0.53106188 | DA18: 0.60941974 | DB18: 0.72753374 | DC18: 0.64471403 | DD18: 0.57364274 | DE18: 0.53522216 | DF18: 0.50715018 | DG18: 0.38893309 | DH18: 0.58133566 | DI18: 0.67929852 | DJ18: 0.63409448 | DK18: 0.7926081 | DL18: 0.78877783 | DM18: 0.78352715 | DN18: 0.65841847 | DO18: 0.62821945 | DP18: 0.49473298 | DQ18: 0.56048244 | DR18: 0.63732309 | DS18: 0.61193744 | DT18: 0.49592005 | DU18: 0.33720462 | DV18: 0.26667693 | DW18: 0.19803907 | DX18: 0.12986178 | DY18: -0.035901326 | DZ18: -0.079129181 | EA18: 0.1198181 | EB18: 0.022773105 | EC18: 0.0031742474 | ED18: -0.077095467 | EE18: -0.078205753 | EF18: -0.014253895
B19: 160等分 | C19: 0.07386193 | D19: -0.14568094 | E19: -0.28626462 | F19: -0.10857595 | G19: -0.012509981 | H19: -0.02457877 | I19: 0.10953341 | J19: 0.22097065 | K19: 0.45976007 | L19: 0.48008672 | M19: 0.43639648 | N19: 0.2845529 | O19: 0.31611477 | P19: 0.40864896 | Q19: 0.49051507 | R19: 0.63609835 | S19: 0.75879022 | T19: 0.70732551 | U19: 0.6400755 | V19: 0.54738718 | W19: 0.40076619 | X19: 0.25136632 | Y19: 0.14823608 | Z19: 0.090347355 | AA19: 0.22218025 | AB19: 0.27389901 | AC19: 0.25975746 | AD19: 0.23576001 | AE19: 0.54425287 | AF19: 0.37542228 | AG19: 0.41690939 | AH19: 0.4734671 | AI19: 0.39169698 | AJ19: 0.44324227 | AK19: 0.40266075 | AL19: 0.38774614 | AM19: 0.34464013 | AN19: 0.26107183 | AO19: 0.23517893 | AP19: 0.32275305 | AQ19: 0.36512871 | AR19: 0.3239842 | AS19: 0.21478532 | AT19: 0.39937899 | AU19: 0.24636436 | AV19: 0.24333175 | AW19: 0.10663835 | AX19: -0.11748544 | AY19: -0.051212198 | AZ19: -0.16682373 | BA19: -0.16833274 | BB19: -0.0085865441 | BC19: -0.19315833 | BD19: -0.19322917 | BE19: -0.22362183 | BF19: -0.2730575 | BG19: -0.27209417 | BH19: -0.41259107 | BI19: -0.38665257 | BJ19: -0.40835987 | BK19: -0.47787891 | BL19: -0.55784357 | BM19: -0.5260573 | BN19: -0.59330995 | BO19: -0.61903891 | BP19: -0.68185772 | BQ19: -0.69179176 | BR19: -0.68511652 | BS19: -0.70937286 | BT19: -0.79169626 | BU19: -0.74844963 | BV19: -0.77880042 | BW19: -1.0862534 | BX19: -1.0314231 | BY19: -1.1112901 | BZ19: -1.0425879 | CA19: -1.0069778 | CB19: -0.92800097 | CC19: -0.9054953 | CD19: -0.68987611 | CE19: -0.60140194 | CF19: -0.52235042 | CG19: -0.57946804 | CH19: -0.62218308 | CI19: -0.78738375 | CJ19: -0.79919567 | CK19: -0.68039841 | CL19: -0.56505063 | CM19: -0.48946876 | CN19: -0.50541192 | CO19: -0.67155848 | CP19: -0.80897321 | CQ19: -0.84136781 | CR19: -0.66506109 | CS19: -0.62128542 | CT19: -0.64922606 | CU19: -0.7958336 | CV19: -0.7012806 | CW19: -0.64076472 | CX19: -0.58312999 | CY19: -0.47523787 | CZ19: -0.36238604 | DA19: -0.28720354 | DB19: -0.13924254 | DC19: -0.20483013 | DD19: -0.26837746 | DE19: -0.30139588 | DF19: -0.32269222 | DG19: -0.44918302 | DH19: -0.22459168 | DI19: -0.11613002 | DJ19: -0.16464437 | DK19: -0.040499779 | DL19: -0.052482565 | DM19: -0.0063846622 | DN19: -0.18031296 | DO19: -0.22901848 | DP19: -0.39928661 | DQ19: -0.31891244 | DR19: -0.24295009 | DS19: -0.28786905 | DT19: -0.42099755 | DU19: -0.57158005 | DV19: -0.64317344 | DW19: -0.74447044 | DX19: -0.83908463 | DY19: -0.99120404 | DZ19: -1.0708476 | EA19: -0.83779994 | EB19: -0.94404844 | EC19: -0.97537211 | ED19: -1.0615316 | EE19: -1.0542253 | EF19: -0.98020528
B20: 192等分 | C20: -0.011241332 | D20: -0.23382773 | E20: -0.37995263 | F20: -0.17442137 | G20: -0.057238225 | H20: -0.045655199 | I20: 0.14020798 | J20: 0.28749611 | K20: 0.50222061 | L20: 0.51122038 | M20: 0.43350216 | N20: 0.26535857 | O20: 0.31522345 | P20: 0.40639338 | Q20: 0.5134387 | R20: 0.70438117 | S20: 0.78694378 | T20: 0.70147832 | U20: 0.68775796 | V20: 0.58424036 | W20: 0.41115498 | X20: 0.20076857 | Y20: 0.071803529 | Z20: -0.0022236397 | AA20: 0.12825973 | AB20: 0.16115827 | AC20: 0.11391001 | AD20: 0.086922708 | AE20: 0.24814391 | AF20: 0.024646095 | AG20: 0.056809344 | AH20: 0.14698754 | AI20: 0.068833 | AJ20: 0.13082303 | AK20: 0.12257452 | AL20: 0.10179425 | AM20: 0.068698274 | AN20: -0.0067719199 | AO20: -0.052057002 | AP20: 0.079673459 | AQ20: 0.11298169 | AR20: 0.083242691 | AS20: 0.040950974 | AT20: 0.28007472 | AU20: 0.13700208 | AV20: 0.10475547 | AW20: -0.12024237 | AX20: -0.32458159 | AY20: -0.40663923 | AZ20: -0.56291324 | BA20: -0.66499081 | BB20: -0.49733538 | BC20: -0.73747606 | BD20: -0.72911246 | BE20: -0.76758086 | BF20: -0.82279666 | BG20: -0.87452366 | BH20: -1.024581 | BI20: -1.0014074 | BJ20: -1.0230369 | BK20: -1.1256352 | BL20: -1.2119274 | BM20: -1.1644588 | BN20: -1.2830161 | BO20: -1.2445544 | BP20: -1.3049619 | BQ20: -1.3204136 | BR20: -1.30834 | BS20: -1.3029324 | BT20: -1.3994629 | BU20: -1.4401465 | BV20: -1.3586031 | BW20: -1.7104327 | BX20: -1.6524446 | BY20: -1.657084 | BZ20: -1.5668126 | CA20: -1.5165964 | CB20: -1.5167041 | CC20: -1.5037893 | CD20: -1.3227618 | CE20: -1.2369844 | CF20: -1.1311996 | CG20: -1.2071698 | CH20: -1.229365 | CI20: -1.3608488 | CJ20: -1.4023588 | CK20: -1.3217692 | CL20: -1.172456 | CM20: -1.0930013 | CN20: -1.1123487 | CO20: -1.3408669 | CP20: -1.4975277 | CQ20: -1.5206457 | CR20: -1.3251596 | CS20: -1.3028658 | CT20: -1.3209425 | CU20: -1.4676705 | CV20: -1.3484564 | CW20: -1.2805527 | CX20: -1.1902541 | CY20: -1.0892875 | CZ20: -0.93412584 | DA20: -0.85704424 | DB20: -0.78007724 | DC20: -0.81740955 | DD20: -0.88557235 | DE20: -0.89599107 | DF20: -0.94149103 | DG20: -1.0655643 | DH20: -0.78726474 | DI20: -0.64966874 | DJ20: -0.68912868 | DK20: -0.6041747 | DL20: -0.62364007 | DM20: -0.66650485 | DN20: -0.84973958 | DO20: -0.89956044 | DP20: -1.0997159 | DQ20: -1.0422557 | DR20: -0.96374303 | DS20: -0.89395027 | DT20: -1.0273863 | DU20: -1.2037621 | DV20: -1.3058042 | DW20: -1.4093508 | DX20: -1.5072021 | DY20: -1.6946039 | DZ20: -1.6764888 | EA20: -1.3827976 | EB20: -1.489112 | EC20: -1.4661344 | ED20: -1.5407602 | EE20: -1.5390186 | EF20: -1.4532186
B21: 241等分 | C21: -0.010384834 | D21: -0.33539312 | E21: -0.37911067 | F21: -0.19507209 | G21: -0.051229938 | H21: -0.089074015 | I21: 0.15024905 | J21: 0.24081569 | K21: 0.44769571 | L21: 0.50492188 | M21: 0.40523729 | N21: 0.26618661 | O21: 0.3005386 | P21: 0.4453112 | Q21: 0.52650657 | R21: 0.66919866 | S21: 0.87835814 | T21: 0.77989646 | U21: 0.8601122 | V21: 0.75474143 | W21: 0.59695295 | X21: 0.38332201 | Y21: 0.29059278 | Z21: 0.18121258 | AA21: 0.29184849 | AB21: 0.31380443 | AC21: 0.2949767 | AD21: 0.32090997 | AE21: 0.44901495 | AF21: 0.15387069 | AG21: 0.16491726 | AH21: 0.27249863 | AI21: 0.19290442 | AJ21: 0.26330976 | AK21: 0.28162813 | AL21: 0.24423664 | AM21: 0.17570083 | AN21: 0.063744778 | AO21: 0.016018383 | AP21: 0.088553526 | AQ21: 0.12558971 | AR21: 0.091391814 | AS21: 0.045985132 | AT21: 0.31082339 | AU21: 0.24736806 | AV21: 0.17865415 | AW21: -0.084600769 | AX21: -0.30231907 | AY21: -0.36804137 | AZ21: -0.46110076 | BA21: -0.48039397 | BB21: -0.25504783 | BC21: -0.41950836 | BD21: -0.38128586 | BE21: -0.42187636 | BF21: -0.48416611 | BG21: -0.56269086 | BH21: -0.66953297 | BI21: -0.62325597 | BJ21: -0.646835 | BK21: -0.72980816 | BL21: -0.87252926 | BM21: -0.83173397 | BN21: -0.89538192 | BO21: -0.83152468 | BP21: -0.93603381 | BQ21: -0.99057604 | BR21: -0.97825218 | BS21: -0.97239201 | BT21: -1.0653442 | BU21: -1.0523476 | BV21: -1.0080076 | BW21: -1.1924683 | BX21: -1.104089 | BY21: -1.1597553 | BZ21: -1.1120923 | CA21: -1.0170323 | CB21: -0.94356622 | CC21: -0.95158572 | CD21: -0.66352966 | CE21: -0.60201516 | CF21: -0.487489 | CG21: -0.57257434 | CH21: -0.72920078 | CI21: -0.85249303 | CJ21: -0.90763388 | CK21: -0.84047424 | CL21: -0.65304112 | CM21: -0.59004679 | CN21: -0.60132704 | CO21: -0.83911902 | CP21: -0.93742633 | CQ21: -0.96033852 | CR21: -0.72127856 | CS21: -0.69037131 | CT21: -0.77644386 | CU21: -0.93536048 | CV21: -0.78102864 | CW21: -0.74268312 | CX21: -0.64056095 | CY21: -0.48810864 | CZ21: -0.25065727 | DA21: -0.20894752 | DB21: -0.13748802 | DC21: -0.29139282 | DD21: -0.35841982 | DE21: -0.38739755 | DF21: -0.53620646 | DG21: -0.68439139 | DH21: -0.60295439 | DI21: -0.42311439 | DJ21: -0.4610257 | DK21: -0.32152299 | DL21: -0.33425998 | DM21: -0.33000542 | DN21: -0.55030106 | DO21: -0.53174225 | DP21: -0.76076214 | DQ21: -0.69033944 | DR21: -0.64016858 | DS21: -0.55556315 | DT21: -0.72613395 | DU21: -0.8747487 | DV21: -1.029647 | DW21: -1.133183 | DX21: -1.2500118 | DY21: -1.4756737 | DZ21: -1.2957827 | EA21: -1.029725 | EB21: -1.133023 | EC21: -1.1058335 | ED21: -1.1885632 | EE21: -1.2098732 | EF21: -1.1810787
B22: 321等分 | C22: -0.025922327 | D22: -0.44334425 | E22: -0.46557466 | F22: -0.3977436 | G22: -0.29385924 | H22: -0.52366478 | I22: -0.26923188 | J22: -0.1508536 | K22: 0.094512313 | L22: 0.20199948 | M22: 0.12789942 | N22: 0.029868562 | O22: 0.023152684 | P22: 0.095935568 | Q22: 0.18521809 | R22: 0.36589782 | S22: 0.61295445 | T22: 0.48414202 | U22: 0.63617121 | V22: 0.57914707 | W22: 0.3716668 | X22: 0.14988005 | Y22: 0.10194171 | Z22: -0.048208396 | AA22: 0.034316029 | AB22: 0.030450799 | AC22: -0.055325662 | AD22: -0.036731912 | AE22: 0.09409193 | AF22: -0.33582484 | AG22: -0.32501274 | AH22: -0.21914678 | AI22: -0.31328804 | AJ22: -0.28158819 | AK22: -0.20301242 | AL22: -0.20415715 | AM22: -0.28824605 | AN22: -0.39937886 | AO22: -0.47409623 | AP22: -0.41155988 | AQ22: -0.4666866 | AR22: -0.5748703 | AS22: -0.5010266 | AT22: -0.48329823 | AU22: -0.59321282 | AV22: -0.68296681 | AW22: -1.0537661 | AX22: -1.0438909 | AY22: -1.1423472 | AZ22: -1.3698327 | BA22: -1.4190096 | BB22: -1.1170797 | BC22: -1.3127057 | BD22: -1.2334417 | BE22: -1.3019274 | BF22: -1.3568134 | BG22: -1.452993 | BH22: -1.5807 | BI22: -1.4983507 | BJ22: -1.5533471 | BK22: -1.5742019 | BL22: -1.7359822 | BM22: -1.7335517 | BN22: -1.7182242 | BO22: -1.6677398 | BP22: -1.7425753 | BQ22: -1.7704054 | BR22: -1.7495918 | BS22: -1.7659646 | BT22: -1.6988214 | BU22: -1.6584529 | BV22: -1.6098494 | BW22: -1.7420211 | BX22: -1.5890838 | BY22: -1.6446808 | BZ22: -1.5974231 | CA22: -1.4533428 | CB22: -1.3897385 | CC22: -1.5148435 | CD22: -1.1809655 | CE22: -1.1141255 | CF22: -1.0133551 | CG22: -1.2204404 | CH22: -1.3740467 | CI22: -1.6044947 | CJ22: -1.7308201 | CK22: -1.6198965 | CL22: -1.5248995 | CM22: -1.4784582 | CN22: -1.4566069 | CO22: -1.6418927 | CP22: -1.8137364 | CQ22: -1.830896 | CR22: -1.5841232 | CS22: -1.5596839 | CT22: -1.6857753 | CU22: -1.8531292 | CV22: -1.6869065 | CW22: -1.6640225 | CX22: -1.6602729 | CY22: -1.497833 | CZ22: -1.2349125 | DA22: -1.2024585 | DB22: -1.1484179 | DC22: -1.2895851 | DD22: -1.3055484 | DE22: -1.2877919 | DF22: -1.3848636 | DG22: -1.472985 | DH22: -1.3915297 | DI22: -1.3314074 | DJ22: -1.3816534 | DK22: -1.2025187 | DL22: -1.205732 | DM22: -1.1630555 | DN22: -1.4684305 | DO22: -1.4921992 | DP22: -1.6617616 | DQ22: -1.4963574 | DR22: -1.50245 | DS22: -1.3729261 | DT22: -1.4312831 | DU22: -1.5928288 | DV22: -1.7498912 | DW22: -1.8313072 | DX22: -1.9956593 | DY22: -2.3134137 | DZ22: -2.1477874 | EA22: -2.0074311 | EB22: -2.1503614 | EC22: -2.0622754 | ED22: -2.1197748 | EE22: -2.1674108 | EF22: -2.1308181
B23: 482等分 | C23: -0.031325685 | D23: 0.057640938 | E23: 0.04257935 | F23: 0.22497543 | G23: 0.19800386 | H23: -0.064806384 | I23: 0.19089649 | J23: 0.34619031 | K23: 0.48879788 | L23: 0.72124224 | M23: 0.46279232 | N23: 0.33599231 | O23: 0.3165846 | P23: 0.40698631 | Q23: 0.65783599 | R23: 0.74746399 | S23: 0.91675899 | T23: 0.7621563 | U23: 0.97513807 | V23: 1.0384951 | W23: 0.70687593 | X23: 0.52509475 | Y23: 0.51750598 | Z23: 0.36986557 | AA23: 0.31311713 | AB23: 0.28212574 | AC23: 0.11337094 | AD23: 0.11636623 | AE23: 0.25357822 | AF23: -0.071081103 | AG23: -0.216975 | AH23: -0.13280341 | AI23: -0.15603168 | AJ23: -0.16167482 | AK23: -0.070475592 | AL23: -0.1217859 | AM23: -0.12955539 | AN23: -0.37187009 | AO23: -0.36653314 | AP23: -0.36965424 | AQ23: -0.19394203 | AR23: -0.44740283 | AS23: -0.36573921 | AT23: -0.2562333 | AU23: -0.45982919 | AV23: -0.50897926 | AW23: -1.0912392 | AX23: -1.0764265 | AY23: -1.1345661 | AZ23: -1.4505506 | BA23: -1.2784697 | BB23: -1.3295192 | BC23: -1.5823883 | BD23: -1.4564088 | BE23: -1.5429423 | BF23: -1.6029553 | BG23: -1.6478648 | BH23: -1.71123 | BI23: -1.590021 | BJ23: -1.6940243 | BK23: -1.6990342 | BL23: -1.8485685 | BM23: -1.918064 | BN23: -1.9111168 | BO23: -1.9476417 | BP23: -2.0459081 | BQ23: -2.117956 | BR23: -2.1001117 | BS23: -2.1733871 | BT23: -2.1031978 | BU23: -1.9399232 | BV23: -1.8866541 | BW23: -1.9020166 | BX23: -1.7777971 | BY23: -1.6595479 | BZ23: -1.6518781 | CA23: -1.4455026 | CB23: -1.4871676 | CC23: -1.5717126 | CD23: -1.3800361 | CE23: -1.3204341 | CF23: -1.3042733 | CG23: -1.5209105 | CH23: -1.6830331 | CI23: -1.7421556 | CJ23: -1.8986715 | CK23: -1.8268151 | CL23: -1.6627657 | CM23: -1.6557906 | CN23: -1.6058186 | CO23: -1.8742696 | CP23: -2.1203714 | CQ23: -2.0956691 | CR23: -1.944671 | CS23: -1.875656 | CT23: -1.9085062 | CU23: -2.1106101 | CV23: -1.9572791 | CW23: -1.9814654 | CX23: -2.0701824 | CY23: -1.7884716 | CZ23: -1.6064728 | DA23: -1.5418278 | DB23: -1.5230798 | DC23: -1.6810287 | DD23: -1.6994387 | DE23: -1.6393527 | DF23: -1.8307266 | DG23: -1.9837032 | DH23: -1.8444752 | DI23: -1.7484342 | DJ23: -1.8354922 | DK23: -1.557659 | DL23: -1.5314164 | DM23: -1.5421267 | DN23: -1.8071016 | DO23: -1.7224307 | DP23: -1.8992704 | DQ23: -1.6533243 | DR23: -1.7432103 | DS23: -1.4960157 | DT23: -1.6199709 | DU23: -1.6756089 | DV23: -1.8683503 | DW23: -1.8452978 | DX23: -2.0163006 | DY23: -2.2845225 | DZ23: -2.1551895 | EA23: -2.1839465 | EB23: -2.322175 | EC23: -2.2285315 | ED23: -2.1896335 | EE23: -2.2588445 | EF23: -2.1654305
B24: 964等分 | C24: -0.027766967 | D24: 0.054221412 | E24: 0.13610175 | F24: 0.33764747 | G24: 0.31502508 | H24: -0.035797115 | I24: 0.20458913 | J24: 0.20862486 | K24: 0.25906919 | L24: 0.59282864 | M24: 0.4460093 | N24: 0.34081759 | O24: 0.37746638 | P24: 0.48171479 | Q24: 0.39156984 | R24: 0.49993534 | S24: 0.63981914 | T24: 0.91030585 | U24: 1.3032677 | V24: 1.4198081 | W24: 0.92409607 | X24: 0.96025396 | Y24: 0.93085512 | Z24: 0.7804452 | AA24: 0.99898978 | AB24: 0.69859598 | AC24: 0.29684865 | AD24: 0.3567708 | AE24: 0.54991259 | AF24: 0.054523174 | AG24: -0.32553222 | AH24: -0.26883486 | AI24: -0.26002653 | AJ24: -0.17913528 | AK24: -0.065956119 | AL24: -0.17341055 | AM24: -0.15449126 | AN24: -0.37568073 | AO24: -0.44177084 | AP24: -0.41891913 | AQ24: -0.062427194 | AR24: -0.082778039 | AS24: -0.079491265 | AT24: 0.071277715 | AU24: -0.1585633 | AV24: 0.08912136 | AW24: 0.23783232 | AX24: 0.12634098 | AY24: -0.14109477 | AZ24: -0.75099433 | BA24: -0.64921163 | BB24: -0.73537066 | BC24: -0.7310038 | BD24: -0.7123638 | BE24: -0.8164948 | BF24: -0.9167308 | BG24: -1.0933548 | BH24: -1.2410284 | BI24: -1.0717604 | BJ24: -1.0751087 | BK24: -1.0851284 | BL24: -1.4022927 | BM24: -1.3175098 | BN24: -1.3243591 | BO24: -1.1632494 | BP24: -1.2866006 | BQ24: -1.222431 | BR24: -1.1800747 | BS24: -1.1813594 | BT24: -1.1255602 | BU24: -0.67399066 | BV24: -0.62773195 | BW24: -0.7787594 | BX24: -0.72071603 | BY24: -0.6023078 | BZ24: -0.3434149 | CA24: -0.2433869 | CB24: -0.17925981 | CC24: -0.36172981 | CD24: -0.2174235 | CE24: -0.051858503 | CF24: -0.095823137 | CG24: -0.6157921 | CH24: -0.82876499 | CI24: -0.88727299 | CJ24: -1.1874599 | CK24: -0.86440062 | CL24: -0.84871687 | CM24: -0.80402833 | CN24: -0.78910733 | CO24: -1.3615169 | CP24: -1.5595843 | CQ24: -1.3993946 | CR24: -1.2616072 | CS24: -1.2884652 | CT24: -1.1055686 | CU24: -1.1582976 | CV24: -0.97543354 | CW24: -1.2104268 | CX24: -1.1552196 | CY24: -0.79499152 | CZ24: -0.68278489 | DA24: -0.64880489 | DB24: -0.66530489 | DC24: -0.94803467 | DD24: -0.89873467 | DE24: -1.0303203 | DF24: -1.2249583 | DG24: -1.4735473 | DH24: -1.2077423 | DI24: -1.1705573 | DJ24: -1.3030459 | DK24: -0.96353671 | DL24: -0.90217619 | DM24: -1.0104923 | DN24: -1.5273402 | DO24: -1.4442259 | DP24: -1.6677978 | DQ24: -1.3087265 | DR24: -1.3292421 | DS24: -1.1852351 | DT24: -1.223598 | DU24: -1.201816 | DV24: -1.9522725 | DW24: -1.8510895 | DX24: -2.0248269 | DY24: -2.0568934 | DZ24: -2.1057981 | EA24: -2.1607151 | EB24: -2.2699461 | EC24: -2.1262991 | ED24: -2.1961341 | EE24: -2.3036161 | EF24: -2.1695311
B25: 大盤 | C25: -0.017446771 | D25: =C25+預測IC!D26 -> 0.00325429 | E25: =D25+預測IC!E26 -> 0.027236419 | F25: =E25+預測IC!F26 -> 0.02067884 | G25: =F25+預測IC!G26 -> 0.05252397 | H25: =G25+預測IC!H26 -> 0.086872503 | I25: =H25+預測IC!I26 -> 0.07861757 | J25: =I25+預測IC!J26 -> 0.091461094 | K25: =J25+預測IC!K26 -> 0.04044257 | ... EF25: =EE25+預測IC!EF26 -> 0.98470404

Sheet OLS樣本外R2
A1: OLS
