Workbook

Sheet 預測IC
A1: NN5
B2: Time | C2: 2013/12 | D2: 2014/01 | E2: 2014/02 | F2: 2014/03 | G2: 2014/04 | H2: 2014/05 | I2: 2014/06 | J2: 2014/07 | K2: 2014/08 | L2: 2014/09 | M2: 2014/10 | N2: 2014/11 | O2: 2014/12 | P2: 2015/01 | Q2: 2015/02 | R2: 2015/03 | S2: 2015/04 | T2: 2015/05 | U2: 2015/06 | V2: 2015/07 | W2: 2015/08 | X2: 2015/09 | Y2: 2015/10 | Z2: 2015/11 | AA2: 2015/12 | AB2: 2016/01 | AC2: 2016/02 | AD2: 2016/03 | AE2: 2016/04 | AF2: 2016/05 | AG2: 2016/06 | AH2: 2016/07 | AI2: 2016/08 | AJ2: 2016/09 | AK2: 2016/10 | AL2: 2016/11 | AM2: 2016/12 | AN2: 2017/01 | AO2: 2017/02 | AP2: 2017/03 | AQ2: 2017/04 | AR2: 2017/05 | AS2: 2017/06 | AT2: 2017/07 | AU2: 2017/08 | AV2: 2017/09 | AW2: 2017/10 | AX2: 2017/11 | AY2: 2017/12 | AZ2: 2018/01 | BA2: 2018/02 | BB2: 2018/03 | BC2: 2018/04 | BD2: 2018/05 | BE2: 2018/06 | BF2: 2018/07 | BG2: 2018/08 | BH2: 2018/09 | BI2: 2018/10 | BJ2: 2018/11 | BK2: 2018/12 | BL2: 2019/01 | BM2: 2019/02 | BN2: 2019/03 | BO2: 2019/04 | BP2: 2019/05 | BQ2: 2019/06 | BR2: 2019/07 | BS2: 2019/08 | BT2: 2019/09 | BU2: 2019/10 | BV2: 2019/11 | BW2: 2019/12 | BX2: 2020/01 | BY2: 2020/02 | BZ2: 2020/03 | CA2: 2020/04 | CB2: 2020/05 | CC2: 2020/06 | CD2: 2020/07 | CE2: 2020/08 | CF2: 2020/09 | CG2: 2020/10 | CH2: 2020/11 | CI2: 2020/12 | CJ2: 2021/01 | CK2: 2021/02 | CL2: 2021/03 | CM2: 2021/04 | CN2: 2021/05 | CO2: 2021/06 | CP2: 2021/07 | CQ2: 2021/08 | CR2: 2021/09 | CS2: 2021/10 | CT2: 2021/11 | CU2: 2021/12 | CV2: 2022/01 | CW2: 2022/02 | CX2: 2022/03 | CY2: 2022/04 | CZ2: 2022/05 | DA2: 2022/06 | DB2: 2022/07 | DC2: 2022/08 | DD2: 2022/09 | DE2: 2022/10 | DF2: 2022/11 | DG2: 2022/12 | DH2: 2023/01 | DI2: 2023/02 | DJ2: 2023/03 | DK2: 2023/04 | DL2: 2023/05 | DM2: 2023/06 | DN2: 2023/07 | DO2: 2023/08 | DP2: 2023/09 | DQ2: 2023/10 | DR2: 2023/11 | DS2: 2023/12 | DT2: 2024/01 | DU2: 2024/02 | DV2: 2024/03 | DW2: 2024/04 | DX2: 2024/05 | DY2: 2024/06 | DZ2: 2024/07 | EA2: 2024/08 | EB2: 2024/09 | EC2: 2024/10 | ED2: 2024/11 | EE2: 2024/12 | EF2: 2025/01
B3: bm | C3: 0.073912658 | D3: 0.075614765 | E3: 0.047493916 | F3: 0.050458245 | G3: 0.056787238 | H3: 0.052736022 | I3: 0.055432953 | J3: 0.06568785 | K3: 0.065738305 | L3: 0.065104179 | M3: 0.062918879 | N3: 0.050446849 | O3: 0.051143341 | P3: 0.054307941 | Q3: 0.053979594 | R3: 0.059017297 | S3: 0.058883928 | T3: 0.058087721 | U3: 0.058204345 | V3: 0.056997735 | W3: 0.05799941 | X3: 0.056064881 | Y3: 0.053807165 | Z3: 0.055985436 | AA3: 0.058552556 | AB3: 0.05709514 | AC3: 0.055604041 | AD3: 0.057368185 | AE3: 0.057112969 | AF3: 0.056432754 | AG3: 0.054296117 | AH3: 0.021947064 | AI3: 0.026477551 | AJ3: 0.032625593 | AK3: 0.034277223 | AL3: 0.039366212 | AM3: 0.046164852 | AN3: 0.050585136 | AO3: 0.052576661 | AP3: 0.046018597 | AQ3: 0.051431343 | AR3: 0.053190842 | AS3: 0.054051004 | AT3: 0.042643663 | AU3: 0.042383187 | AV3: 0.04437216 | AW3: 0.050514378 | AX3: 0.048605483 | AY3: 0.056297924 | AZ3: 0.040032942 | BA3: 0.036459345 | BB3: 0.037515309 | BC3: 0.043620858 | BD3: 0.049859002 | BE3: 0.05312597 | BF3: 0.052070312 | BG3: 0.052394859 | BH3: 0.05214715 | BI3: 0.053297453 | BJ3: 0.051574986 | BK3: 0.052271623 | BL3: 0.052872114 | BM3: 0.052642539 | BN3: 0.057873163 | BO3: 0.054300133 | BP3: 0.039404105 | BQ3: 0.052939504 | BR3: 0.034261242 | BS3: 0.054798268 | BT3: 0.047248825 | BU3: 0.05574432 | BV3: 0.052378722 | BW3: 0.040140357 | BX3: 0.047834542 | BY3: 0.049711667 | BZ3: 0.053135619 | CA3: 0.050331637 | CB3: 0.045716073 | CC3: 0.052729145 | CD3: 0.049658243 | CE3: 0.046769083 | CF3: 0.051047079 | CG3: 0.046370827 | CH3: 0.049930401 | CI3: 0.048304062 | CJ3: 0.04974198 | CK3: 0.050947834 | CL3: 0.051223513 | CM3: 0.049852591 | CN3: 0.049947917 | CO3: 0.048367862 | CP3: 0.048762951 | CQ3: 0.049044318 | CR3: 0.049002893 | CS3: 0.047328062 | CT3: 0.030859729 | CU3: 0.041540883 | CV3: 0.05055277 | CW3: 0.043886945 | CX3: 0.051949106 | CY3: 0.051065382 | CZ3: 0.042493746 | DA3: 0.04438743 | DB3: 0.050981995 | DC3: 0.051738326 | DD3: 0.049757939 | DE3: 0.052686661 | DF3: 0.045524646 | DG3: 0.043648571 | DH3: 0.046830844 | DI3: 0.048355341 | DJ3: 0.051528536 | DK3: 0.04632692 | DL3: 0.047242101 | DM3: 0.048489671 | DN3: 0.046750303 | DO3: 0.048154097 | DP3: 0.047626976 | DQ3: 0.048635252 | DR3: 0.048790116 | DS3: 0.047917254 | DT3: 0.046769027 | DU3: 0.047454037 | DV3: 0.04662203 | DW3: 0.047323465 | DX3: 0.047543596 | DY3: 0.047800638 | DZ3: 0.035176035 | EA3: 0.048215114 | EB3: 0.042192698 | EC3: 0.034884773 | ED3: 0.040104128 | EE3: 0.047643702 | EF3: 0.050313424
B4: size | C4: -0.026131522 | D4: -0.031095196 | E4: -0.019964382 | F4: -0.033693533 | G4: -0.043368421 | H4: -0.024385126 | I4: -0.027016774 | J4: -0.036226306 | K4: -0.033819553 | L4: -0.039761636 | M4: -0.038767133 | N4: -0.02785336 | O4: -0.027895253 | P4: -0.038603418 | Q4: -0.027599497 | R4: -0.03439156 | S4: -0.029038168 | T4: -0.028335925 | U4: -0.029418213 | V4: -0.027863869 | W4: -0.02784925 | X4: -0.0284466 | Y4: -0.032019768 | Z4: -0.030283766 | AA4: -0.0302471 | AB4: -0.028815374 | AC4: -0.027407316 | AD4: -0.028988741 | AE4: -0.028777553 | AF4: -0.028814863 | AG4: -0.028311996 | AH4: -0.019194214 | AI4: -0.034112293 | AJ4: -0.03353392 | AK4: -0.02831074 | AL4: -0.027743479 | AM4: -0.029019373 | AN4: -0.02503009 | AO4: -0.03397302 | AP4: -0.03330566 | AQ4: -0.021525146 | AR4: -0.026042076 | AS4: -0.029200077 | AT4: -0.026011361 | AU4: -0.030799195 | AV4: -0.032425597 | AW4: -0.027081784 | AX4: -0.026335653 | AY4: -0.03282845 | AZ4: -0.02748521 | BA4: -0.030885451 | BB4: -0.033565979 | BC4: -0.031490907 | BD4: -0.031633358 | BE4: -0.032687977 | BF4: -0.031126844 | BG4: -0.03192798 | BH4: -0.030451825 | BI4: -0.031060981 | BJ4: -0.030572509 | BK4: -0.032275725 | BL4: -0.031460464 | BM4: -0.031589396 | BN4: -0.012294749 | BO4: -0.023144336 | BP4: -0.035055574 | BQ4: -0.032289132 | BR4: -0.011129873 | BS4: -0.033276096 | BT4: -0.02587313 | BU4: -0.036538124 | BV4: -0.033601437 | BW4: -0.023735113 | BX4: -0.032411348 | BY4: -0.031690605 | BZ4: -0.035885952 | CA4: -0.032359179 | CB4: -0.024407595 | CC4: -0.029143283 | CD4: -0.0260846 | CE4: -0.031495962 | CF4: -0.030850921 | CG4: -0.030580375 | CH4: -0.031189695 | CI4: -0.030889489 | CJ4: -0.033136211 | CK4: -0.03218805 | CL4: -0.031450741 | CM4: -0.030453967 | CN4: -0.031576816 | CO4: -0.030488677 | CP4: -0.030082384 | CQ4: -0.031483032 | CR4: -0.029976385 | CS4: -0.030695863 | CT4: -0.022893913 | CU4: -0.026544522 | CV4: -0.02839729 | CW4: -0.032492533 | CX4: -0.028017795 | CY4: -0.027172543 | CZ4: -0.025749896 | DA4: -0.028659649 | DB4: -0.034036122 | DC4: -0.032790743 | DD4: -0.031840444 | DE4: -0.029838223 | DF4: -0.030047838 | DG4: -0.027653288 | DH4: -0.029767487 | DI4: -0.029807547 | DJ4: -0.030265775 | DK4: -0.029801888 | DL4: -0.03036857 | DM4: -0.027276935 | DN4: -0.027353548 | DO4: -0.028688658 | DP4: -0.026694594 | DQ4: -0.027623309 | DR4: -0.030617354 | DS4: -0.027213534 | DT4: -0.029642999 | DU4: -0.028188946 | DV4: -0.028006973 | DW4: -0.026157865 | DX4: -0.02757702 | DY4: -0.029765815 | DZ4: -0.025970664 | EA4: -0.026451942 | EB4: -0.026299383 | EC4: -0.028539317 | ED4: -0.024485998 | EE4: -0.035615813 | EF4: -0.031126395
B5: mom | C5: -0.00787785 | D5: -0.0069603133 | E5: -0.0057252687 | F5: -0.0050895559 | G5: -0.0014382382 | H5: -0.0066041825 | I5: -0.0066249715 | J5: -0.0064524394 | K5: -0.0069175987 | L5: -0.0074742702 | M5: -0.005629845 | N5: 0.0060219043 | O5: 0.021381866 | P5: 0.017692182 | Q5: 0.0037215552 | R5: -0.0045880196 | S5: -0.0016969817 | T5: 0.0052884379 | U5: 0.0036118147 | V5: -0.0012654128 | W5: 0.0008409851 | X5: -0.0035424787 | Y5: -0.011175241 | Z5: -0.0029420066 | AA5: -0.010722418 | AB5: -0.0082601923 | AC5: -0.0099220099 | AD5: -0.011892353 | AE5: -0.0091663711 | AF5: -0.0056806332 | AG5: -0.0062061665 | AH5: -0.005226206 | AI5: -0.0039311731 | AJ5: -0.0035964411 | AK5: -0.0064401715 | AL5: -0.0054132566 | AM5: -0.0068339068 | AN5: 0.00098962791 | AO5: -0.0060500302 | AP5: -0.0061577209 | AQ5: -0.0027677703 | AR5: -0.0035937501 | AS5: -0.0026367316 | AT5: 0.014240017 | AU5: -0.0097647589 | AV5: 0.0065189693 | AW5: -0.011062248 | AX5: -0.01112526 | AY5: -0.001030277 | AZ5: 0.010198279 | BA5: -0.00077751774 | BB5: -0.0075720837 | BC5: 0.0011958141 | BD5: 0.0050238678 | BE5: -0.0075332262 | BF5: 3.0361902e-05 | BG5: -0.0069360281 | BH5: -0.0045085121 | BI5: 0.00028536667 | BJ5: -0.00039799954 | BK5: -0.0078317616 | BL5: -0.010597699 | BM5: -0.0027624657 | BN5: -0.00073312561 | BO5: -0.0043664481 | BP5: -0.008591962 | BQ5: 0.0009928894 | BR5: 0.00058879185 | BS5: -0.0006941093 | BT5: 0.00024363701 | BU5: -0.0039074067 | BV5: -0.001693561 | BW5: -0.0038997743 | BX5: -0.0021898318 | BY5: -0.0026012687 | BZ5: -0.0028384246 | CA5: -0.017516408 | CB5: -0.019824142 | CC5: -0.011650472 | CD5: -0.0059604137 | CE5: 0.0056517012 | CF5: -0.0050237775 | CG5: -0.0010570162 | CH5: -0.0022754986 | CI5: -0.0060388646 | CJ5: 0.00554096 | CK5: -0.0068315296 | CL5: -0.0081237685 | CM5: 0.004453694 | CN5: -0.0014318369 | CO5: 0.0013730362 | CP5: -0.0032519652 | CQ5: -0.0043961918 | CR5: 0.0015817019 | CS5: -0.0056205457 | CT5: -0.00070233206 | CU5: -0.003266165 | CV5: -0.00094196462 | CW5: -0.0037076932 | CX5: -0.0024892963 | CY5: -0.0022807741 | CZ5: -7.6424738e-05 | DA5: -0.001427579 | DB5: -0.0033561245 | DC5: -0.0038332578 | DD5: -0.0045209182 | DE5: -0.0048048217 | DF5: -0.023330368 | DG5: 0.0019330453 | DH5: -0.004520589 | DI5: -0.013306873 | DJ5: 0.0024735611 | DK5: -0.0065070903 | DL5: -0.0042229779 | DM5: -0.0014186898 | DN5: -0.0030941919 | DO5: 0.0018731285 | DP5: -0.006149081 | DQ5: -0.0042960932 | DR5: -0.0070924433 | DS5: -0.0044584181 | DT5: -0.0011452055 | DU5: -0.0057458053 | DV5: -0.0031786892 | DW5: -0.0069737742 | DX5: -0.0066423621 | DY5: -0.0032285845 | DZ5: -0.0019684746 | EA5: -0.0025258062 | EB5: -0.0044833981 | EC5: -0.0046024872 | ED5: -0.0064428165 | EE5: -0.0059165452 | EF5: -0.0061991252
A6: 選絕對值最大 | C6: {=MATCH(MAX(ABS(C3:C5)),ABS(C3:C5),0)} -> 1 | D6: {=MATCH(MAX(ABS(D3:D5)),ABS(D3:D5),0)} -> 1 | E6: {=MATCH(MAX(ABS(E3:E5)),ABS(E3:E5),0)} -> 1 | F6: {=MATCH(MAX(ABS(F3:F5)),ABS(F3:F5),0)} -> 1 | G6: {=MATCH(MAX(ABS(G3:G5)),ABS(G3:G5),0)} -> 1 | H6: {=MATCH(MAX(ABS(H3:H5)),ABS(H3:H5),0)} -> 1 | I6: {=MATCH(MAX(ABS(I3:I5)),ABS(I3:I5),0)} -> 1 | J6: {=MATCH(MAX(ABS(J3:J5)),ABS(J3:J5),0)} -> 1 | ... EF6: {=MATCH(MAX(ABS(EF3:EF5)),ABS(EF3:EF5),0)} -> 1
C7: =IF(C6=1,"bm",IF(C6=2,"size",IF(C6=3,"mom"))) -> bm | D7: =IF(D6=1,"bm",IF(D6=2,"size",IF(D6=3,"mom"))) -> bm | E7: =IF(E6=1,"bm",IF(E6=2,"size",IF(E6=3,"mom"))) -> bm | F7: =IF(F6=1,"bm",IF(F6=2,"size",IF(F6=3,"mom"))) -> bm | G7: =IF(G6=1,"bm",IF(G6=2,"size",IF(G6=3,"mom"))) -> bm | H7: =IF(H6=1,"bm",IF(H6=2,"size",IF(H6=3,"mom"))) -> bm | I7: =IF(I6=1,"bm",IF(I6=2,"size",IF(I6=3,"mom"))) -> bm | J7: =IF(J6=1,"bm",IF(J6=2,"size",IF(J6=3,"mom"))) -> bm | ... EF7: =IF(EF6=1,"bm",IF(EF6=2,"size",IF(EF6=3,"mom"))) -> bm
C8: =IF(C6=1,C3,IF(C6=2,C4,IF(C6=3,C5))) -> 0.073912658 | D8: =IF(D6=1,D3,IF(D6=2,D4,IF(D6=3,D5))) -> 0.075614765 | E8: =IF(E6=1,E3,IF(E6=2,E4,IF(E6=3,E5))) -> 0.047493916 | F8: =IF(F6=1,F3,IF(F6=2,F4,IF(F6=3,F5))) -> 0.050458245 | G8: =IF(G6=1,G3,IF(G6=2,G4,IF(G6=3,G5))) -> 0.056787238 | H8: =IF(H6=1,H3,IF(H6=2,H4,IF(H6=3,H5))) -> 0.052736022 | I8: =IF(I6=1,I3,IF(I6=2,I4,IF(I6=3,I5))) -> 0.055432953 | J8: =IF(J6=1,J3,IF(J6=2,J4,IF(J6=3,J5))) -> 0.06568785 | ... EF8: =IF(EF6=1,EF3,IF(EF6=2,EF4,IF(EF6=3,EF5))) -> 0.050313424
A10: 投資組合 | C10: 公司數 | D10: 964
A11: 等分 | B11: 分數 | C11: 2014/01 | D11: 2014/02 | E11: 2014/03 | F11: 2014/04 | G11: 2014/05 | H11: 2014/06 | I11: 2014/07 | J11: 2014/08 | K11: 2014/09 | L11: 2014/10 | M11: 2014/11 | N11: 2014/12 | O11: 2015/01 | P11: 2015/02 | Q11: 2015/03 | R11: 2015/04 | S11: 2015/05 | T11: 2015/06 | U11: 2015/07 | V11: 2015/08 | W11: 2015/09 | X11: 2015/10 | Y11: 2015/11 | Z11: 2015/12 | AA11: 2016/01 | AB11: 2016/02 | AC11: 2016/03 | AD11: 2016/04 | AE11: 2016/05 | AF11: 2016/06 | AG11: 2016/07 | AH11: 2016/08 | AI11: 2016/09 | AJ11: 2016/10 | AK11: 2016/11 | AL11: 2016/12 | AM11: 2017/01 | AN11: 2017/02 | AO11: 2017/03 | AP11: 2017/04 | AQ11: 2017/05 | AR11: 2017/06 | AS11: 2017/07 | AT11: 2017/08 | AU11: 2017/09 | AV11: 2017/10 | AW11: 2017/11 | AX11: 2017/12 | AY11: 2018/01 | AZ11: 2018/02 | BA11: 2018/03 | BB11: 2018/04 | BC11: 2018/05 | BD11: 2018/06 | BE11: 2018/07 | BF11: 2018/08 | BG11: 2018/09 | BH11: 2018/10 | BI11: 2018/11 | BJ11: 2018/12 | BK11: 2019/01 | BL11: 2019/02 | BM11: 2019/03 | BN11: 2019/04 | BO11: 2019/05 | BP11: 2019/06 | BQ11: 2019/07 | BR11: 2019/08 | BS11: 2019/09 | BT11: 2019/10 | BU11: 2019/11 | BV11: 2019/12 | BW11: 2020/01 | BX11: 2020/02 | BY11: 2020/03 | BZ11: 2020/04 | CA11: 2020/05 | CB11: 2020/06 | CC11: 2020/07 | CD11: 2020/08 | CE11: 2020/09 | CF11: 2020/10 | CG11: 2020/11 | CH11: 2020/12 | CI11: 2021/01 | CJ11: 2021/02 | CK11: 2021/03 | CL11: 2021/04 | CM11: 2021/05 | CN11: 2021/06 | CO11: 2021/07 | CP11: 2021/08 | CQ11: 2021/09 | CR11: 2021/10 | CS11: 2021/11 | CT11: 2021/12 | CU11: 2022/01 | CV11: 2022/02 | CW11: 2022/03 | CX11: 2022/04 | CY11: 2022/05 | CZ11: 2022/06 | DA11: 2022/07 | DB11: 2022/08 | DC11: 2022/09 | DD11: 2022/10 | DE11: 2022/11 | DF11: 2022/12 | DG11: 2023/01 | DH11: 2023/02 | DI11: 2023/03 | DJ11: 2023/04 | DK11: 2023/05 | DL11: 2023/06 | DM11: 2023/07 | DN11: 2023/08 | DO11: 2023/09 | DP11: 2023/10 | DQ11: 2023/11 | DR11: 2023/12 | DS11: 2024/01 | DT11: 2024/02 | DU11: 2024/03 | DV11: 2024/04 | DW11: 2024/05 | DX11: 2024/06 | DY11: 2024/07 | DZ11: 2024/08 | EA11: 2024/09 | EB11: 2024/10 | EC11: 2024/11 | ED11: 2024/12 | EE11: 2025/01 | EF11: 2025/02
A12: 10 | B12: 96 | C12: 0.047013509 | D12: 0.020821795 | E12: -0.0067540284 | F12: -0.019868825 | G12: 0.0079043467 | H12: 0.0093593838 | I12: 0.036303937 | J12: 0.043784579 | K12: -0.010988404 | L12: -0.0022772308 | M12: -0.015551804 | N12: 0.052074108 | O12: 0.018629889 | P12: -0.021420421 | Q12: -0.033792784 | R12: 0.013397506 | S12: -0.071053897 | T12: -0.043243489 | U12: -0.020367221 | V12: 0.045029991 | W12: 0.022278442 | X12: 0.048519275 | Y12: -0.016788377 | Z12: 0.063623683 | AA12: -0.039403661 | AB12: 0.034689111 | AC12: 0.035114764 | AD12: 0.00584711 | AE12: -0.037897624 | AF12: 0.020432151 | AG12: 0.029982145 | AH12: 0.013405805 | AI12: 0.023246958 | AJ12: 0.021062375 | AK12: 0.048123704 | AL12: 0.017859003 | AM12: 0.030086116 | AN12: 0.069233234 | AO12: 0.002228793 | AP12: -0.033718345 | AQ12: -0.0076219364 | AR12: 0.013526259 | AS12: 0.019099718 | AT12: 0.013834905 | AU12: 0.020708659 | AV12: -0.041360085 | AW12: 0.00062147702 | AX12: 0.043598467 | AY12: 0.024955293 | AZ12: -0.0023000261 | BA12: 0.0049378882 | BB12: 0.015274605 | BC12: 0.012272789 | BD12: 0.013630557 | BE12: 0.01860881 | BF12: 0.067792352 | BG12: 0.033670862 | BH12: 0.01422336 | BI12: 0.050021253 | BJ12: -0.00079599332 | BK12: -0.021284665 | BL12: 0.024709246 | BM12: -0.005169092 | BN12: 0.011516536 | BO12: 0.02424631 | BP12: -0.010508985 | BQ12: 0.01389675 | BR12: -0.0022610085 | BS12: 0.018863293 | BT12: 0.022031469 | BU12: 0.0087815171 | BV12: 0.023062456 | BW12: -0.029483769 | BX12: 0.011477162 | BY12: -0.0333708 | BZ12: 0.045356946 | CA12: -0.034400287 | CB12: 0.0019432421 | CC12: -0.016770964 | CD12: 0.11093363 | CE12: 0.011619408 | CF12: 0.027767583 | CG12: 0.041857234 | CH12: 0.063297372 | CI12: -0.034655912 | CJ12: 0.01544518 | CK12: 0.012803144 | CL12: 0.11801561 | CM12: -0.015219726 | CN12: -0.027083701 | CO12: -0.027266127 | CP12: 0.045299021 | CQ12: 0.036572195 | CR12: 0.0021178784 | CS12: -0.015201648 | CT12: -0.00082403602 | CU12: 0.035623716 | CV12: 0.0081126264 | CW12: 0.0055479247 | CX12: 0.060989883 | CY12: -0.0059829422 | CZ12: 0.077792327 | DA12: 0.0056037841 | DB12: -0.022981876 | DC12: 0.033973203 | DD12: 0.024888978 | DE12: 0.0011981084 | DF12: -0.0068345257 | DG12: -0.00094770894 | DH12: -0.003822682 | DI12: -0.054443173 | DJ12: 0.0080625983 | DK12: -0.015945953 | DL12: -0.00035467602 | DM12: -0.0048403492 | DN12: 0.042410365 | DO12: 0.022599734 | DP12: 0.03258445 | DQ12: -0.022769865 | DR12: 0.018778943 | DS12: -0.035726155 | DT12: -0.045297883 | DU12: 0.013752648 | DV12: 0.048550824 | DW12: 0.043725564 | DX12: -0.050152081 | DY12: 0.01535727 | DZ12: -0.0041357255 | EA12: 0.064003941 | EB12: 0.0028283268 | EC12: 0.02665151 | ED12: -0.060508153 | EE12: 0.011917096 | EF12: 0.039233348
A13: 20 | B13: 48 | C13: 0.042506118 | D13: 0.029877611 | E13: -0.034496619 | F13: -0.034922156 | G13: -0.01490798 | H13: 0.015930385 | I13: 0.032682863 | J13: 0.034549892 | K13: -0.04533099 | L13: -0.029135669 | M13: 0.0077086563 | N13: 0.043151952 | O13: 0.036273276 | P13: -0.020856913 | Q13: -0.044218264 | R13: 0.0064899102 | S13: -0.1229153 | T13: -0.052899803 | U13: -0.054161075 | V13: 0.052779739 | W13: 0.031103088 | X13: 0.069750969 | Y13: -0.026471883 | Z13: 0.078424435 | AA13: -0.03211951 | AB13: 0.04667822 | AC13: 0.021871556 | AD13: 0.0065790452 | AE13: -0.042517211 | AF13: 0.031940464 | AG13: 0.031681783 | AH13: 0.0096413392 | AI13: 0.019910042 | AJ13: 0.019885917 | AK13: 0.065987913 | AL13: 0.023151429 | AM13: 0.046282444 | AN13: 0.10533024 | AO13: 0.0093111879 | AP13: -0.05955084 | AQ13: -0.0060492888 | AR13: 0.010689186 | AS13: 0.041313118 | AT13: 0.040463088 | AU13: 0.040976126 | AV13: -0.0094754726 | AW13: 0.0040800136 | AX13: 0.067153788 | AY13: 0.017564346 | AZ13: -0.0081034675 | BA13: 0.0065409376 | BB13: 0.042875374 | BC13: 0.011283767 | BD13: 0.0033444284 | BE13: 0.027391806 | BF13: 0.083929415 | BG13: 0.046566462 | BH13: 0.0084757298 | BI13: 0.052409132 | BJ13: -0.016847086 | BK13: -0.018391025 | BL13: 0.03194786 | BM13: 0.016918616 | BN13: 0.011052542 | BO13: 0.030878716 | BP13: 0.0094326957 | BQ13: 0.041653064 | BR13: -0.0066814175 | BS13: 0.0074194718 | BT13: 0.038343506 | BU13: 0.017706555 | BV13: 0.020653597 | BW13: 0.0017632378 | BX13: 0.021078068 | BY13: -0.014512398 | BZ13: 0.076138123 | CA13: -0.033531566 | CB13: -0.0065958267 | CC13: -0.012530912 | CD13: 0.10508583 | CE13: 0.0092209843 | CF13: 0.044514267 | CG13: 0.040449063 | CH13: 0.058334612 | CI13: -0.051853509 | CJ13: -0.003106088 | CK13: 0.032045269 | CL13: 0.081453366 | CM13: -0.010296804 | CN13: -0.026887566 | CO13: -0.013457459 | CP13: 0.06972654 | CQ13: 0.03818495 | CR13: 0.008279781 | CS13: 0.010833051 | CT13: 0.0080707993 | CU13: 0.037161402 | CV13: -0.0029533122 | CW13: 0.0059770309 | CX13: 0.060033255 | CY13: -0.01311874 | CZ13: 0.05722422 | DA13: -0.0055836769 | DB13: -0.04176157 | DC13: 0.029775566 | DD13: 0.010697601 | DE13: 0.0059289571 | DF13: -0.028518797 | DG13: -0.0016306572 | DH13: 0.011295768 | DI13: -0.045977025 | DJ13: -0.0033317562 | DK13: 0.012409074 | DL13: -0.016300246 | DM13: -0.006658869 | DN13: 0.011499578 | DO13: 0.046891412 | DP13: 0.048786636 | DQ13: -0.026430081 | DR13: 0.013771209 | DS13: -0.038887628 | DT13: -0.035426301 | DU13: 0.018705164 | DV13: 0.079620144 | DW13: 0.04441779 | DX13: -0.06452338 | DY13: 0.035386045 | DZ13: -0.014608814 | EA13: 0.073242869 | EB13: 0.021373218 | EC13: 0.041659753 | ED13: -0.065682094 | EE13: 0.0079525936 | EF13: 0.066577215
A14: 50 | B14: 19 | C14: -0.037017512 | D14: 0.083347312 | E14: -0.047525943 | F14: -0.048454143 | G14: -0.041019916 | H14: 0.0076743243 | I14: 0.04378736 | J14: 0.023309972 | K14: -0.1341787 | L14: 0.0048471972 | M14: 0.0049945201 | N14: 0.082758985 | O14: 0.037475787 | P14: -0.058345922 | Q14: -0.12410387 | R14: -0.015941187 | S14: -0.16589323 | T14: -0.06984148 | U14: -0.10426666 | V14: 0.020089127 | W14: 0.074008159 | X14: 0.11326311 | Y14: -0.0052198746 | Z14: 0.038511926 | AA14: -0.03945018 | AB14: 0.070769377 | AC14: -0.013517269 | AD14: -0.012920107 | AE14: -0.10641207 | AF14: 0.040420703 | AG14: 0.020520895 | AH14: 0.0052502779 | AI14: 0.010965316 | AJ14: 0.096294684 | AK14: 0.076911431 | AL14: 0.03796919 | AM14: 0.061242166 | AN14: 0.098594667 | AO14: 0.060905705 | AP14: -0.069976525 | AQ14: -0.00036796774 | AR14: 0.03764584 | AS14: 0.085376986 | AT14: 0.03450658 | AU14: 0.039991649 | AV14: -0.018682885 | AW14: -0.018362932 | AX14: 0.13695103 | AY14: 0.015068119 | AZ14: -0.053348569 | BA14: 0.017621646 | BB14: 0.061734282 | BC14: -0.009820999 | BD14: 0.043327782 | BE14: 0.043787063 | BF14: 0.040770522 | BG14: 0.041374264 | BH14: 0.0053427556 | BI14: 0.050185213 | BJ14: -0.020017224 | BK14: -0.0055937517 | BL14: 0.059737767 | BM14: 0.039257215 | BN14: 0.020936538 | BO14: 0.033609046 | BP14: 0.015673733 | BQ14: 0.015843524 | BR14: -0.02792943 | BS14: -0.041493955 | BT14: 0.074012962 | BU14: -0.0088548354 | BV14: 0.025727182 | BW14: 0.012507948 | BX14: 0.05497076 | BY14: -0.0065962934 | BZ14: 0.060034057 | CA14: -0.024465266 | CB14: 0.022127617 | CC14: -0.012794081 | CD14: 0.09801671 | CE14: -0.072156719 | CF14: 0.092330683 | CG14: 0.053067028 | CH14: 0.064661392 | CI14: -0.10588478 | CJ14: -0.028667855 | CK14: 0.014016364 | CL14: 0.062269955 | CM14: 0.03204001 | CN14: -0.023026689 | CO14: -0.07358772 | CP14: 0.099809331 | CQ14: 0.053211628 | CR14: 0.055909138 | CS14: 0.05902712 | CT14: 0.019100577 | CU14: -0.043917103 | CV14: 0.022745715 | CW14: -0.0033983825 | CX14: 0.036299409 | CY14: -0.02875912 | CZ14: 0.064063563 | DA14: -0.024304289 | DB14: -0.023561073 | DC14: 0.023632609 | DD14: -0.01675855 | DE14: 0.0053842996 | DF14: -0.035856631 | DG14: 0.011446556 | DH14: 0.0047748372 | DI14: -0.05859782 | DJ14: 0.0010237243 | DK14: 0.019071063 | DL14: -0.015165162 | DM14: 0.0055042691 | DN14: 0.042662496 | DO14: 0.041375645 | DP14: 0.043539716 | DQ14: -0.08936786 | DR14: 0.052622519 | DS14: -0.035044906 | DT14: -0.044516954 | DU14: -0.044914949 | DV14: 0.10826235 | DW14: 0.098344367 | DX14: -0.10193151 | DY14: 0.03799708 | DZ14: -0.021881573 | EA14: 0.078105266 | EB14: 0.033177333 | EC14: 0.0060793821 | ED14: -0.10262971 | EE14: 0.018867157 | EF14: 0.06995642
A15: 100 | B15: 10 | C15: -0.096503142 | D15: 0.016952865 | E15: -0.010198426 | F15: -0.10856229 | G15: -0.060636929 | H15: 0.050157825 | I15: 0.058431444 | J15: 0.049961465 | K15: -0.28659463 | L15: 0.032558505 | M15: 0.025497709 | N15: 0.12086815 | O15: 0.073757344 | P15: -0.064116183 | Q15: -0.15553684 | R15: -0.05212969 | S15: -0.2700079 | T15: -0.066800125 | U15: -0.13696806 | V15: -0.017131853 | W15: 0.10254359 | X15: 0.12684333 | Y15: 0.020629974 | Z15: 0.046719972 | AA15: -0.054081147 | AB15: 0.083700173 | AC15: 0.016480966 | AD15: 0.018936283 | AE15: -0.097797684 | AF15: 0.065819612 | AG15: 0.010123478 | AH15: -0.033604373 | AI15: 0.0742774 | AJ15: 0.0041834 | AK15: 0.06175962 | AL15: 0.044431662 | AM15: 0.055122622 | AN15: 0.10168871 | AO15: 0.063369812 | AP15: -0.078285694 | AQ15: -0.037367127 | AR15: 0.090293855 | AS15: 0.053821179 | AT15: 0.065254991 | AU15: 0.039943261 | AV15: -0.047226818 | AW15: 0.015659939 | AX15: 0.12523398 | AY15: 0.028017064 | AZ15: -0.09132328 | BA15: 0.010613515 | BB15: 0.11272487 | BC15: 0.062155144 | BD15: 0.053043274 | BE15: 0.048442721 | BF15: 0.047662979 | BG15: 0.0024895387 | BH15: 0.034441845 | BI15: 0.068586659 | BJ15: -0.011265027 | BK15: 0.00082375227 | BL15: 0.059403871 | BM15: 0.066824821 | BN15: 0.04014257 | BO15: 0.027734476 | BP15: 0.014184221 | BQ15: 0.012802931 | BR15: -0.050157429 | BS15: -0.016823777 | BT15: 0.089060206 | BU15: 0.01947642 | BV15: 0.058914968 | BW15: -0.03594589 | BX15: 0.028635895 | BY15: -0.061694091 | BZ15: 0.10290647 | CA15: -0.018592021 | CB15: 0.015056894 | CC15: -0.15231827 | CD15: 0.12015208 | CE15: -0.11651657 | CF15: 0.09435665 | CG15: -0.0042988793 | CH15: 0.062885958 | CI15: -0.038798415 | CJ15: -0.087044356 | CK15: 0.056672646 | CL15: 0.031421975 | CM15: 0.074631116 | CN15: -0.042634116 | CO15: -0.12944902 | CP15: 0.12753584 | CQ15: 0.037378011 | CR15: 0.04823707 | CS15: 0.060185172 | CT15: 0.007394575 | CU15: -0.06317866 | CV15: -0.0061418469 | CW15: -0.01248466 | CX15: 0.024039607 | CY15: -0.042470673 | CZ15: 0.079886948 | DA15: -0.026375835 | DB15: -0.030226618 | DC15: 0.03507515 | DD15: -0.04939369 | DE15: 0.024948715 | DF15: -0.042391306 | DG15: 0.016196732 | DH15: -0.018709011 | DI15: -0.011718449 | DJ15: -0.051853853 | DK15: 0.10177483 | DL15: 0.062635494 | DM15: -0.023808547 | DN15: 0.043996497 | DO15: 0.046296727 | DP15: 0.023735602 | DQ15: -0.095040907 | DR15: 0.070010567 | DS15: -0.076241908 | DT15: -0.072163632 | DU15: -0.045770729 | DV15: 0.13976836 | DW15: 0.025538627 | DX15: -0.11861625 | DY15: 0.10653917 | DZ15: -0.018920244 | EA15: 0.027338726 | EB15: 0.048518573 | EC15: 0.066081856 | ED15: -0.11335706 | EE15: -0.016245415 | EF15: 0.065700991
A16: 107 | B16: 9 | C16: -0.027383645 | D16: -0.00072024867 | E16: -0.0028301766 | F16: -0.099382493 | G16: -0.073696265 | H16: 0.060999005 | I16: 0.057530619 | J16: 0.046709926 | K16: -0.28467055 | L16: 0.0098865346 | M16: 0.040334455 | N16: 0.12567063 | O16: 0.079826861 | P16: -0.061045232 | Q16: -0.15790307 | R16: -0.048990978 | S16: -0.28706302 | T16: -0.06721906 | U16: -0.13006247 | V16: -0.0060221453 | W16: 0.10166568 | X16: 0.12440978 | Y16: 0.020180588 | Z16: 0.043057931 | AA16: -0.043487636 | AB16: 0.074985042 | AC16: 0.047226236 | AD16: 0.0011220258 | AE16: -0.09650236 | AF16: 0.063685843 | AG16: 0.013290753 | AH16: -0.0317654 | AI16: 0.090523111 | AJ16: -0.01763 | AK16: 0.064421401 | AL16: 0.048688933 | AM16: 0.066076731 | AN16: 0.1064562 | AO16: 0.061424672 | AP16: -0.077798368 | AQ16: -0.0384662 | AR16: 0.10329118 | AS16: 0.065068225 | AT16: 0.049547155 | AU16: 0.041826838 | AV16: -0.0090725068 | AW16: 0.03925293 | AX16: 0.10082977 | AY16: 0.03381259 | AZ16: -0.10490964 | BA16: 0.014923105 | BB16: 0.10803892 | BC16: 0.067121466 | BD16: 0.035936712 | BE16: 0.051410994 | BF16: 0.064268054 | BG16: 0.013473282 | BH16: -0.013775614 | BI16: 0.041443808 | BJ16: -0.020503816 | BK16: 0.0029719903 | BL16: 0.070623566 | BM16: 0.081523875 | BN16: 0.047905833 | BO16: 0.02189036 | BP16: 0.020843184 | BQ16: 0.016478016 | BR16: -0.026296848 | BS16: -0.013191573 | BT16: 0.085483191 | BU16: 0.05776511 | BV16: 0.060711239 | BW16: -0.065740927 | BX16: 0.031559238 | BY16: -0.050563733 | BZ16: 0.11152585 | CA16: -0.02971439 | CB16: -0.001428045 | CC16: -0.15907251 | CD16: 0.15507127 | CE16: -0.13259506 | CF16: 0.10520126 | CG16: -0.005378519 | CH16: 0.041697415 | CI16: -0.038709882 | CJ16: -0.045523551 | CK16: 0.076472984 | CL16: 0.015878682 | CM16: 0.088988628 | CN16: -0.033057515 | CO16: -0.18245195 | CP16: 0.13663169 | CQ16: 0.041435606 | CR16: 0.048299767 | CS16: 0.06655916 | CT16: 0.0050674065 | CU16: -0.063434654 | CV16: -0.016751084 | CW16: -0.0091941595 | CX16: 0.012240285 | CY16: -0.049117049 | CZ16: 0.10263326 | DA16: -0.029804794 | DB16: -0.04271217 | DC16: 0.042942362 | DD16: -0.070070935 | DE16: 0.034444372 | DF16: -0.023146433 | DG16: 0.014452948 | DH16: -0.019129343 | DI16: -0.013233426 | DJ16: -0.029141406 | DK16: 0.13359436 | DL16: 0.065113036 | DM16: -0.03033095 | DN16: 0.042437853 | DO16: 0.053221908 | DP16: 0.019841949 | DQ16: -0.083033658 | DR16: 0.055191252 | DS16: -0.093752065 | DT16: -0.10053413 | DU16: -0.064473734 | DV16: 0.13695373 | DW16: 0.04091773 | DX16: -0.12528471 | DY16: 0.11635433 | DZ16: -0.03127708 | EA16: 0.046661372 | EB16: 0.078610639 | EC16: 0.063532067 | ED16: -0.11541675 | EE16: -0.023090712 | EF16: 0.042474401
A17: 120 | B17: 8 | C17: -0.041028984 | D17: -0.017334375 | E17: 0.0073790015 | F17: -0.11283752 | G17: -0.071222767 | H17: 0.076687822 | I17: 0.11372503 | J17: 0.041858395 | K17: -0.29682655 | L17: 0.0097108895 | M17: 0.064932035 | N17: 0.13594843 | O17: 0.10122677 | P17: -0.066339369 | Q17: -0.16180129 | R17: -0.052057609 | S17: -0.31065343 | T17: -0.071202015 | U17: -0.14127114 | V17: 0.0040111898 | W17: 0.11960398 | X17: 0.1168462 | Y17: 0.022928011 | Z17: 0.053868489 | AA17: -0.03520979 | AB17: 0.084852063 | AC17: 0.05872869 | AD17: 0.021912844 | AE17: -0.12715842 | AF17: 0.06142931 | AG17: 0.022740981 | AH17: -0.035472619 | AI17: 0.11486512 | AJ17: -0.02220825 | AK17: 0.073716275 | AL17: 0.050724406 | AM17: 0.075369368 | AN17: 0.11328712 | AO17: 0.012632335 | AP17: -0.077242814 | AQ17: -0.060527137 | AR17: 0.11393071 | AS17: 0.056323562 | AT17: 0.052267806 | AU17: 0.054555507 | AV17: -0.021205903 | AW17: 0.008421888 | AX17: 0.096240559 | AY17: 0.027423697 | AZ17: -0.1251576 | BA17: 0.0098251791 | BB17: 0.12376406 | BC17: 0.083863195 | BD17: 0.022356482 | BE17: 0.077350242 | BF17: 0.055197497 | BG17: -0.035394236 | BH17: 0.013519461 | BI17: 0.087111945 | BJ17: -0.0098580643 | BK17: -0.013822952 | BL17: 0.077482967 | BM17: 0.07599777 | BN17: 0.046915526 | BO17: 0.035179615 | BP17: 0.03599598 | BQ17: 0.01137651 | BR17: -0.0096463751 | BS17: -0.0041034691 | BT17: 0.10941638 | BU17: 0.071127819 | BV17: 0.070210303 | BW17: -0.080431713 | BX17: 0.028822965 | BY17: -0.084245468 | BZ17: 0.12057816 | CA17: -0.027934832 | CB17: -0.010477707 | CC17: -0.17495797 | CD17: 0.17295974 | CE17: -0.17511625 | CF17: 0.098746197 | CG17: -0.015527105 | CH17: 0.058636447 | CI17: -0.014531185 | CJ17: -0.050742321 | CK17: 0.091738573 | CL17: -0.0094263448 | CM17: 0.13456934 | CN17: -0.026718061 | CO17: -0.20253863 | CP17: 0.14815927 | CQ17: 0.041087933 | CR17: 0.050676491 | CS17: 0.096841631 | CT17: 0.049260056 | CU17: -0.074408308 | CV17: 0.0038796079 | CW17: -0.019761854 | CX17: 0.010772395 | CY17: -0.049383299 | CZ17: 0.12424884 | DA17: -0.043895859 | DB17: -0.034883011 | DC17: 0.043363469 | DD17: -0.085133933 | DE17: 0.043723416 | DF17: -0.01123137 | DG17: -0.0018392819 | DH17: -0.038726651 | DI17: -0.0052932443 | DJ17: -0.045336158 | DK17: 0.15603643 | DL17: 0.073515601 | DM17: -0.052252911 | DN17: 0.035489033 | DO17: 0.05345137 | DP17: -0.016518508 | DQ17: -0.10770247 | DR17: 0.055884815 | DS17: -0.12431616 | DT17: -0.09313895 | DU17: -0.071730706 | DV17: 0.1177654 | DW17: 0.048681483 | DX17: -0.12953898 | DY17: 0.11213845 | DZ17: -0.031828173 | EA17: 0.011817924 | EB17: 0.087100349 | EC17: 0.016425217 | ED17: -0.12832444 | EE17: -0.02541336 | EF17: 0.047709767
A18: 137 | B18: 7 | C18: -0.053942228 | D18: -0.0081874671 | E18: -0.059000657 | F18: -0.13441437 | G18: -0.080794247 | H18: 0.12191279 | I18: 0.13550018 | J18: 0.043411516 | K18: -0.3586821 | L18: 0.012982487 | M18: 0.079702577 | N18: 0.14299243 | O18: 0.10367049 | P18: -0.082552612 | Q18: -0.18897542 | R18: -0.061492238 | S18: -0.38373263 | T18: -0.05424444 | U18: -0.13249502 | V18: 0.012895135 | W18: 0.13791724 | X18: 0.14345152 | Y18: 0.019232334 | Z18: 0.089234363 | AA18: -0.041705245 | AB18: 0.0846983 | AC18: 0.057823013 | AD18: 0.02659559 | AE18: -0.14352924 | AF18: 0.031873418 | AG18: 0.032493116 | AH18: -0.040197461 | AI18: 0.11808643 | AJ18: -0.0073281429 | AK18: 0.030152481 | AL18: 0.047527764 | AM18: 0.066643405 | AN18: 0.07929464 | AO18: 0.005427535 | AP18: -0.078278592 | AQ18: -0.076230845 | AR18: 0.12454551 | AS18: 0.085826552 | AT18: 0.04332565 | AU18: 0.064575644 | AV18: -0.028768756 | AW18: 0.024538034 | AX18: 0.10756087 | AY18: 0.034783279 | AZ18: -0.14840908 | BA18: 0.00063231092 | BB18: 0.13765604 | BC18: 0.083201573 | BD18: -0.024016272 | BE18: 0.068361213 | BF18: 0.045884536 | BG18: -0.016806241 | BH18: 0.020503853 | BI18: 0.10900001 | BJ18: 0.0059560641 | BK18: -0.058003244 | BL18: 0.081157674 | BM18: 0.10277394 | BN18: 0.05277439 | BO18: 0.020227496 | BP18: 0.04685754 | BQ18: 0.0019167841 | BR18: -0.0057481936 | BS18: -0.0039836251 | BT18: 0.11523675 | BU18: 0.080677444 | BV18: 0.080923395 | BW18: -0.085311087 | BX18: 0.019018475 | BY18: -0.12307498 | BZ18: 0.15331999 | CA18: -0.016076544 | CB18: -0.024577357 | CC18: -0.028173444 | CD18: 0.19371682 | CE18: -0.17792636 | CF18: 0.071817592 | CG18: -0.0028013589 | CH18: 0.16265705 | CI18: -0.03886914 | CJ18: -0.062313678 | CK18: 0.090667784 | CL18: -0.030989545 | CM18: 0.14364854 | CN18: -0.035086254 | CO18: -0.23157388 | CP18: 0.16283911 | CQ18: 0.047976536 | CR18: 0.055156129 | CS18: 0.078027247 | CT18: 0.090515429 | CU18: -0.071648691 | CV18: 0.091040282 | CW18: -0.0084560856 | CX18: 0.061560186 | CY18: -0.051357414 | CZ18: 0.13284286 | DA18: -0.04738094 | DB18: -0.045735209 | DC18: 0.036408781 | DD18: -0.082462353 | DE18: 0.049173445 | DF18: -0.035042779 | DG18: -0.0076194732 | DH18: -0.028038013 | DI18: -0.016114629 | DJ18: -0.04520404 | DK18: 0.15851363 | DL18: 0.081397743 | DM18: -0.066508141 | DN18: -0.016722064 | DO18: 0.042104908 | DP18: -0.020604686 | DQ18: -0.10072728 | DR18: 0.076840655 | DS18: -0.147722 | DT18: -0.11601739 | DU18: -0.096895186 | DV18: 0.10564061 | DW18: 0.081908692 | DX18: -0.15360298 | DY18: 0.097428037 | DZ18: -0.075516359 | EA18: -0.0063615627 | EB18: 0.099846378 | EC18: 0.0027641154 | ED18: -0.11047802 | EE18: -0.013853754 | EF18: 0.048955017
A19: 160 | B19: 6 | C19: -0.077959416 | D19: -0.020170799 | E19: -0.054898094 | F19: -0.038646682 | G19: -0.097512091 | H19: 0.14889412 | I19: 0.13465433 | J19: 0.035429585 | K19: -0.41833785 | L19: 0.043048958 | M19: 0.086210339 | N19: 0.095347886 | O19: 0.092221383 | P19: -0.092534186 | Q19: -0.19716309 | R19: -0.090299091 | S19: -0.18416012 | T19: -0.027154278 | U19: -0.13569834 | V19: 0.036618688 | W19: 0.14662099 | X19: 0.11663905 | Y19: 0.025628638 | Z19: 0.091619111 | AA19: -0.041570185 | AB19: 0.10225361 | AC19: 0.028452835 | AD19: 0.035088929 | AE19: -0.16941606 | AF19: 0.038785667 | AG19: 0.022136219 | AH19: -0.056557715 | AI19: 0.091549333 | AJ19: 0.012166333 | AK19: 0.0075520425 | AL19: 0.070270946 | AM19: 0.043106012 | AN19: 0.083568294 | AO19: 0.025892903 | AP19: -0.08757412 | AQ19: -0.088252757 | AR19: 0.15351756 | AS19: 0.097796955 | AT19: 0.049294982 | AU19: 0.076428716 | AV19: -0.050033021 | AW19: 0.022356168 | AX19: 0.080206414 | AY19: 0.02952897 | AZ19: -0.18687962 | BA19: -0.034363884 | BB19: 0.1597462 | BC19: 0.064055486 | BD19: -0.0032343926 | BE19: 0.051131874 | BF19: 0.013570974 | BG19: -0.016343658 | BH19: 0.0020182017 | BI19: 0.12779863 | BJ19: 0.021707302 | BK19: -0.051749526 | BL19: 0.079964658 | BM19: 0.1142506 | BN19: 0.067252647 | BO19: 0.025728961 | BP19: 0.062818808 | BQ19: 0.0099340445 | BR19: 0.006675246 | BS19: -0.024256339 | BT19: 0.14163268 | BU19: 0.075936251 | BV19: 0.093655241 | BW19: -0.10896696 | BX19: 0.034087785 | BY19: -0.10764974 | BZ19: 0.068702125 | CA19: -0.029328755 | CB19: -0.048041169 | CC19: -0.024723253 | CD19: 0.2156192 | CE19: -0.19826583 | CF19: 0.079904397 | CG19: -0.05063353 | CH19: 0.15288987 | CI19: -0.037066946 | CJ19: -0.0619405 | CK19: 0.10396772 | CL19: -0.04324028 | CM19: 0.17534764 | CN19: -0.076932655 | CO19: -0.2724544 | CP19: 0.1590326 | CQ19: -0.0027299082 | CR19: 0.04969419 | CS19: 0.060700851 | CT19: 0.12262043 | CU19: -0.083436397 | CV19: 0.10197986 | CW19: -0.021901808 | CX19: 0.057634726 | CY19: -0.07092187 | CZ19: 0.11285183 | DA19: -0.058223877 | DB19: -0.035720899 | DC19: -0.0351794 | DD19: -0.10625734 | DE19: 0.054024955 | DF19: -0.069693047 | DG19: -0.012746475 | DH19: -0.00015698313 | DI19: 0.0036664244 | DJ19: -0.048514351 | DK19: 0.12414459 | DL19: 0.070167408 | DM19: -0.081952255 | DN19: 0.0024751231 | DO19: 0.055126563 | DP19: 0.027838014 | DQ19: -0.12048938 | DR19: 0.075962353 | DS19: -0.17799555 | DT19: -0.1331285 | DU19: -0.1428307 | DV19: 0.11152471 | DW19: 0.060609139 | DX19: -0.13836513 | DY19: 0.070109578 | DZ19: -0.11192083 | EA19: -0.028079353 | EB19: 0.02177277 | EC19: -0.012190043 | ED19: -0.15093532 | EE19: 0.012634043 | EF19: 0.016977955
A20: 192 | B20: 5 | C20: -0.1393246 | D20: 0.00035171826 | E20: 0.015499988 | F20: -0.091218422 | G20: -0.10036591 | H20: 0.164372 | I20: 0.15814956 | J20: 0.034471259 | K20: -0.090108654 | L20: 0.095708636 | M20: 0.10013341 | N20: 0.10192493 | O20: 0.099101484 | P20: -0.091169928 | Q20: -0.21672574 | R20: -0.10925306 | S20: -0.15518262 | T20: 0.015662911 | U20: -0.14864968 | V20: 0.012644103 | W20: 0.17308538 | X20: 0.1486972 | Y20: 0.04206749 | Z20: 0.10561696 | AA20: -0.021594553 | AB20: 0.084759841 | AC20: 0.056443346 | AD20: 0.034453903 | AE20: -0.19929286 | AF20: 0.039044678 | AG20: 0.027659219 | AH20: -0.090178201 | AI20: 0.1163372 | AJ20: 0.0172406 | AK20: -0.013595115 | AL20: 0.072893452 | AM20: 0.033095981 | AN20: 0.075470194 | AO20: 0.045285082 | AP20: -0.13173046 | AQ20: 0.027452485 | AR20: 0.170049 | AS20: 0.11209581 | AT20: 0.0058587738 | AU20: 0.075692387 | AV20: -0.054625714 | AW20: 0.0068652682 | AX20: 0.11073255 | AY20: 0.038674698 | AZ20: -0.21380243 | BA20: -0.036798865 | BB20: 0.16765542 | BC20: 0.070605568 | BD20: -0.053429813 | BE20: -0.0059467971 | BF20: 0.0056885823 | BG20: -0.0069261427 | BH20: -0.071606447 | BI20: 0.13174527 | BJ20: 0.021629512 | BK20: -0.059233168 | BL20: 0.086292231 | BM20: 0.13691766 | BN20: 0.11855724 | BO20: -0.038461718 | BP20: 0.060407521 | BQ20: 0.015451707 | BR20: 0.012073632 | BS20: 0.0054075062 | BT20: 0.14780303 | BU20: 0.098754949 | BV20: 0.11591833 | BW20: -0.13550325 | BX20: 0.030693637 | BY20: -0.10523397 | BZ20: 0.090271404 | CA20: -0.040102728 | CB20: -0.03825195 | CC20: -0.026043034 | CD20: 0.1810275 | CE20: -0.2439638 | CF20: 0.080957937 | CG20: -0.099052889 | CH20: 0.071864026 | CI20: -0.030394674 | CJ20: -0.12344032 | CK20: 0.090978397 | CL20: -0.092184934 | CM20: 0.18905117 | CN20: 0.022159411 | CO20: -0.41597134 | CP20: 0.19203121 | CQ20: 0.0061113579 | CR20: 0.073116245 | CS20: 0.088364277 | CT20: 0.090474037 | CU20: -0.094867658 | CV20: 0.092511076 | CW20: 0.0099530629 | CX20: 0.090298551 | CY20: -0.012479733 | CZ20: 0.15516165 | DA20: -0.047471893 | DB20: -0.05690271 | DC20: -0.049613069 | DD20: -0.14810881 | DE20: -0.026749864 | DF20: 0.00085912153 | DG20: -0.0042022106 | DH20: -0.010975412 | DI20: -0.022876732 | DJ20: -0.039459946 | DK20: 0.084953981 | DL20: 0.075826636 | DM20: 0.0092836503 | DN20: 0.058019207 | DO20: 0.065815802 | DP20: 0.0098305314 | DQ20: -0.18720732 | DR20: 0.07851266 | DS20: -0.2060811 | DT20: -0.13343598 | DU20: -0.17206911 | DV20: 0.12934547 | DW20: 0.069060204 | DX20: -0.15386633 | DY20: 0.053618609 | DZ20: -0.084474578 | EA20: 0.014917025 | EB20: 0.039067633 | EC20: 0.034049581 | ED20: -0.17691886 | EE20: 0.0023672309 | EF20: 0.020281417
A21: 241 | B21: 4 | C21: -0.19764916 | D21: -0.0003677094 | E21: -0.00027935227 | F21: -0.051097484 | G21: -0.007296138 | H21: 0.19866806 | I21: 0.14725561 | J21: 0.060435326 | K21: -0.088973017 | L21: 0.10967961 | M21: 0.07566065 | N21: 0.099587412 | O21: 0.12978246 | P21: -0.1447726 | Q21: -0.25731007 | R21: -0.095575311 | S21: -0.12859029 | T21: -0.014040364 | U21: -0.086278418 | V21: 0.053557619 | W21: 0.15778848 | X21: 0.19733718 | Y21: 0.020833083 | Z21: 0.11420399 | AA21: 0.019491044 | AB21: 0.12983958 | AC21: 0.07430113 | AD21: 0.046697425 | AE21: -0.24045611 | AF21: 0.05312561 | AG21: 0.044302778 | AH21: -0.10758136 | AI21: 0.10212425 | AJ21: 0.0051835 | AK21: -0.035803168 | AL21: 0.065379823 | AM21: 0.068535807 | AN21: 0.11195606 | AO21: 0.047726396 | AP21: -0.072535144 | AQ21: 0.076865507 | AR21: 0.20518228 | AS21: 0.064455869 | AT21: -0.0024929113 | AU21: 0.047809632 | AV21: -0.05552078 | AW21: 0.00979103 | AX21: 0.14314769 | AY21: 0.047021291 | AZ21: -0.25491127 | BA21: -0.071032182 | BB21: 0.22534614 | BC21: 0.038321148 | BD21: -0.021750863 | BE21: 0.0063505334 | BF21: 0.0035771002 | BG21: 0.036635189 | BH21: -0.076321363 | BI21: 0.1659696 | BJ21: 0.023579026 | BK21: -0.06844988 | BL21: 0.14272109 | BM21: 0.15512 | BN21: 0.063647948 | BO21: -0.063857236 | BP21: 0.10450913 | BQ21: 0.054542231 | BR21: 0.012323862 | BS21: 0.0058601728 | BT21: 0.13224469 | BU21: 0.13549646 | BV21: 0.142143 | BW21: -0.1466792 | BX21: -0.0029908193 | BY21: -0.050379851 | BZ21: 0.047662929 | CA21: -0.060517603 | CB21: -0.063421391 | CC21: -0.046693549 | CD21: 0.28805606 | CE21: -0.39507594 | CF21: 0.13126568 | CG21: -0.14375119 | CH21: 0.080100321 | CI21: -0.080499616 | CJ21: -0.085627757 | CK21: 0.12705055 | CL21: -0.13389042 | CM21: 0.22550299 | CN21: 0.03053889 | CO21: -0.51486525 | CP21: 0.22270006 | CQ21: 0.0032880917 | CR21: 0.090824278 | CS21: 0.069646396 | CT21: 0.082292873 | CU21: -0.06267356 | CV21: 0.098225632 | CW21: 0.065005417 | CX21: 0.10212218 | CY21: -0.0084819164 | CZ21: 0.23745137 | DA21: 0.0011922565 | DB21: -0.051624434 | DC21: -0.045047559 | DD21: 0.12132269 | DE21: 0.012238109 | DF21: 0.021560881 | DG21: 0.0078463781 | DH21: 0.01407682 | DI21: 0.034407478 | DJ21: -0.037911313 | DK21: 0.13950271 | DL21: 0.098364939 | DM21: -0.02983412 | DN21: 0.071197612 | DO21: 0.082445792 | DP21: 0.024266155 | DQ21: -0.15474119 | DR21: 0.050170859 | DS21: -0.20083947 | DT21: -0.1705708 | DU21: -0.028090294 | DV21: 0.14027598 | DW21: 0.12824787 | DX21: -0.18596621 | DY21: 0.024595996 | DZ21: -0.052844067 | EA21: -0.024865522 | EB21: 0.0084081462 | EC21: 0.014037055 | ED21: -0.054498856 | EE21: 0.014428852 | EF21: -0.018771264
A22: 321 | B22: 3 | C22: 0.064235718 | D22: -0.044680897 | E22: -0.041027532 | F22: -0.097433996 | G22: -0.032954824 | H22: 0.17874946 | I22: 0.12349317 | J22: 0.052598589 | K22: -0.15328677 | L22: 0.17118336 | M22: -0.22515861 | N22: 0.13328042 | O22: 0.14348035 | P22: -0.072782884 | Q22: -0.27677689 | R22: -0.036628434 | S22: -0.16964656 | T22: -0.020238612 | U22: -0.11059002 | V22: 0.038286777 | W22: 0.20748027 | X22: 0.21490005 | Y22: 0.015732208 | Z22: 0.075548269 | AA22: 0.0070480169 | AB22: 0.13443621 | AC22: 0.074420381 | AD22: 0.012467303 | AE22: -0.22862111 | AF22: 0.047182316 | AG22: 0.05284154 | AH22: -0.10586596 | AI22: 0.11100467 | AJ22: 0.013081333 | AK22: 0.10128856 | AL22: 0.040340967 | AM22: 0.084088903 | AN22: 0.11113281 | AO22: 0.074717373 | AP22: -0.062536354 | AQ22: 0.079426117 | AR22: 0.25053268 | AS22: 0.082810439 | AT22: -0.025136362 | AU22: 0.033500452 | AV22: -0.059813177 | AW22: -0.030149389 | AX22: 0.1737634 | AY22: 0.071733385 | AZ22: -0.15490378 | BA22: -0.045598425 | BB22: 0.30192994 | BC22: -0.13083694 | BD22: -0.022174181 | BE22: 0.022216183 | BF22: 0.013638817 | BG22: 0.046279512 | BH22: -0.12796054 | BI22: 0.11108872 | BJ22: 0.054996415 | BK22: -0.041839636 | BL22: 0.16178034 | BM22: 0.19179704 | BN22: -0.015327552 | BO22: -0.050484429 | BP22: 0.07483555 | BQ22: 0.027830097 | BR22: 0.020813609 | BS22: -0.016372782 | BT22: 0.1305307 | BU22: 0.21294877 | BV22: 0.15854397 | BW22: -0.1746685 | BX22: 0.036637446 | BY22: -0.0047467864 | BZ22: 0.047257736 | CA22: -0.027490078 | CB22: -0.14899328 | CC22: -0.014985703 | CD22: 0.33387804 | CE22: -0.39338734 | CF22: 0.18879979 | CG22: -0.20326309 | CH22: 0.11591877 | CI22: -0.11777975 | CJ22: -0.10337951 | CK22: 0.036163343 | CL22: -0.2406518 | CM22: 0.320432 | CN22: -0.0085467718 | CO22: -0.64995647 | CP22: 0.25940856 | CQ22: -0.012333779 | CR22: 0.16185042 | CS22: -0.015202184 | CT22: 0.058232521 | CU22: -0.12023171 | CV22: 0.1122337 | CW22: 0.036451253 | CX22: 0.0037495933 | CY22: -0.0079888258 | CZ22: 0.26292048 | DA22: -0.0039917539 | DB22: -0.058383507 | DC22: -0.020724784 | DD22: 0.1478941 | DE22: -0.005491758 | DF22: 0.017031775 | DG22: 0.031985043 | DH22: 0.013945346 | DI22: 0.063560999 | DJ22: -0.050246006 | DK22: 0.17913471 | DL22: 0.12494165 | DM22: -0.063466051 | DN22: 0.046763328 | DO22: 0.1234375 | DP22: 0.010227258 | DQ22: -0.131031 | DR22: -0.0060925526 | DS22: -0.19705092 | DT22: -0.058357009 | DU22: -0.057495391 | DV22: 0.12570512 | DW22: 0.078389724 | DX22: -0.22244261 | DY22: -0.0081471166 | DZ22: -0.10374798 | EA22: -0.070548649 | EB22: -0.080596728 | EC22: 0.021495102 | ED22: -0.077413567 | EE22: 0.033446304 | EF22: -0.034790246
A23: 482 | B23: 2 | C23: -0.034987009 | D23: -0.029810668 | E23: -0.080941173 | F23: -0.14166491 | G23: -0.052224174 | H23: 0.20371831 | I23: 0.14815203 | J23: -0.098162291 | K23: -0.20448948 | L23: 0.05404353 | M23: -0.26256935 | N23: 0.15641924 | O23: 0.20456438 | P23: -0.090401711 | Q23: 0.059568017 | R23: -0.056211143 | S23: -0.11372453 | T23: -0.00037336921 | U23: -0.093757422 | V23: -0.023029457 | W23: 0.33161915 | X23: 0.26408569 | Y23: 0.014659802 | Z23: 0.033032515 | AA23: 0.006606292 | AB23: 0.06403978 | AC23: 0.076346338 | AD23: 0.0150109 | AE23: -0.33234425 | AF23: 0.06690626 | AG23: 0.091873658 | AH23: -0.084171585 | AI23: 0.209152 | AJ23: 0.023587 | AK23: 0.1141111 | AL23: 0.13143171 | AM23: 0.007769489 | AN23: 0.2423147 | AO23: -0.0053369522 | AP23: 0.0031210994 | AQ23: 0.089424992 | AR23: 0.33674404 | AS23: -0.014706888 | AT23: -0.041427722 | AU23: 0.033145526 | AV23: -0.027638994 | AW23: -0.05202691 | AX23: 0.069838154 | AY23: 0.17023398 | AZ23: -0.063753617 | BA23: 0.0096467801 | BB23: -0.051049484 | BC23: -0.30082825 | BD23: 0.094830881 | BE23: -0.071430762 | BF23: -0.022846991 | BG23: 0.074761471 | BH23: -0.20348398 | BI23: 0.19111208 | BJ23: 0.10400332 | BK23: 0.0020341083 | BL23: 0.1495343 | BM23: 0.18918069 | BN23: -0.0069471708 | BO23: 0.036524942 | BP23: 0.098266399 | BQ23: 0.072047901 | BR23: 0.017844321 | BS23: -0.073275389 | BT23: 0.14364981 | BU23: 0.20568774 | BV23: 0.11346757 | BW23: -0.20215233 | BX23: -0.0082131197 | BY23: -0.010205693 | BZ23: 0.0076697624 | CA23: -0.0756532 | CB23: -0.2176142 | CC23: 0.22495863 | CD23: 0.19167646 | CE23: -0.11662461 | CF23: 0.15713491 | CG23: -0.39324379 | CH23: 0.18019645 | CI23: -0.30989942 | CJ23: -0.019875368 | CK23: 0.096116995 | CL23: -0.40866101 | CM23: 0.38673295 | CN23: -0.053005178 | CO23: -0.90892329 | CP23: 0.31136074 | CQ23: -0.0091837445 | CR23: 0.011597804 | CS23: -0.036974219 | CT23: 0.045662542 | CU23: -0.021056596 | CV23: -0.022245137 | CW23: 0.10090133 | CX23: -0.088716994 | CY23: 0.022046531 | CZ23: 0.18199879 | DA23: -0.030982136 | DB23: -0.015955157 | DC23: 0.11919049 | DD23: 0.21341104 | DE23: -0.009395226 | DF23: 0.061942127 | DG23: 0.038270012 | DH23: 0.055413447 | DI23: 0.053479597 | DJ23: -0.087058008 | DK23: 0.27783322 | DL23: 0.21610106 | DM23: -0.019497305 | DN23: 0.006497196 | DO23: 0.1640913 | DP23: 0.047088233 | DQ23: -0.170211 | DR23: -0.089886003 | DS23: -0.28809658 | DT23: -0.12395522 | DU23: 0.034287185 | DV23: 0.27627161 | DW23: 0.14122823 | DX23: -0.31349321 | DY23: 0.16987683 | DZ23: -0.10287302 | EA23: -0.023448908 | EB23: -0.06275344 | EC23: -0.036584316 | ED23: -0.091425905 | EE23: 0.059050684 | EF23: -0.047782279
A24: 964 | B24: 1 | C24: 0.16299314 | D24: -0.10404901 | E24: 0.07140033 | F24: -0.22715955 | G24: 0.22576002 | H24: 0.24668673 | I24: -0.0021119332 | J24: -0.099972193 | K24: -0.021515278 | L24: 0.095623251 | M24: -0.46302754 | N24: 0.14413045 | O24: 0.23530919 | P24: -0.10424841 | Q24: 0.060964962 | R24: -0.24569737 | S24: -0.35251446 | T24: 0.12369104 | U24: -0.14851867 | V24: -0.067139303 | W24: 0.49571199 | X24: 0.11802243 | Y24: 0.0094770149 | Z24: 0.10584233 | AA24: 0.013547768 | AB24: 0.19533962 | AC24: 0.12538038 | AD24: 0.0078218389 | AE24: -0.54125812 | AF24: 0.02252201 | AG24: 0.13873572 | AH24: -0.05669736 | AI24: 0.310414 | AJ24: 0.085435 | AK24: 0.084883953 | AL24: -0.054676935 | AM24: -0.018919281 | AN24: 0.22118947 | AO24: 0.066090112 | AP24: -0.022851715 | AQ24: 0.047076973 | AR24: 0.0096392566 | AS24: -0.027956077 | AT24: 0.030459207 | AU24: 0.04409532 | AV24: -0.087151952 | AW24: 0.0049875415 | AX24: 0.028306187 | AY24: 0.16812729 | AZ24: 0.037867074 | BA24: -0.053794732 | BB24: -0.086159033 | BC24: -0.80321601 | BD24: 0.18559522 | BE24: -0.046064354 | BF24: 0.087651336 | BG24: 0.026835966 | BH24: -0.38625534 | BI24: 0.22362911 | BJ24: 0.0033483158 | BK24: 0.0040235469 | BL24: 0.31716429 | BM24: 0.011473019 | BN24: 0.0068493418 | BO24: -0.16110969 | BP24: 0.12335118 | BQ24: -0.064169633 | BR24: 0.042356223 | BS24: -0.0012847175 | BT24: 0.1162707 | BU24: 0.22832663 | BV24: 0.10772845 | BW24: -0.061835884 | BX24: -0.13296006 | BY24: 0.10974567 | BZ24: 0.2588929 | CA24: -0.11522168 | CB24: 0.20876197 | CC24: 0.43985451 | CD24: 0.14430631 | CE24: -0.21012144 | CF24: 0.22172136 | CG24: -0.32381798 | CH24: 0.3542773 | CI24: 0.32845182 | CJ24: 0.013109485 | CK24: 0.093530079 | CL24: 0.14175533 | CM24: 0.54958711 | CN24: -0.10773877 | CO24: -0.77665322 | CP24: 0.1603442 | CQ24: 0.11468717 | CR24: 0.061084838 | CS24: -0.085895233 | CT24: 0.096419008 | CU24: -0.072751348 | CV24: 0.015064048 | CW24: 0.17511717 | CX24: 0.055207194 | CY24: -0.080066905 | CZ24: 0.11220663 | DA24: 0.024511204 | DB24: -0.19546067 | DC24: 0.19117576 | DD24: 0.15338138 | DE24: -0.17606276 | DF24: -0.10466498 | DG24: 0.059105834 | DH24: 0.00084652507 | DI24: 0.14187546 | DJ24: -0.13248861 | DK24: 0.33950921 | DL24: 0.21310443 | DM24: -0.14143953 | DN24: 0.23333457 | DO24: 0.1854408 | DP24: 0.11437343 | DQ24: -0.13297735 | DR24: -0.02051563 | DS24: -0.21626154 | DT24: -0.038362866 | DU24: -0.047638587 | DV24: 0.1582247 | DW24: 0.10885709 | DX24: -0.31159313 | DY24: 0.34380429 | DZ24: -0.050469182 | EA24: 0.077350922 | EB24: -0.029582176 | EC24: -0.014309919 | ED24: -0.056172845 | EE24: 0.11342944 | EF24: 0.067276677
A26: 大盤 | B26: TWII | C26: -0.017446771 | D26: 0.020701061 | E26: 0.023982129 | F26: -0.006557579 | G26: 0.03184513 | H26: 0.034348533 | I26: -0.0082549328 | J26: 0.012843524 | K26: -0.051018525 | L26: 0.00087394274 | M26: 0.023389576 | N26: 0.012988972 | O26: 0.0058545887 | P26: 0.027413207 | Q26: -0.0037129361 | R26: 0.024076614 | S26: -0.012190025 | T26: -0.039749578 | U26: -0.07315545 | V26: -0.05826023 | W26: 0.00077279757 | X26: 0.044591521 | Y26: -0.02769968 | Z26: 0.0020950059 | AA26: -0.023400551 | AB26: 0.032129371 | AC26: 0.038903273 | AD26: -0.042865382 | AE26: 0.018647195 | AF26: 0.015229768 | AG26: 0.036016604 | AH26: 0.0093546114 | AI26: 0.010748251 | AJ26: 0.013357754 | AK26: -0.0053327473 | AL26: 0.0013831358 | AM26: 0.020795928 | AN26: 0.031517702 | AO26: 0.0062417165 | AP26: 0.0061452617 | AQ26: 0.016946358 | AR26: 0.03468283 | AS26: 0.0030985886 | AT26: 0.015081347 | AU26: -0.019251209 | AV26: 0.038711513 | AW26: -0.021856951 | AX26: 0.0077743007 | AY26: 0.042397247 | AZ26: -0.026308975 | BA26: 0.0095717493 | BB26: -0.024249741 | BC26: 0.020163374 | BD26: -0.0035049988 | BE26: 0.020151935 | BF26: 0.00058133623 | BG26: -0.005219701 | BH26: -0.11587176 | BI26: 0.0087252257 | BJ26: -0.016377261 | BK26: 0.020840372 | BL26: 0.044975872 | BM26: 0.023954306 | BN26: 0.030239101 | BO26: -0.043725888 | BP26: 0.02188947 | BQ26: 0.0086274303 | BR26: -0.019192954 | BS26: 0.01973513 | BT26: 0.047694337 | BU26: 0.011454817 | BV26: 0.043228621 | BW26: -0.04274743 | BX26: -0.017811292 | BY26: -0.1511531 | BZ26: 0.124224 | CA26: -0.0045572538 | CB26: 0.06021124 | CC26: 0.085992033 | CD26: -0.0058084796 | CE26: -0.006041347 | CF26: 0.0024523244 | CG26: 0.089636252 | CH26: 0.070992733 | CI26: 0.027170643 | CJ26: 0.052468428 | CK26: 0.029480661 | CL26: 0.066825081 | CM26: -0.028772229 | CN26: 0.039462516 | CO26: -0.029031087 | CP26: 0.013983883 | CQ26: -0.032276965 | CR26: 0.0031035766 | CS26: 0.025591856 | CT26: 0.044391886 | CU26: -0.030338959 | CV26: -0.0012579765 | CW26: 0.0023363565 | CX26: -0.064264145 | CY26: 0.012909779 | CZ26: -0.12547709 | DA26: 0.011690683 | DB26: 0.0063378437 | DC26: -0.11730536 | DD26: -0.036010872 | DE26: 0.1389113 | DF26: -0.051143506 | DG26: 0.076731447 | DH26: 0.015508782 | DI26: 0.023223774 | DJ26: -0.018372876 | DK26: 0.062199014 | DL26: 0.020098304 | DM26: 0.01349894 | DN26: -0.030252213 | DO26: -0.017022836 | DP26: -0.021788523 | DQ26: 0.085745625 | DR26: 0.028106744 | DS26: -0.0023031598 | DT26: 0.058471198 | DU26: 0.067658949 | DV26: 0.0050207706 | DW26: 0.037416184 | DX26: 0.084111004 | DY26: -0.036832399 | DZ26: 0.0030917028 | EA26: -0.0019576282 | EB26: 0.026459104 | EC26: -0.024752539 | ED26: 0.034115491 | EE26: 0.021061974 | EF26: -0.020277393
B28: 低 | C28: 2540 | D28: 2540 | E28: 2540 | F28: 2540 | G28: 2540 | H28: 2540 | I28: 6114 | J28: 6242 | K28: 6242 | L28: 6242 | M28: 8077 | N28: 8077 | O28: 5455 | P28: 5455 | Q28: 5455 | R28: 5455 | S28: 5455 | T28: 5455 | U28: 4413 | V28: 4413 | W28: 4413 | X28: 6225 | Y28: 8044 | Z28: 6225 | AA28: 6225 | AB28: 6225 | AC28: 6225 | AD28: 6225 | AE28: 6225 | AF28: 6225 | AG28: 6225 | AH28: 6225 | AI28: 6291 | AJ28: 6291 | AK28: 6225 | AL28: 6225 | AM28: 6225 | AN28: 6225 | AO28: 6225 | AP28: 6225 | AQ28: 6225 | AR28: 6225 | AS28: 6225 | AT28: 6225 | AU28: 6225 | AV28: 6225 | AW28: 3043 | AX28: 3043 | AY28: 6225 | AZ28: 6225 | BA28: 6225 | BB28: 6225 | BC28: 6225 | BD28: 6225 | BE28: 6225 | BF28: 6225 | BG28: 6225 | BH28: 6225 | BI28: 6225 | BJ28: 6225 | BK28: 6225 | BL28: 6225 | BM28: 6225 | BN28: 6225 | BO28: 6225 | BP28: 6225 | BQ28: 6225 | BR28: 6225 | BS28: 6225 | BT28: 6225 | BU28: 8080 | BV28: 6225 | BW28: 5205 | BX28: 8080 | BY28: 8080 | BZ28: 8080 | CA28: 8080 | CB28: 8080 | CC28: 5205 | CD28: 5205 | CE28: 5205 | CF28: 5205 | CG28: 5205 | CH28: 5205 | CI28: 5205 | CJ28: 8080 | CK28: 8080 | CL28: 8080 | CM28: 5205 | CN28: 6287 | CO28: 6287 | CP28: 6287 | CQ28: 6287 | CR28: 6287 | CS28: 6287 | CT28: 6287 | CU28: 8101 | CV28: 8101 | CW28: 8101 | CX28: 8101 | CY28: 8101 | CZ28: 8101 | DA28: 6225 | DB28: 6225 | DC28: 6225 | DD28: 6225 | DE28: 6225 | DF28: 3064 | DG28: 6225 | DH28: 6225 | DI28: 6225 | DJ28: 6225 | DK28: 6225 | DL28: 6225 | DM28: 8084 | DN28: 8084 | DO28: 1519 | DP28: 1519 | DQ28: 8084 | DR28: 4419 | DS28: 4419 | DT28: 4419 | DU28: 4419 | DV28: 4419 | DW28: 4419 | DX28: 4419 | DY28: 1519 | DZ28: 1519 | EA28: 1519 | EB28: 1519 | EC28: 6287 | ED28: 6287 | EE28: 5314 | EF28: 5314
B29: 公司名稱 | C29: 愛山林 | D29: 愛山林 | E29: 愛山林 | F29: 愛山林 | G29: 愛山林 | H29: 愛山林 | I29: 久威 | J29: 立康 | K29: 立康 | L29: 立康 | M29: 洛碁 | N29: 洛碁 | O29: 昇益 | P29: 昇益 | Q29: 昇益 | R29: 昇益 | S29: 昇益 | T29: 昇益 | U29: 飛寶企業 | V29: 飛寶企業 | W29: 飛寶企業 | X29: 天瀚 | Y29: 網家 | Z29: 天瀚 | AA29: 天瀚 | AB29: 天瀚 | AC29: 天瀚 | AD29: 天瀚 | AE29: 天瀚 | AF29: 天瀚 | AG29: 天瀚 | AH29: 天瀚 | AI29: 沛亨 | AJ29: 沛亨 | AK29: 天瀚 | AL29: 天瀚 | AM29: 天瀚 | AN29: 天瀚 | AO29: 天瀚 | AP29: 天瀚 | AQ29: 天瀚 | AR29: 天瀚 | AS29: 天瀚 | AT29: 天瀚 | AU29: 天瀚 | AV29: 天瀚 | AW29: 科風 | AX29: 科風 | AY29: 天瀚 | AZ29: 天瀚 | BA29: 天瀚 | BB29: 天瀚 | BC29: 天瀚 | BD29: 天瀚 | BE29: 天瀚 | BF29: 天瀚 | BG29: 天瀚 | BH29: 天瀚 | BI29: 天瀚 | BJ29: 天瀚 | BK29: 天瀚 | BL29: 天瀚 | BM29: 天瀚 | BN29: 天瀚 | BO29: 天瀚 | BP29: 天瀚 | BQ29: 天瀚 | BR29: 天瀚 | BS29: 天瀚 | BT29: 天瀚 | BU29: 印鉐 | BV29: 天瀚 | BW29: 中茂 | BX29: 印鉐 | BY29: 印鉐 | BZ29: 印鉐 | CA29: 印鉐 | CB29: 印鉐 | CC29: 中茂 | CD29: 中茂 | CE29: 中茂 | CF29: 中茂 | CG29: 中茂 | CH29: 中茂 | CI29: 中茂 | CJ29: 印鉐 | CK29: 印鉐 | CL29: 印鉐 | CM29: 中茂 | CN29: 元隆 | CO29: 元隆 | CP29: 元隆 | CQ29: 元隆 | CR29: 元隆 | CS29: 元隆 | CT29: 元隆 | CU29: 華冠 | CV29: 華冠 | CW29: 華冠 | CX29: 華冠 | CY29: 華冠 | CZ29: 華冠 | DA29: 天瀚 | DB29: 天瀚 | DC29: 天瀚 | DD29: 天瀚 | DE29: 天瀚 | DF29: 泰偉 | DG29: 天瀚 | DH29: 天瀚 | DI29: 天瀚 | DJ29: 天瀚 | DK29: 天瀚 | DL29: 天瀚 | DM29: 巨虹 | DN29: 巨虹 | DO29: 華城 | DP29: 華城 | DQ29: 巨虹 | DR29: 皇家美食 | DS29: 皇家美食 | DT29: 皇家美食 | DU29: 皇家美食 | DV29: 皇家美食 | DW29: 皇家美食 | DX29: 皇家美食 | DY29: 華城 | DZ29: 華城 | EA29: 華城 | EB29: 華城 | EC29: 元隆 | ED29: 元隆 | EE29: 世紀 | EF29: 世紀
B30: 高 | C30: 2492 | D30: 2323 | E30: 2323 | F30: 2323 | G30: 2323 | H30: 2323 | I30: 2323 | J30: 2323 | K30: 2323 | L30: 2323 | M30: 2323 | N30: 2323 | O30: 2323 | P30: 2323 | Q30: 2323 | R30: 2323 | S30: 2323 | T30: 2323 | U30: 2323 | V30: 2323 | W30: 2323 | X30: 2323 | Y30: 2323 | Z30: 2323 | AA30: 2323 | AB30: 2323 | AC30: 2323 | AD30: 2323 | AE30: 2323 | AF30: 2323 | AG30: 1314 | AH30: 2323 | AI30: 2330 | AJ30: 2330 | AK30: 2323 | AL30: 2323 | AM30: 2323 | AN30: 2323 | AO30: 2323 | AP30: 2323 | AQ30: 2323 | AR30: 2323 | AS30: 2323 | AT30: 2323 | AU30: 2323 | AV30: 2323 | AW30: 3252 | AX30: 3252 | AY30: 3252 | AZ30: 3252 | BA30: 3252 | BB30: 3252 | BC30: 1906 | BD30: 1906 | BE30: 1906 | BF30: 3252 | BG30: 1906 | BH30: 1906 | BI30: 1906 | BJ30: 1906 | BK30: 8085 | BL30: 8085 | BM30: 2201 | BN30: 8085 | BO30: 8085 | BP30: 8085 | BQ30: 3252 | BR30: 2409 | BS30: 3252 | BT30: 3311 | BU30: 3311 | BV30: 2321 | BW30: 3252 | BX30: 3252 | BY30: 3252 | BZ30: 5608 | CA30: 5608 | CB30: 5608 | CC30: 1314 | CD30: 5608 | CE30: 1314 | CF30: 1314 | CG30: 1314 | CH30: 1314 | CI30: 3252 | CJ30: 3252 | CK30: 3252 | CL30: 3252 | CM30: 3252 | CN30: 3252 | CO30: 3252 | CP30: 3252 | CQ30: 3252 | CR30: 3252 | CS30: 1906 | CT30: 1906 | CU30: 1906 | CV30: 1906 | CW30: 1906 | CX30: 1906 | CY30: 1906 | CZ30: 1906 | DA30: 1314 | DB30: 4414 | DC30: 1314 | DD30: 1906 | DE30: 2323 | DF30: 2323 | DG30: 2362 | DH30: 2362 | DI30: 2362 | DJ30: 2362 | DK30: 3252 | DL30: 1314 | DM30: 2603 | DN30: 2603 | DO30: 2603 | DP30: 2603 | DQ30: 1906 | DR30: 1906 | DS30: 1314 | DT30: 1314 | DU30: 1314 | DV30: 1314 | DW30: 1312 | DX30: 1314 | DY30: 1312 | DZ30: 1312 | EA30: 1312 | EB30: 1314 | EC30: 1314 | ED30: 1312 | EE30: 1312 | EF30: 1314
B31: 公司名稱 | C31: 華新科 | D31: 中環 | E31: 中環 | F31: 中環 | G31: 中環 | H31: 中環 | I31: 中環 | J31: 中環 | K31: 中環 | L31: 中環 | M31: 中環 | N31: 中環 | O31: 中環 | P31: 中環 | Q31: 中環 | R31: 中環 | S31: 中環 | T31: 中環 | U31: 中環 | V31: 中環 | W31: 中環 | X31: 中環 | Y31: 中環 | Z31: 中環 | AA31: 中環 | AB31: 中環 | AC31: 中環 | AD31: 中環 | AE31: 中環 | AF31: 中環 | AG31: 中石化 | AH31: 中環 | AI31: 台積電 | AJ31: 台積電 | AK31: 中環 | AL31: 中環 | AM31: 中環 | AN31: 中環 | AO31: 中環 | AP31: 中環 | AQ31: 中環 | AR31: 中環 | AS31: 中環 | AT31: 中環 | AU31: 中環 | AV31: 中環 | AW31: 海灣 | AX31: 海灣 | AY31: 海灣 | AZ31: 海灣 | BA31: 海灣 | BB31: 海灣 | BC31: 寶隆 | BD31: 寶隆 | BE31: 寶隆 | BF31: 海灣 | BG31: 寶隆 | BH31: 寶隆 | BI31: 寶隆 | BJ31: 寶隆 | BK31: 福華 | BL31: 福華 | BM31: 裕隆 | BN31: 福華 | BO31: 福華 | BP31: 福華 | BQ31: 海灣 | BR31: 友達 | BS31: 海灣 | BT31: 閎暉 | BU31: 閎暉 | BV31: 東訊 | BW31: 海灣 | BX31: 海灣 | BY31: 海灣 | BZ31: 四維航 | CA31: 四維航 | CB31: 四維航 | CC31: 中石化 | CD31: 四維航 | CE31: 中石化 | CF31: 中石化 | CG31: 中石化 | CH31: 中石化 | CI31: 海灣 | CJ31: 海灣 | CK31: 海灣 | CL31: 海灣 | CM31: 海灣 | CN31: 海灣 | CO31: 海灣 | CP31: 海灣 | CQ31: 海灣 | CR31: 海灣 | CS31: 寶隆 | CT31: 寶隆 | CU31: 寶隆 | CV31: 寶隆 | CW31: 寶隆 | CX31: 寶隆 | CY31: 寶隆 | CZ31: 寶隆 | DA31: 中石化 | DB31: 如興 | DC31: 中石化 | DD31: 寶隆 | DE31: 中環 | DF31: 中環 | DG31: 藍天 | DH31: 藍天 | DI31: 藍天 | DJ31: 藍天 | DK31: 海灣 | DL31: 中石化 | DM31: 長榮 | DN31: 長榮 | DO31: 長榮 | DP31: 長榮 | DQ31: 寶隆 | DR31: 寶隆 | DS31: 中石化 | DT31: 中石化 | DU31: 中石化 | DV31: 中石化 | DW31: 國喬 | DX31: 中石化 | DY31: 國喬 | DZ31: 國喬 | EA31: 國喬 | EB31: 中石化 | EC31: 中石化 | ED31: 國喬 | EE31: 國喬 | EF31: 中石化

Sheet 夏普比率
A1: NN5
B2: Time | C2: 2013/12 | D2: 2014/01 | E2: 2014/02 | F2: 2014/03 | G2: 2014/04 | H2: 2014/05 | I2: 2014/06 | J2: 2014/07 | K2: 2014/08 | L2: 2014/09 | M2: 2014/10 | N2: 2014/11 | O2: 2014/12 | P2: 2015/01 | Q2: 2015/02 | R2: 2015/03 | S2: 2015/04 | T2: 2015/05 | U2: 2015/06 | V2: 2015/07 | W2: 2015/08 | X2: 2015/09 | Y2: 2015/10 | Z2: 2015/11 | AA2: 2015/12 | AB2: 2016/01 | AC2: 2016/02 | AD2: 2016/03 | AE2: 2016/04 | AF2: 2016/05 | AG2: 2016/06 | AH2: 2016/07 | AI2: 2016/08 | AJ2: 2016/09 | AK2: 2016/10 | AL2: 2016/11 | AM2: 2016/12 | AN2: 2017/01 | AO2: 2017/02 | AP2: 2017/03 | AQ2: 2017/04 | AR2: 2017/05 | AS2: 2017/06 | AT2: 2017/07 | AU2: 2017/08 | AV2: 2017/09 | AW2: 2017/10 | AX2: 2017/11 | AY2: 2017/12 | AZ2: 2018/01 | BA2: 2018/02 | BB2: 2018/03 | BC2: 2018/04 | BD2: 2018/05 | BE2: 2018/06 | BF2: 2018/07 | BG2: 2018/08 | BH2: 2018/09 | BI2: 2018/10 | BJ2: 2018/11 | BK2: 2018/12 | BL2: 2019/01 | BM2: 2019/02 | BN2: 2019/03 | BO2: 2019/04 | BP2: 2019/05 | BQ2: 2019/06 | BR2: 2019/07 | BS2: 2019/08 | BT2: 2019/09 | BU2: 2019/10 | BV2: 2019/11 | BW2: 2019/12 | BX2: 2020/01 | BY2: 2020/02 | BZ2: 2020/03 | CA2: 2020/04 | CB2: 2020/05 | CC2: 2020/06 | CD2: 2020/07 | CE2: 2020/08 | CF2: 2020/09 | CG2: 2020/10 | CH2: 2020/11 | CI2: 2020/12 | CJ2: 2021/01 | CK2: 2021/02 | CL2: 2021/03 | CM2: 2021/04 | CN2: 2021/05 | CO2: 2021/06 | CP2: 2021/07 | CQ2: 2021/08 | CR2: 2021/09 | CS2: 2021/10 | CT2: 2021/11 | CU2: 2021/12 | CV2: 2022/01 | CW2: 2022/02 | CX2: 2022/03 | CY2: 2022/04 | CZ2: 2022/05 | DA2: 2022/06 | DB2: 2022/07 | DC2: 2022/08 | DD2: 2022/09 | DE2: 2022/10 | DF2: 2022/11 | DG2: 2022/12 | DH2: 2023/01 | DI2: 2023/02 | DJ2: 2023/03 | DK2: 2023/04 | DL2: 2023/05 | DM2: 2023/06 | DN2: 2023/07 | DO2: 2023/08 | DP2: 2023/09 | DQ2: 2023/10 | DR2: 2023/11 | DS2: 2023/12 | DT2: 2024/01 | DU2: 2024/02 | DV2: 2024/03 | DW2: 2024/04 | DX2: 2024/05 | DY2: 2024/06 | DZ2: 2024/07 | EA2: 2024/08 | EB2: 2024/09 | EC2: 2024/10 | ED2: 2024/11 | EE2: 2024/12 | EF2: 2025/01
B3: bm | C3: 0.073912658 | D3: 0.075614765 | E3: 0.047493916 | F3: 0.050458245 | G3: 0.056787238 | H3: 0.052736022 | I3: 0.055432953 | J3: 0.06568785 | K3: 0.065738305 | L3: 0.065104179 | M3: 0.062918879 | N3: 0.050446849 | O3: 0.051143341 | P3: 0.054307941 | Q3: 0.053979594 | R3: 0.059017297 | S3: 0.058883928 | T3: 0.058087721 | U3: 0.058204345 | V3: 0.056997735 | W3: 0.05799941 | X3: 0.056064881 | Y3: 0.053807165 | Z3: 0.055985436 | AA3: 0.058552556 | AB3: 0.05709514 | AC3: 0.055604041 | AD3: 0.057368185 | AE3: 0.057112969 | AF3: 0.056432754 | AG3: 0.054296117 | AH3: 0.021947064 | AI3: 0.026477551 | AJ3: 0.032625593 | AK3: 0.034277223 | AL3: 0.039366212 | AM3: 0.046164852 | AN3: 0.050585136 | AO3: 0.052576661 | AP3: 0.046018597 | AQ3: 0.051431343 | AR3: 0.053190842 | AS3: 0.054051004 | AT3: 0.042643663 | AU3: 0.042383187 | AV3: 0.04437216 | AW3: 0.050514378 | AX3: 0.048605483 | AY3: 0.056297924 | AZ3: 0.040032942 | BA3: 0.036459345 | BB3: 0.037515309 | BC3: 0.043620858 | BD3: 0.049859002 | BE3: 0.05312597 | BF3: 0.052070312 | BG3: 0.052394859 | BH3: 0.05214715 | BI3: 0.053297453 | BJ3: 0.051574986 | BK3: 0.052271623 | BL3: 0.052872114 | BM3: 0.052642539 | BN3: 0.057873163 | BO3: 0.054300133 | BP3: 0.039404105 | BQ3: 0.052939504 | BR3: 0.034261242 | BS3: 0.054798268 | BT3: 0.047248825 | BU3: 0.05574432 | BV3: 0.052378722 | BW3: 0.040140357 | BX3: 0.047834542 | BY3: 0.049711667 | BZ3: 0.053135619 | CA3: 0.050331637 | CB3: 0.045716073 | CC3: 0.052729145 | CD3: 0.049658243 | CE3: 0.046769083 | CF3: 0.051047079 | CG3: 0.046370827 | CH3: 0.049930401 | CI3: 0.048304062 | CJ3: 0.04974198 | CK3: 0.050947834 | CL3: 0.051223513 | CM3: 0.049852591 | CN3: 0.049947917 | CO3: 0.048367862 | CP3: 0.048762951 | CQ3: 0.049044318 | CR3: 0.049002893 | CS3: 0.047328062 | CT3: 0.030859729 | CU3: 0.041540883 | CV3: 0.05055277 | CW3: 0.043886945 | CX3: 0.051949106 | CY3: 0.051065382 | CZ3: 0.042493746 | DA3: 0.04438743 | DB3: 0.050981995 | DC3: 0.051738326 | DD3: 0.049757939 | DE3: 0.052686661 | DF3: 0.045524646 | DG3: 0.043648571 | DH3: 0.046830844 | DI3: 0.048355341 | DJ3: 0.051528536 | DK3: 0.04632692 | DL3: 0.047242101 | DM3: 0.048489671 | DN3: 0.046750303 | DO3: 0.048154097 | DP3: 0.047626976 | DQ3: 0.048635252 | DR3: 0.048790116 | DS3: 0.047917254 | DT3: 0.046769027 | DU3: 0.047454037 | DV3: 0.04662203 | DW3: 0.047323465 | DX3: 0.047543596 | DY3: 0.047800638 | DZ3: 0.035176035 | EA3: 0.048215114 | EB3: 0.042192698 | EC3: 0.034884773 | ED3: 0.040104128 | EE3: 0.047643702 | EF3: 0.050313424
B4: size | C4: -0.026131522 | D4: -0.031095196 | E4: -0.019964382 | F4: -0.033693533 | G4: -0.043368421 | H4: -0.024385126 | I4: -0.027016774 | J4: -0.036226306 | K4: -0.033819553 | L4: -0.039761636 | M4: -0.038767133 | N4: -0.02785336 | O4: -0.027895253 | P4: -0.038603418 | Q4: -0.027599497 | R4: -0.03439156 | S4: -0.029038168 | T4: -0.028335925 | U4: -0.029418213 | V4: -0.027863869 | W4: -0.02784925 | X4: -0.0284466 | Y4: -0.032019768 | Z4: -0.030283766 | AA4: -0.0302471 | AB4: -0.028815374 | AC4: -0.027407316 | AD4: -0.028988741 | AE4: -0.028777553 | AF4: -0.028814863 | AG4: -0.028311996 | AH4: -0.019194214 | AI4: -0.034112293 | AJ4: -0.03353392 | AK4: -0.02831074 | AL4: -0.027743479 | AM4: -0.029019373 | AN4: -0.02503009 | AO4: -0.03397302 | AP4: -0.03330566 | AQ4: -0.021525146 | AR4: -0.026042076 | AS4: -0.029200077 | AT4: -0.026011361 | AU4: -0.030799195 | AV4: -0.032425597 | AW4: -0.027081784 | AX4: -0.026335653 | AY4: -0.03282845 | AZ4: -0.02748521 | BA4: -0.030885451 | BB4: -0.033565979 | BC4: -0.031490907 | BD4: -0.031633358 | BE4: -0.032687977 | BF4: -0.031126844 | BG4: -0.03192798 | BH4: -0.030451825 | BI4: -0.031060981 | BJ4: -0.030572509 | BK4: -0.032275725 | BL4: -0.031460464 | BM4: -0.031589396 | BN4: -0.012294749 | BO4: -0.023144336 | BP4: -0.035055574 | BQ4: -0.032289132 | BR4: -0.011129873 | BS4: -0.033276096 | BT4: -0.02587313 | BU4: -0.036538124 | BV4: -0.033601437 | BW4: -0.023735113 | BX4: -0.032411348 | BY4: -0.031690605 | BZ4: -0.035885952 | CA4: -0.032359179 | CB4: -0.024407595 | CC4: -0.029143283 | CD4: -0.0260846 | CE4: -0.031495962 | CF4: -0.030850921 | CG4: -0.030580375 | CH4: -0.031189695 | CI4: -0.030889489 | CJ4: -0.033136211 | CK4: -0.03218805 | CL4: -0.031450741 | CM4: -0.030453967 | CN4: -0.031576816 | CO4: -0.030488677 | CP4: -0.030082384 | CQ4: -0.031483032 | CR4: -0.029976385 | CS4: -0.030695863 | CT4: -0.022893913 | CU4: -0.026544522 | CV4: -0.02839729 | CW4: -0.032492533 | CX4: -0.028017795 | CY4: -0.027172543 | CZ4: -0.025749896 | DA4: -0.028659649 | DB4: -0.034036122 | DC4: -0.032790743 | DD4: -0.031840444 | DE4: -0.029838223 | DF4: -0.030047838 | DG4: -0.027653288 | DH4: -0.029767487 | DI4: -0.029807547 | DJ4: -0.030265775 | DK4: -0.029801888 | DL4: -0.03036857 | DM4: -0.027276935 | DN4: -0.027353548 | DO4: -0.028688658 | DP4: -0.026694594 | DQ4: -0.027623309 | DR4: -0.030617354 | DS4: -0.027213534 | DT4: -0.029642999 | DU4: -0.028188946 | DV4: -0.028006973 | DW4: -0.026157865 | DX4: -0.02757702 | DY4: -0.029765815 | DZ4: -0.025970664 | EA4: -0.026451942 | EB4: -0.026299383 | EC4: -0.028539317 | ED4: -0.024485998 | EE4: -0.035615813 | EF4: -0.031126395
B5: mom | C5: -0.00787785 | D5: -0.0069603133 | E5: -0.0057252687 | F5: -0.0050895559 | G5: -0.0014382382 | H5: -0.0066041825 | I5: -0.0066249715 | J5: -0.0064524394 | K5: -0.0069175987 | L5: -0.0074742702 | M5: -0.005629845 | N5: 0.0060219043 | O5: 0.021381866 | P5: 0.017692182 | Q5: 0.0037215552 | R5: -0.0045880196 | S5: -0.0016969817 | T5: 0.0052884379 | U5: 0.0036118147 | V5: -0.0012654128 | W5: 0.0008409851 | X5: -0.0035424787 | Y5: -0.011175241 | Z5: -0.0029420066 | AA5: -0.010722418 | AB5: -0.0082601923 | AC5: -0.0099220099 | AD5: -0.011892353 | AE5: -0.0091663711 | AF5: -0.0056806332 | AG5: -0.0062061665 | AH5: -0.005226206 | AI5: -0.0039311731 | AJ5: -0.0035964411 | AK5: -0.0064401715 | AL5: -0.0054132566 | AM5: -0.0068339068 | AN5: 0.00098962791 | AO5: -0.0060500302 | AP5: -0.0061577209 | AQ5: -0.0027677703 | AR5: -0.0035937501 | AS5: -0.0026367316 | AT5: 0.014240017 | AU5: -0.0097647589 | AV5: 0.0065189693 | AW5: -0.011062248 | AX5: -0.01112526 | AY5: -0.001030277 | AZ5: 0.010198279 | BA5: -0.00077751774 | BB5: -0.0075720837 | BC5: 0.0011958141 | BD5: 0.0050238678 | BE5: -0.0075332262 | BF5: 3.0361902e-05 | BG5: -0.0069360281 | BH5: -0.0045085121 | BI5: 0.00028536667 | BJ5: -0.00039799954 | BK5: -0.0078317616 | BL5: -0.010597699 | BM5: -0.0027624657 | BN5: -0.00073312561 | BO5: -0.0043664481 | BP5: -0.008591962 | BQ5: 0.0009928894 | BR5: 0.00058879185 | BS5: -0.0006941093 | BT5: 0.00024363701 | BU5: -0.0039074067 | BV5: -0.001693561 | BW5: -0.0038997743 | BX5: -0.0021898318 | BY5: -0.0026012687 | BZ5: -0.0028384246 | CA5: -0.017516408 | CB5: -0.019824142 | CC5: -0.011650472 | CD5: -0.0059604137 | CE5: 0.0056517012 | CF5: -0.0050237775 | CG5: -0.0010570162 | CH5: -0.0022754986 | CI5: -0.0060388646 | CJ5: 0.00554096 | CK5: -0.0068315296 | CL5: -0.0081237685 | CM5: 0.004453694 | CN5: -0.0014318369 | CO5: 0.0013730362 | CP5: -0.0032519652 | CQ5: -0.0043961918 | CR5: 0.0015817019 | CS5: -0.0056205457 | CT5: -0.00070233206 | CU5: -0.003266165 | CV5: -0.00094196462 | CW5: -0.0037076932 | CX5: -0.0024892963 | CY5: -0.0022807741 | CZ5: -7.6424738e-05 | DA5: -0.001427579 | DB5: -0.0033561245 | DC5: -0.0038332578 | DD5: -0.0045209182 | DE5: -0.0048048217 | DF5: -0.023330368 | DG5: 0.0019330453 | DH5: -0.004520589 | DI5: -0.013306873 | DJ5: 0.0024735611 | DK5: -0.0065070903 | DL5: -0.0042229779 | DM5: -0.0014186898 | DN5: -0.0030941919 | DO5: 0.0018731285 | DP5: -0.006149081 | DQ5: -0.0042960932 | DR5: -0.0070924433 | DS5: -0.0044584181 | DT5: -0.0011452055 | DU5: -0.0057458053 | DV5: -0.0031786892 | DW5: -0.0069737742 | DX5: -0.0066423621 | DY5: -0.0032285845 | DZ5: -0.0019684746 | EA5: -0.0025258062 | EB5: -0.0044833981 | EC5: -0.0046024872 | ED5: -0.0064428165 | EE5: -0.0059165452 | EF5: -0.0061991252
A6: 選絕對值最大 | C6: {=MATCH(MAX(ABS(C3:C5)),ABS(C3:C5),0)} -> 1 | D6: {=MATCH(MAX(ABS(D3:D5)),ABS(D3:D5),0)} -> 1 | E6: {=MATCH(MAX(ABS(E3:E5)),ABS(E3:E5),0)} -> 1 | F6: {=MATCH(MAX(ABS(F3:F5)),ABS(F3:F5),0)} -> 1 | G6: {=MATCH(MAX(ABS(G3:G5)),ABS(G3:G5),0)} -> 1 | H6: {=MATCH(MAX(ABS(H3:H5)),ABS(H3:H5),0)} -> 1 | I6: {=MATCH(MAX(ABS(I3:I5)),ABS(I3:I5),0)} -> 1 | J6: {=MATCH(MAX(ABS(J3:J5)),ABS(J3:J5),0)} -> 1 | ... EF6: {=MATCH(MAX(ABS(EF3:EF5)),ABS(EF3:EF5),0)} -> 1
C7: =IF(C6=1,"bm",IF(C6=2,"size",IF(C6=3,"mom"))) -> bm | D7: =IF(D6=1,"bm",IF(D6=2,"size",IF(D6=3,"mom"))) -> bm | E7: =IF(E6=1,"bm",IF(E6=2,"size",IF(E6=3,"mom"))) -> bm | F7: =IF(F6=1,"bm",IF(F6=2,"size",IF(F6=3,"mom"))) -> bm | G7: =IF(G6=1,"bm",IF(G6=2,"size",IF(G6=3,"mom"))) -> bm | H7: =IF(H6=1,"bm",IF(H6=2,"size",IF(H6=3,"mom"))) -> bm | I7: =IF(I6=1,"bm",IF(I6=2,"size",IF(I6=3,"mom"))) -> bm | J7: =IF(J6=1,"bm",IF(J6=2,"size",IF(J6=3,"mom"))) -> bm | ... EF7: =IF(EF6=1,"bm",IF(EF6=2,"size",IF(EF6=3,"mom"))) -> bm
C8: =IF(C6=1,C3,IF(C6=2,C4,IF(C6=3,C5))) -> 0.073912658 | D8: =IF(D6=1,D3,IF(D6=2,D4,IF(D6=3,D5))) -> 0.075614765 | E8: =IF(E6=1,E3,IF(E6=2,E4,IF(E6=3,E5))) -> 0.047493916 | F8: =IF(F6=1,F3,IF(F6=2,F4,IF(F6=3,F5))) -> 0.050458245 | G8: =IF(G6=1,G3,IF(G6=2,G4,IF(G6=3,G5))) -> 0.056787238 | H8: =IF(H6=1,H3,IF(H6=2,H4,IF(H6=3,H5))) -> 0.052736022 | I8: =IF(I6=1,I3,IF(I6=2,I4,IF(I6=3,I5))) -> 0.055432953 | J8: =IF(J6=1,J3,IF(J6=2,J4,IF(J6=3,J5))) -> 0.06568785 | ... EF8: =IF(EF6=1,EF3,IF(EF6=2,EF4,IF(EF6=3,EF5))) -> 0.050313424
A10: 投資組合 | C10: 公司數 | D10: 964
A11: 等分 | B11: 分數 | C11: 2014/01 | D11: 2014/02 | E11: 2014/03 | F11: 2014/04 | G11: 2014/05 | H11: 2014/06 | I11: 2014/07 | J11: 2014/08 | K11: 2014/09 | L11: 2014/10 | M11: 2014/11 | N11: 2014/12 | O11: 2015/01 | P11: 2015/02 | Q11: 2015/03 | R11: 2015/04 | S11: 2015/05 | T11: 2015/06 | U11: 2015/07 | V11: 2015/08 | W11: 2015/09 | X11: 2015/10 | Y11: 2015/11 | Z11: 2015/12 | AA11: 2016/01 | AB11: 2016/02 | AC11: 2016/03 | AD11: 2016/04 | AE11: 2016/05 | AF11: 2016/06 | AG11: 2016/07 | AH11: 2016/08 | AI11: 2016/09 | AJ11: 2016/10 | AK11: 2016/11 | AL11: 2016/12 | AM11: 2017/01 | AN11: 2017/02 | AO11: 2017/03 | AP11: 2017/04 | AQ11: 2017/05 | AR11: 2017/06 | AS11: 2017/07 | AT11: 2017/08 | AU11: 2017/09 | AV11: 2017/10 | AW11: 2017/11 | AX11: 2017/12 | AY11: 2018/01 | AZ11: 2018/02 | BA11: 2018/03 | BB11: 2018/04 | BC11: 2018/05 | BD11: 2018/06 | BE11: 2018/07 | BF11: 2018/08 | BG11: 2018/09 | BH11: 2018/10 | BI11: 2018/11 | BJ11: 2018/12 | BK11: 2019/01 | BL11: 2019/02 | BM11: 2019/03 | BN11: 2019/04 | BO11: 2019/05 | BP11: 2019/06 | BQ11: 2019/07 | BR11: 2019/08 | BS11: 2019/09 | BT11: 2019/10 | BU11: 2019/11 | BV11: 2019/12 | BW11: 2020/01 | BX11: 2020/02 | BY11: 2020/03 | BZ11: 2020/04 | CA11: 2020/05 | CB11: 2020/06 | CC11: 2020/07 | CD11: 2020/08 | CE11: 2020/09 | CF11: 2020/10 | CG11: 2020/11 | CH11: 2020/12 | CI11: 2021/01 | CJ11: 2021/02 | CK11: 2021/03 | CL11: 2021/04 | CM11: 2021/05 | CN11: 2021/06 | CO11: 2021/07 | CP11: 2021/08 | CQ11: 2021/09 | CR11: 2021/10 | CS11: 2021/11 | CT11: 2021/12 | CU11: 2022/01 | CV11: 2022/02 | CW11: 2022/03 | CX11: 2022/04 | CY11: 2022/05 | CZ11: 2022/06 | DA11: 2022/07 | DB11: 2022/08 | DC11: 2022/09 | DD11: 2022/10 | DE11: 2022/11 | DF11: 2022/12 | DG11: 2023/01 | DH11: 2023/02 | DI11: 2023/03 | DJ11: 2023/04 | DK11: 2023/05 | DL11: 2023/06 | DM11: 2023/07 | DN11: 2023/08 | DO11: 2023/09 | DP11: 2023/10 | DQ11: 2023/11 | DR11: 2023/12 | DS11: 2024/01 | DT11: 2024/02 | DU11: 2024/03 | DV11: 2024/04 | DW11: 2024/05 | DX11: 2024/06 | DY11: 2024/07 | DZ11: 2024/08 | EA11: 2024/09 | EB11: 2024/10 | EC11: 2024/11 | ED11: 2024/12 | EE11: 2025/01 | EF11: 2025/02 | EG11: 平均值 | EH11: 標準差 | EI11: 夏普比率
A12: 10 | B12: 96 | C12: 0.047013509 | D12: 0.020821795 | E12: -0.0067540284 | F12: -0.019868825 | G12: 0.0079043467 | H12: 0.0093593838 | I12: 0.036303937 | J12: 0.043784579 | K12: -0.010988404 | L12: -0.0022772308 | M12: -0.015551804 | N12: 0.052074108 | O12: 0.018629889 | P12: -0.021420421 | Q12: -0.033792784 | R12: 0.013397506 | S12: -0.071053897 | T12: -0.043243489 | U12: -0.020367221 | V12: 0.045029991 | W12: 0.022278442 | X12: 0.048519275 | Y12: -0.016788377 | Z12: 0.063623683 | AA12: -0.039403661 | AB12: 0.034689111 | AC12: 0.035114764 | AD12: 0.00584711 | AE12: -0.037897624 | AF12: 0.020432151 | AG12: 0.029982145 | AH12: 0.013405805 | AI12: 0.023246958 | AJ12: 0.021062375 | AK12: 0.048123704 | AL12: 0.017859003 | AM12: 0.030086116 | AN12: 0.069233234 | AO12: 0.002228793 | AP12: -0.033718345 | AQ12: -0.0076219364 | AR12: 0.013526259 | AS12: 0.019099718 | AT12: 0.013834905 | AU12: 0.020708659 | AV12: -0.041360085 | AW12: 0.00062147702 | AX12: 0.043598467 | AY12: 0.024955293 | AZ12: -0.0023000261 | BA12: 0.0049378882 | BB12: 0.015274605 | BC12: 0.012272789 | BD12: 0.013630557 | BE12: 0.01860881 | BF12: 0.067792352 | BG12: 0.033670862 | BH12: 0.01422336 | BI12: 0.050021253 | BJ12: -0.00079599332 | BK12: -0.021284665 | BL12: 0.024709246 | BM12: -0.005169092 | BN12: 0.011516536 | BO12: 0.02424631 | BP12: -0.010508985 | BQ12: 0.01389675 | BR12: -0.0022610085 | BS12: 0.018863293 | BT12: 0.022031469 | BU12: 0.0087815171 | BV12: 0.023062456 | BW12: -0.029483769 | BX12: 0.011477162 | BY12: -0.0333708 | BZ12: 0.045356946 | CA12: -0.034400287 | CB12: 0.0019432421 | CC12: -0.016770964 | CD12: 0.11093363 | CE12: 0.011619408 | CF12: 0.027767583 | CG12: 0.041857234 | CH12: 0.063297372 | CI12: -0.034655912 | CJ12: 0.01544518 | CK12: 0.012803144 | CL12: 0.11801561 | CM12: -0.015219726 | CN12: -0.027083701 | CO12: -0.027266127 | CP12: 0.045299021 | CQ12: 0.036572195 | CR12: 0.0021178784 | CS12: -0.015201648 | CT12: -0.00082403602 | CU12: 0.035623716 | CV12: 0.0081126264 | CW12: 0.0055479247 | CX12: 0.060989883 | CY12: -0.0059829422 | CZ12: 0.077792327 | DA12: 0.0056037841 | DB12: -0.022981876 | DC12: 0.033973203 | DD12: 0.024888978 | DE12: 0.0011981084 | DF12: -0.0068345257 | DG12: -0.00094770894 | DH12: -0.003822682 | DI12: -0.054443173 | DJ12: 0.0080625983 | DK12: -0.015945953 | DL12: -0.00035467602 | DM12: -0.0048403492 | DN12: 0.042410365 | DO12: 0.022599734 | DP12: 0.03258445 | DQ12: -0.022769865 | DR12: 0.018778943 | DS12: -0.035726155 | DT12: -0.045297883 | DU12: 0.013752648 | DV12: 0.048550824 | DW12: 0.043725564 | DX12: -0.050152081 | DY12: 0.01535727 | DZ12: -0.0041357255 | EA12: 0.064003941 | EB12: 0.0028283268 | EC12: 0.02665151 | ED12: -0.060508153 | EE12: 0.011917096 | EF12: 0.039233348 | EG12: =AVERAGE(C12:EF12) -> 0.010814781 | EH12: =STDEV(C12:EF12) -> 0.03193958 | EI12: =EG12/EH12 -> 0.33860124
A13: 20 | B13: 48 | C13: 0.042506118 | D13: 0.029877611 | E13: -0.034496619 | F13: -0.034922156 | G13: -0.01490798 | H13: 0.015930385 | I13: 0.032682863 | J13: 0.034549892 | K13: -0.04533099 | L13: -0.029135669 | M13: 0.0077086563 | N13: 0.043151952 | O13: 0.036273276 | P13: -0.020856913 | Q13: -0.044218264 | R13: 0.0064899102 | S13: -0.1229153 | T13: -0.052899803 | U13: -0.054161075 | V13: 0.052779739 | W13: 0.031103088 | X13: 0.069750969 | Y13: -0.026471883 | Z13: 0.078424435 | AA13: -0.03211951 | AB13: 0.04667822 | AC13: 0.021871556 | AD13: 0.0065790452 | AE13: -0.042517211 | AF13: 0.031940464 | AG13: 0.031681783 | AH13: 0.0096413392 | AI13: 0.019910042 | AJ13: 0.019885917 | AK13: 0.065987913 | AL13: 0.023151429 | AM13: 0.046282444 | AN13: 0.10533024 | AO13: 0.0093111879 | AP13: -0.05955084 | AQ13: -0.0060492888 | AR13: 0.010689186 | AS13: 0.041313118 | AT13: 0.040463088 | AU13: 0.040976126 | AV13: -0.0094754726 | AW13: 0.0040800136 | AX13: 0.067153788 | AY13: 0.017564346 | AZ13: -0.0081034675 | BA13: 0.0065409376 | BB13: 0.042875374 | BC13: 0.011283767 | BD13: 0.0033444284 | BE13: 0.027391806 | BF13: 0.083929415 | BG13: 0.046566462 | BH13: 0.0084757298 | BI13: 0.052409132 | BJ13: -0.016847086 | BK13: -0.018391025 | BL13: 0.03194786 | BM13: 0.016918616 | BN13: 0.011052542 | BO13: 0.030878716 | BP13: 0.0094326957 | BQ13: 0.041653064 | BR13: -0.0066814175 | BS13: 0.0074194718 | BT13: 0.038343506 | BU13: 0.017706555 | BV13: 0.020653597 | BW13: 0.0017632378 | BX13: 0.021078068 | BY13: -0.014512398 | BZ13: 0.076138123 | CA13: -0.033531566 | CB13: -0.0065958267 | CC13: -0.012530912 | CD13: 0.10508583 | CE13: 0.0092209843 | CF13: 0.044514267 | CG13: 0.040449063 | CH13: 0.058334612 | CI13: -0.051853509 | CJ13: -0.003106088 | CK13: 0.032045269 | CL13: 0.081453366 | CM13: -0.010296804 | CN13: -0.026887566 | CO13: -0.013457459 | CP13: 0.06972654 | CQ13: 0.03818495 | CR13: 0.008279781 | CS13: 0.010833051 | CT13: 0.0080707993 | CU13: 0.037161402 | CV13: -0.0029533122 | CW13: 0.0059770309 | CX13: 0.060033255 | CY13: -0.01311874 | CZ13: 0.05722422 | DA13: -0.0055836769 | DB13: -0.04176157 | DC13: 0.029775566 | DD13: 0.010697601 | DE13: 0.0059289571 | DF13: -0.028518797 | DG13: -0.0016306572 | DH13: 0.011295768 | DI13: -0.045977025 | DJ13: -0.0033317562 | DK13: 0.012409074 | DL13: -0.016300246 | DM13: -0.006658869 | DN13: 0.011499578 | DO13: 0.046891412 | DP13: 0.048786636 | DQ13: -0.026430081 | DR13: 0.013771209 | DS13: -0.038887628 | DT13: -0.035426301 | DU13: 0.018705164 | DV13: 0.079620144 | DW13: 0.04441779 | DX13: -0.06452338 | DY13: 0.035386045 | DZ13: -0.014608814 | EA13: 0.073242869 | EB13: 0.021373218 | EC13: 0.041659753 | ED13: -0.065682094 | EE13: 0.0079525936 | EF13: 0.066577215 | EG13: =AVERAGE(C13:EF13) -> 0.012924561 | EH13: =STDEV(C13:EF13) -> 0.037833454 | EI13: =EG13/EH13 -> 0.34161727
A14: 50 | B14: 19 | C14: -0.037017512 | D14: 0.083347312 | E14: -0.047525943 | F14: -0.048454143 | G14: -0.041019916 | H14: 0.0076743243 | I14: 0.04378736 | J14: 0.023309972 | K14: -0.1341787 | L14: 0.0048471972 | M14: 0.0049945201 | N14: 0.082758985 | O14: 0.037475787 | P14: -0.058345922 | Q14: -0.12410387 | R14: -0.015941187 | S14: -0.16589323 | T14: -0.06984148 | U14: -0.10426666 | V14: 0.020089127 | W14: 0.074008159 | X14: 0.11326311 | Y14: -0.0052198746 | Z14: 0.038511926 | AA14: -0.03945018 | AB14: 0.070769377 | AC14: -0.013517269 | AD14: -0.012920107 | AE14: -0.10641207 | AF14: 0.040420703 | AG14: 0.020520895 | AH14: 0.0052502779 | AI14: 0.010965316 | AJ14: 0.096294684 | AK14: 0.076911431 | AL14: 0.03796919 | AM14: 0.061242166 | AN14: 0.098594667 | AO14: 0.060905705 | AP14: -0.069976525 | AQ14: -0.00036796774 | AR14: 0.03764584 | AS14: 0.085376986 | AT14: 0.03450658 | AU14: 0.039991649 | AV14: -0.018682885 | AW14: -0.018362932 | AX14: 0.13695103 | AY14: 0.015068119 | AZ14: -0.053348569 | BA14: 0.017621646 | BB14: 0.061734282 | BC14: -0.009820999 | BD14: 0.043327782 | BE14: 0.043787063 | BF14: 0.040770522 | BG14: 0.041374264 | BH14: 0.0053427556 | BI14: 0.050185213 | BJ14: -0.020017224 | BK14: -0.0055937517 | BL14: 0.059737767 | BM14: 0.039257215 | BN14: 0.020936538 | BO14: 0.033609046 | BP14: 0.015673733 | BQ14: 0.015843524 | BR14: -0.02792943 | BS14: -0.041493955 | BT14: 0.074012962 | BU14: -0.0088548354 | BV14: 0.025727182 | BW14: 0.012507948 | BX14: 0.05497076 | BY14: -0.0065962934 | BZ14: 0.060034057 | CA14: -0.024465266 | CB14: 0.022127617 | CC14: -0.012794081 | CD14: 0.09801671 | CE14: -0.072156719 | CF14: 0.092330683 | CG14: 0.053067028 | CH14: 0.064661392 | CI14: -0.10588478 | CJ14: -0.028667855 | CK14: 0.014016364 | CL14: 0.062269955 | CM14: 0.03204001 | CN14: -0.023026689 | CO14: -0.07358772 | CP14: 0.099809331 | CQ14: 0.053211628 | CR14: 0.055909138 | CS14: 0.05902712 | CT14: 0.019100577 | CU14: -0.043917103 | CV14: 0.022745715 | CW14: -0.0033983825 | CX14: 0.036299409 | CY14: -0.02875912 | CZ14: 0.064063563 | DA14: -0.024304289 | DB14: -0.023561073 | DC14: 0.023632609 | DD14: -0.01675855 | DE14: 0.0053842996 | DF14: -0.035856631 | DG14: 0.011446556 | DH14: 0.0047748372 | DI14: -0.05859782 | DJ14: 0.0010237243 | DK14: 0.019071063 | DL14: -0.015165162 | DM14: 0.0055042691 | DN14: 0.042662496 | DO14: 0.041375645 | DP14: 0.043539716 | DQ14: -0.08936786 | DR14: 0.052622519 | DS14: -0.035044906 | DT14: -0.044516954 | DU14: -0.044914949 | DV14: 0.10826235 | DW14: 0.098344367 | DX14: -0.10193151 | DY14: 0.03799708 | DZ14: -0.021881573 | EA14: 0.078105266 | EB14: 0.033177333 | EC14: 0.0060793821 | ED14: -0.10262971 | EE14: 0.018867157 | EF14: 0.06995642 | EG14: =AVERAGE(C14:EF14) -> 0.010403641 | EH14: =STDEV(C14:EF14) -> 0.055556948 | EI14: =EG14/EH14 -> 0.18726084
A15: 100 | B15: 10 | C15: -0.096503142 | D15: 0.016952865 | E15: -0.010198426 | F15: -0.10856229 | G15: -0.060636929 | H15: 0.050157825 | I15: 0.058431444 | J15: 0.049961465 | K15: -0.28659463 | L15: 0.032558505 | M15: 0.025497709 | N15: 0.12086815 | O15: 0.073757344 | P15: -0.064116183 | Q15: -0.15553684 | R15: -0.05212969 | S15: -0.2700079 | T15: -0.066800125 | U15: -0.13696806 | V15: -0.017131853 | W15: 0.10254359 | X15: 0.12684333 | Y15: 0.020629974 | Z15: 0.046719972 | AA15: -0.054081147 | AB15: 0.083700173 | AC15: 0.016480966 | AD15: 0.018936283 | AE15: -0.097797684 | AF15: 0.065819612 | AG15: 0.010123478 | AH15: -0.033604373 | AI15: 0.0742774 | AJ15: 0.0041834 | AK15: 0.06175962 | AL15: 0.044431662 | AM15: 0.055122622 | AN15: 0.10168871 | AO15: 0.063369812 | AP15: -0.078285694 | AQ15: -0.037367127 | AR15: 0.090293855 | AS15: 0.053821179 | AT15: 0.065254991 | AU15: 0.039943261 | AV15: -0.047226818 | AW15: 0.015659939 | AX15: 0.12523398 | AY15: 0.028017064 | AZ15: -0.09132328 | BA15: 0.010613515 | BB15: 0.11272487 | BC15: 0.062155144 | BD15: 0.053043274 | BE15: 0.048442721 | BF15: 0.047662979 | BG15: 0.0024895387 | BH15: 0.034441845 | BI15: 0.068586659 | BJ15: -0.011265027 | BK15: 0.00082375227 | BL15: 0.059403871 | BM15: 0.066824821 | BN15: 0.04014257 | BO15: 0.027734476 | BP15: 0.014184221 | BQ15: 0.012802931 | BR15: -0.050157429 | BS15: -0.016823777 | BT15: 0.089060206 | BU15: 0.01947642 | BV15: 0.058914968 | BW15: -0.03594589 | BX15: 0.028635895 | BY15: -0.061694091 | BZ15: 0.10290647 | CA15: -0.018592021 | CB15: 0.015056894 | CC15: -0.15231827 | CD15: 0.12015208 | CE15: -0.11651657 | CF15: 0.09435665 | CG15: -0.0042988793 | CH15: 0.062885958 | CI15: -0.038798415 | CJ15: -0.087044356 | CK15: 0.056672646 | CL15: 0.031421975 | CM15: 0.074631116 | CN15: -0.042634116 | CO15: -0.12944902 | CP15: 0.12753584 | CQ15: 0.037378011 | CR15: 0.04823707 | CS15: 0.060185172 | CT15: 0.007394575 | CU15: -0.06317866 | CV15: -0.0061418469 | CW15: -0.01248466 | CX15: 0.024039607 | CY15: -0.042470673 | CZ15: 0.079886948 | DA15: -0.026375835 | DB15: -0.030226618 | DC15: 0.03507515 | DD15: -0.04939369 | DE15: 0.024948715 | DF15: -0.042391306 | DG15: 0.016196732 | DH15: -0.018709011 | DI15: -0.011718449 | DJ15: -0.051853853 | DK15: 0.10177483 | DL15: 0.062635494 | DM15: -0.023808547 | DN15: 0.043996497 | DO15: 0.046296727 | DP15: 0.023735602 | DQ15: -0.095040907 | DR15: 0.070010567 | DS15: -0.076241908 | DT15: -0.072163632 | DU15: -0.045770729 | DV15: 0.13976836 | DW15: 0.025538627 | DX15: -0.11861625 | DY15: 0.10653917 | DZ15: -0.018920244 | EA15: 0.027338726 | EB15: 0.048518573 | EC15: 0.066081856 | ED15: -0.11335706 | EE15: -0.016245415 | EF15: 0.065700991 | EG15: =AVERAGE(C15:EF15) -> 0.00733271 | EH15: =STDEV(C15:EF15) -> 0.074200967 | EI15: =EG15/EH15 -> 0.098822297
A16: 107 | B16: 9 | C16: -0.027383645 | D16: -0.00072024867 | E16: -0.0028301766 | F16: -0.099382493 | G16: -0.073696265 | H16: 0.060999005 | I16: 0.057530619 | J16: 0.046709926 | K16: -0.28467055 | L16: 0.0098865346 | M16: 0.040334455 | N16: 0.12567063 | O16: 0.079826861 | P16: -0.061045232 | Q16: -0.15790307 | R16: -0.048990978 | S16: -0.28706302 | T16: -0.06721906 | U16: -0.13006247 | V16: -0.0060221453 | W16: 0.10166568 | X16: 0.12440978 | Y16: 0.020180588 | Z16: 0.043057931 | AA16: -0.043487636 | AB16: 0.074985042 | AC16: 0.047226236 | AD16: 0.0011220258 | AE16: -0.09650236 | AF16: 0.063685843 | AG16: 0.013290753 | AH16: -0.0317654 | AI16: 0.090523111 | AJ16: -0.01763 | AK16: 0.064421401 | AL16: 0.048688933 | AM16: 0.066076731 | AN16: 0.1064562 | AO16: 0.061424672 | AP16: -0.077798368 | AQ16: -0.0384662 | AR16: 0.10329118 | AS16: 0.065068225 | AT16: 0.049547155 | AU16: 0.041826838 | AV16: -0.0090725068 | AW16: 0.03925293 | AX16: 0.10082977 | AY16: 0.03381259 | AZ16: -0.10490964 | BA16: 0.014923105 | BB16: 0.10803892 | BC16: 0.067121466 | BD16: 0.035936712 | BE16: 0.051410994 | BF16: 0.064268054 | BG16: 0.013473282 | BH16: -0.013775614 | BI16: 0.041443808 | BJ16: -0.020503816 | BK16: 0.0029719903 | BL16: 0.070623566 | BM16: 0.081523875 | BN16: 0.047905833 | BO16: 0.02189036 | BP16: 0.020843184 | BQ16: 0.016478016 | BR16: -0.026296848 | BS16: -0.013191573 | BT16: 0.085483191 | BU16: 0.05776511 | BV16: 0.060711239 | BW16: -0.065740927 | BX16: 0.031559238 | BY16: -0.050563733 | BZ16: 0.11152585 | CA16: -0.02971439 | CB16: -0.001428045 | CC16: -0.15907251 | CD16: 0.15507127 | CE16: -0.13259506 | CF16: 0.10520126 | CG16: -0.005378519 | CH16: 0.041697415 | CI16: -0.038709882 | CJ16: -0.045523551 | CK16: 0.076472984 | CL16: 0.015878682 | CM16: 0.088988628 | CN16: -0.033057515 | CO16: -0.18245195 | CP16: 0.13663169 | CQ16: 0.041435606 | CR16: 0.048299767 | CS16: 0.06655916 | CT16: 0.0050674065 | CU16: -0.063434654 | CV16: -0.016751084 | CW16: -0.0091941595 | CX16: 0.012240285 | CY16: -0.049117049 | CZ16: 0.10263326 | DA16: -0.029804794 | DB16: -0.04271217 | DC16: 0.042942362 | DD16: -0.070070935 | DE16: 0.034444372 | DF16: -0.023146433 | DG16: 0.014452948 | DH16: -0.019129343 | DI16: -0.013233426 | DJ16: -0.029141406 | DK16: 0.13359436 | DL16: 0.065113036 | DM16: -0.03033095 | DN16: 0.042437853 | DO16: 0.053221908 | DP16: 0.019841949 | DQ16: -0.083033658 | DR16: 0.055191252 | DS16: -0.093752065 | DT16: -0.10053413 | DU16: -0.064473734 | DV16: 0.13695373 | DW16: 0.04091773 | DX16: -0.12528471 | DY16: 0.11635433 | DZ16: -0.03127708 | EA16: 0.046661372 | EB16: 0.078610639 | EC16: 0.063532067 | ED16: -0.11541675 | EE16: -0.023090712 | EF16: 0.042474401 | EG16: =AVERAGE(C16:EF16) -> 0.0086049741 | EH16: =STDEV(C16:EF16) -> 0.077560137 | EI16: =EG16/EH16 -> 0.11094583
A17: 120 | B17: 8 | C17: -0.041028984 | D17: -0.017334375 | E17: 0.0073790015 | F17: -0.11283752 | G17: -0.071222767 | H17: 0.076687822 | I17: 0.11372503 | J17: 0.041858395 | K17: -0.29682655 | L17: 0.0097108895 | M17: 0.064932035 | N17: 0.13594843 | O17: 0.10122677 | P17: -0.066339369 | Q17: -0.16180129 | R17: -0.052057609 | S17: -0.31065343 | T17: -0.071202015 | U17: -0.14127114 | V17: 0.0040111898 | W17: 0.11960398 | X17: 0.1168462 | Y17: 0.022928011 | Z17: 0.053868489 | AA17: -0.03520979 | AB17: 0.084852063 | AC17: 0.05872869 | AD17: 0.021912844 | AE17: -0.12715842 | AF17: 0.06142931 | AG17: 0.022740981 | AH17: -0.035472619 | AI17: 0.11486512 | AJ17: -0.02220825 | AK17: 0.073716275 | AL17: 0.050724406 | AM17: 0.075369368 | AN17: 0.11328712 | AO17: 0.012632335 | AP17: -0.077242814 | AQ17: -0.060527137 | AR17: 0.11393071 | AS17: 0.056323562 | AT17: 0.052267806 | AU17: 0.054555507 | AV17: -0.021205903 | AW17: 0.008421888 | AX17: 0.096240559 | AY17: 0.027423697 | AZ17: -0.1251576 | BA17: 0.0098251791 | BB17: 0.12376406 | BC17: 0.083863195 | BD17: 0.022356482 | BE17: 0.077350242 | BF17: 0.055197497 | BG17: -0.035394236 | BH17: 0.013519461 | BI17: 0.087111945 | BJ17: -0.0098580643 | BK17: -0.013822952 | BL17: 0.077482967 | BM17: 0.07599777 | BN17: 0.046915526 | BO17: 0.035179615 | BP17: 0.03599598 | BQ17: 0.01137651 | BR17: -0.0096463751 | BS17: -0.0041034691 | BT17: 0.10941638 | BU17: 0.071127819 | BV17: 0.070210303 | BW17: -0.080431713 | BX17: 0.028822965 | BY17: -0.084245468 | BZ17: 0.12057816 | CA17: -0.027934832 | CB17: -0.010477707 | CC17: -0.17495797 | CD17: 0.17295974 | CE17: -0.17511625 | CF17: 0.098746197 | CG17: -0.015527105 | CH17: 0.058636447 | CI17: -0.014531185 | CJ17: -0.050742321 | CK17: 0.091738573 | CL17: -0.0094263448 | CM17: 0.13456934 | CN17: -0.026718061 | CO17: -0.20253863 | CP17: 0.14815927 | CQ17: 0.041087933 | CR17: 0.050676491 | CS17: 0.096841631 | CT17: 0.049260056 | CU17: -0.074408308 | CV17: 0.0038796079 | CW17: -0.019761854 | CX17: 0.010772395 | CY17: -0.049383299 | CZ17: 0.12424884 | DA17: -0.043895859 | DB17: -0.034883011 | DC17: 0.043363469 | DD17: -0.085133933 | DE17: 0.043723416 | DF17: -0.01123137 | DG17: -0.0018392819 | DH17: -0.038726651 | DI17: -0.0052932443 | DJ17: -0.045336158 | DK17: 0.15603643 | DL17: 0.073515601 | DM17: -0.052252911 | DN17: 0.035489033 | DO17: 0.05345137 | DP17: -0.016518508 | DQ17: -0.10770247 | DR17: 0.055884815 | DS17: -0.12431616 | DT17: -0.09313895 | DU17: -0.071730706 | DV17: 0.1177654 | DW17: 0.048681483 | DX17: -0.12953898 | DY17: 0.11213845 | DZ17: -0.031828173 | EA17: 0.011817924 | EB17: 0.087100349 | EC17: 0.016425217 | ED17: -0.12832444 | EE17: -0.02541336 | EF17: 0.047709767 | EG17: =AVERAGE(C17:EF17) -> 0.008403223 | EH17: =STDEV(C17:EF17) -> 0.086309201 | EI17: =EG17/EH17 -> 0.097361845
A18: 137 | B18: 7 | C18: -0.053942228 | D18: -0.0081874671 | E18: -0.059000657 | F18: -0.13441437 | G18: -0.080794247 | H18: 0.12191279 | I18: 0.13550018 | J18: 0.043411516 | K18: -0.3586821 | L18: 0.012982487 | M18: 0.079702577 | N18: 0.14299243 | O18: 0.10367049 | P18: -0.082552612 | Q18: -0.18897542 | R18: -0.061492238 | S18: -0.38373263 | T18: -0.05424444 | U18: -0.13249502 | V18: 0.012895135 | W18: 0.13791724 | X18: 0.14345152 | Y18: 0.019232334 | Z18: 0.089234363 | AA18: -0.041705245 | AB18: 0.0846983 | AC18: 0.057823013 | AD18: 0.02659559 | AE18: -0.14352924 | AF18: 0.031873418 | AG18: 0.032493116 | AH18: -0.040197461 | AI18: 0.11808643 | AJ18: -0.0073281429 | AK18: 0.030152481 | AL18: 0.047527764 | AM18: 0.066643405 | AN18: 0.07929464 | AO18: 0.005427535 | AP18: -0.078278592 | AQ18: -0.076230845 | AR18: 0.12454551 | AS18: 0.085826552 | AT18: 0.04332565 | AU18: 0.064575644 | AV18: -0.028768756 | AW18: 0.024538034 | AX18: 0.10756087 | AY18: 0.034783279 | AZ18: -0.14840908 | BA18: 0.00063231092 | BB18: 0.13765604 | BC18: 0.083201573 | BD18: -0.024016272 | BE18: 0.068361213 | BF18: 0.045884536 | BG18: -0.016806241 | BH18: 0.020503853 | BI18: 0.10900001 | BJ18: 0.0059560641 | BK18: -0.058003244 | BL18: 0.081157674 | BM18: 0.10277394 | BN18: 0.05277439 | BO18: 0.020227496 | BP18: 0.04685754 | BQ18: 0.0019167841 | BR18: -0.0057481936 | BS18: -0.0039836251 | BT18: 0.11523675 | BU18: 0.080677444 | BV18: 0.080923395 | BW18: -0.085311087 | BX18: 0.019018475 | BY18: -0.12307498 | BZ18: 0.15331999 | CA18: -0.016076544 | CB18: -0.024577357 | CC18: -0.028173444 | CD18: 0.19371682 | CE18: -0.17792636 | CF18: 0.071817592 | CG18: -0.0028013589 | CH18: 0.16265705 | CI18: -0.03886914 | CJ18: -0.062313678 | CK18: 0.090667784 | CL18: -0.030989545 | CM18: 0.14364854 | CN18: -0.035086254 | CO18: -0.23157388 | CP18: 0.16283911 | CQ18: 0.047976536 | CR18: 0.055156129 | CS18: 0.078027247 | CT18: 0.090515429 | CU18: -0.071648691 | CV18: 0.091040282 | CW18: -0.0084560856 | CX18: 0.061560186 | CY18: -0.051357414 | CZ18: 0.13284286 | DA18: -0.04738094 | DB18: -0.045735209 | DC18: 0.036408781 | DD18: -0.082462353 | DE18: 0.049173445 | DF18: -0.035042779 | DG18: -0.0076194732 | DH18: -0.028038013 | DI18: -0.016114629 | DJ18: -0.04520404 | DK18: 0.15851363 | DL18: 0.081397743 | DM18: -0.066508141 | DN18: -0.016722064 | DO18: 0.042104908 | DP18: -0.020604686 | DQ18: -0.10072728 | DR18: 0.076840655 | DS18: -0.147722 | DT18: -0.11601739 | DU18: -0.096895186 | DV18: 0.10564061 | DW18: 0.081908692 | DX18: -0.15360298 | DY18: 0.097428037 | DZ18: -0.075516359 | EA18: -0.0063615627 | EB18: 0.099846378 | EC18: 0.0027641154 | ED18: -0.11047802 | EE18: -0.013853754 | EF18: 0.048955017 | EG18: =AVERAGE(C18:EF18) -> 0.0082525394 | EH18: =STDEV(C18:EF18) -> 0.096891688 | EI18: =EG18/EH18 -> 0.085172832
A19: 160 | B19: 6 | C19: -0.077959416 | D19: -0.020170799 | E19: -0.054898094 | F19: -0.038646682 | G19: -0.097512091 | H19: 0.14889412 | I19: 0.13465433 | J19: 0.035429585 | K19: -0.41833785 | L19: 0.043048958 | M19: 0.086210339 | N19: 0.095347886 | O19: 0.092221383 | P19: -0.092534186 | Q19: -0.19716309 | R19: -0.090299091 | S19: -0.18416012 | T19: -0.027154278 | U19: -0.13569834 | V19: 0.036618688 | W19: 0.14662099 | X19: 0.11663905 | Y19: 0.025628638 | Z19: 0.091619111 | AA19: -0.041570185 | AB19: 0.10225361 | AC19: 0.028452835 | AD19: 0.035088929 | AE19: -0.16941606 | AF19: 0.038785667 | AG19: 0.022136219 | AH19: -0.056557715 | AI19: 0.091549333 | AJ19: 0.012166333 | AK19: 0.0075520425 | AL19: 0.070270946 | AM19: 0.043106012 | AN19: 0.083568294 | AO19: 0.025892903 | AP19: -0.08757412 | AQ19: -0.088252757 | AR19: 0.15351756 | AS19: 0.097796955 | AT19: 0.049294982 | AU19: 0.076428716 | AV19: -0.050033021 | AW19: 0.022356168 | AX19: 0.080206414 | AY19: 0.02952897 | AZ19: -0.18687962 | BA19: -0.034363884 | BB19: 0.1597462 | BC19: 0.064055486 | BD19: -0.0032343926 | BE19: 0.051131874 | BF19: 0.013570974 | BG19: -0.016343658 | BH19: 0.0020182017 | BI19: 0.12779863 | BJ19: 0.021707302 | BK19: -0.051749526 | BL19: 0.079964658 | BM19: 0.1142506 | BN19: 0.067252647 | BO19: 0.025728961 | BP19: 0.062818808 | BQ19: 0.0099340445 | BR19: 0.006675246 | BS19: -0.024256339 | BT19: 0.14163268 | BU19: 0.075936251 | BV19: 0.093655241 | BW19: -0.10896696 | BX19: 0.034087785 | BY19: -0.10764974 | BZ19: 0.068702125 | CA19: -0.029328755 | CB19: -0.048041169 | CC19: -0.024723253 | CD19: 0.2156192 | CE19: -0.19826583 | CF19: 0.079904397 | CG19: -0.05063353 | CH19: 0.15288987 | CI19: -0.037066946 | CJ19: -0.0619405 | CK19: 0.10396772 | CL19: -0.04324028 | CM19: 0.17534764 | CN19: -0.076932655 | CO19: -0.2724544 | CP19: 0.1590326 | CQ19: -0.0027299082 | CR19: 0.04969419 | CS19: 0.060700851 | CT19: 0.12262043 | CU19: -0.083436397 | CV19: 0.10197986 | CW19: -0.021901808 | CX19: 0.057634726 | CY19: -0.07092187 | CZ19: 0.11285183 | DA19: -0.058223877 | DB19: -0.035720899 | DC19: -0.0351794 | DD19: -0.10625734 | DE19: 0.054024955 | DF19: -0.069693047 | DG19: -0.012746475 | DH19: -0.00015698313 | DI19: 0.0036664244 | DJ19: -0.048514351 | DK19: 0.12414459 | DL19: 0.070167408 | DM19: -0.081952255 | DN19: 0.0024751231 | DO19: 0.055126563 | DP19: 0.027838014 | DQ19: -0.12048938 | DR19: 0.075962353 | DS19: -0.17799555 | DT19: -0.1331285 | DU19: -0.1428307 | DV19: 0.11152471 | DW19: 0.060609139 | DX19: -0.13836513 | DY19: 0.070109578 | DZ19: -0.11192083 | EA19: -0.028079353 | EB19: 0.02177277 | EC19: -0.012190043 | ED19: -0.15093532 | EE19: 0.012634043 | EF19: 0.016977955 | EG19: =AVERAGE(C19:EF19) -> 0.003697402 | EH19: =STDEV(C19:EF19) -> 0.098791217 | EI19: =EG19/EH19 -> 0.037426424
A20: 192 | B20: 5 | C20: -0.1393246 | D20: 0.00035171826 | E20: 0.015499988 | F20: -0.091218422 | G20: -0.10036591 | H20: 0.164372 | I20: 0.15814956 | J20: 0.034471259 | K20: -0.090108654 | L20: 0.095708636 | M20: 0.10013341 | N20: 0.10192493 | O20: 0.099101484 | P20: -0.091169928 | Q20: -0.21672574 | R20: -0.10925306 | S20: -0.15518262 | T20: 0.015662911 | U20: -0.14864968 | V20: 0.012644103 | W20: 0.17308538 | X20: 0.1486972 | Y20: 0.04206749 | Z20: 0.10561696 | AA20: -0.021594553 | AB20: 0.084759841 | AC20: 0.056443346 | AD20: 0.034453903 | AE20: -0.19929286 | AF20: 0.039044678 | AG20: 0.027659219 | AH20: -0.090178201 | AI20: 0.1163372 | AJ20: 0.0172406 | AK20: -0.013595115 | AL20: 0.072893452 | AM20: 0.033095981 | AN20: 0.075470194 | AO20: 0.045285082 | AP20: -0.13173046 | AQ20: 0.027452485 | AR20: 0.170049 | AS20: 0.11209581 | AT20: 0.0058587738 | AU20: 0.075692387 | AV20: -0.054625714 | AW20: 0.0068652682 | AX20: 0.11073255 | AY20: 0.038674698 | AZ20: -0.21380243 | BA20: -0.036798865 | BB20: 0.16765542 | BC20: 0.070605568 | BD20: -0.053429813 | BE20: -0.0059467971 | BF20: 0.0056885823 | BG20: -0.0069261427 | BH20: -0.071606447 | BI20: 0.13174527 | BJ20: 0.021629512 | BK20: -0.059233168 | BL20: 0.086292231 | BM20: 0.13691766 | BN20: 0.11855724 | BO20: -0.038461718 | BP20: 0.060407521 | BQ20: 0.015451707 | BR20: 0.012073632 | BS20: 0.0054075062 | BT20: 0.14780303 | BU20: 0.098754949 | BV20: 0.11591833 | BW20: -0.13550325 | BX20: 0.030693637 | BY20: -0.10523397 | BZ20: 0.090271404 | CA20: -0.040102728 | CB20: -0.03825195 | CC20: -0.026043034 | CD20: 0.1810275 | CE20: -0.2439638 | CF20: 0.080957937 | CG20: -0.099052889 | CH20: 0.071864026 | CI20: -0.030394674 | CJ20: -0.12344032 | CK20: 0.090978397 | CL20: -0.092184934 | CM20: 0.18905117 | CN20: 0.022159411 | CO20: -0.41597134 | CP20: 0.19203121 | CQ20: 0.0061113579 | CR20: 0.073116245 | CS20: 0.088364277 | CT20: 0.090474037 | CU20: -0.094867658 | CV20: 0.092511076 | CW20: 0.0099530629 | CX20: 0.090298551 | CY20: -0.012479733 | CZ20: 0.15516165 | DA20: -0.047471893 | DB20: -0.05690271 | DC20: -0.049613069 | DD20: -0.14810881 | DE20: -0.026749864 | DF20: 0.00085912153 | DG20: -0.0042022106 | DH20: -0.010975412 | DI20: -0.022876732 | DJ20: -0.039459946 | DK20: 0.084953981 | DL20: 0.075826636 | DM20: 0.0092836503 | DN20: 0.058019207 | DO20: 0.065815802 | DP20: 0.0098305314 | DQ20: -0.18720732 | DR20: 0.07851266 | DS20: -0.2060811 | DT20: -0.13343598 | DU20: -0.17206911 | DV20: 0.12934547 | DW20: 0.069060204 | DX20: -0.15386633 | DY20: 0.053618609 | DZ20: -0.084474578 | EA20: 0.014917025 | EB20: 0.039067633 | EC20: 0.034049581 | ED20: -0.17691886 | EE20: 0.0023672309 | EF20: 0.020281417 | EG20: =AVERAGE(C20:EF20) -> 0.0059418527 | EH20: =STDEV(C20:EF20) -> 0.10502067 | EI20: =EG20/EH20 -> 0.056577936
A21: 241 | B21: 4 | C21: -0.19764916 | D21: -0.0003677094 | E21: -0.00027935227 | F21: -0.051097484 | G21: -0.007296138 | H21: 0.19866806 | I21: 0.14725561 | J21: 0.060435326 | K21: -0.088973017 | L21: 0.10967961 | M21: 0.07566065 | N21: 0.099587412 | O21: 0.12978246 | P21: -0.1447726 | Q21: -0.25731007 | R21: -0.095575311 | S21: -0.12859029 | T21: -0.014040364 | U21: -0.086278418 | V21: 0.053557619 | W21: 0.15778848 | X21: 0.19733718 | Y21: 0.020833083 | Z21: 0.11420399 | AA21: 0.019491044 | AB21: 0.12983958 | AC21: 0.07430113 | AD21: 0.046697425 | AE21: -0.24045611 | AF21: 0.05312561 | AG21: 0.044302778 | AH21: -0.10758136 | AI21: 0.10212425 | AJ21: 0.0051835 | AK21: -0.035803168 | AL21: 0.065379823 | AM21: 0.068535807 | AN21: 0.11195606 | AO21: 0.047726396 | AP21: -0.072535144 | AQ21: 0.076865507 | AR21: 0.20518228 | AS21: 0.064455869 | AT21: -0.0024929113 | AU21: 0.047809632 | AV21: -0.05552078 | AW21: 0.00979103 | AX21: 0.14314769 | AY21: 0.047021291 | AZ21: -0.25491127 | BA21: -0.071032182 | BB21: 0.22534614 | BC21: 0.038321148 | BD21: -0.021750863 | BE21: 0.0063505334 | BF21: 0.0035771002 | BG21: 0.036635189 | BH21: -0.076321363 | BI21: 0.1659696 | BJ21: 0.023579026 | BK21: -0.06844988 | BL21: 0.14272109 | BM21: 0.15512 | BN21: 0.063647948 | BO21: -0.063857236 | BP21: 0.10450913 | BQ21: 0.054542231 | BR21: 0.012323862 | BS21: 0.0058601728 | BT21: 0.13224469 | BU21: 0.13549646 | BV21: 0.142143 | BW21: -0.1466792 | BX21: -0.0029908193 | BY21: -0.050379851 | BZ21: 0.047662929 | CA21: -0.060517603 | CB21: -0.063421391 | CC21: -0.046693549 | CD21: 0.28805606 | CE21: -0.39507594 | CF21: 0.13126568 | CG21: -0.14375119 | CH21: 0.080100321 | CI21: -0.080499616 | CJ21: -0.085627757 | CK21: 0.12705055 | CL21: -0.13389042 | CM21: 0.22550299 | CN21: 0.03053889 | CO21: -0.51486525 | CP21: 0.22270006 | CQ21: 0.0032880917 | CR21: 0.090824278 | CS21: 0.069646396 | CT21: 0.082292873 | CU21: -0.06267356 | CV21: 0.098225632 | CW21: 0.065005417 | CX21: 0.10212218 | CY21: -0.0084819164 | CZ21: 0.23745137 | DA21: 0.0011922565 | DB21: -0.051624434 | DC21: -0.045047559 | DD21: 0.12132269 | DE21: 0.012238109 | DF21: 0.021560881 | DG21: 0.0078463781 | DH21: 0.01407682 | DI21: 0.034407478 | DJ21: -0.037911313 | DK21: 0.13950271 | DL21: 0.098364939 | DM21: -0.02983412 | DN21: 0.071197612 | DO21: 0.082445792 | DP21: 0.024266155 | DQ21: -0.15474119 | DR21: 0.050170859 | DS21: -0.20083947 | DT21: -0.1705708 | DU21: -0.028090294 | DV21: 0.14027598 | DW21: 0.12824787 | DX21: -0.18596621 | DY21: 0.024595996 | DZ21: -0.052844067 | EA21: -0.024865522 | EB21: 0.0084081462 | EC21: 0.014037055 | ED21: -0.054498856 | EE21: 0.014428852 | EF21: -0.018771264 | EG21: =AVERAGE(C21:EF21) -> 0.015614466 | EH21: =STDEV(C21:EF21) -> 0.11989122 | EI21: =EG21/EH21 -> 0.13023861
A22: 321 | B22: 3 | C22: 0.064235718 | D22: -0.044680897 | E22: -0.041027532 | F22: -0.097433996 | G22: -0.032954824 | H22: 0.17874946 | I22: 0.12349317 | J22: 0.052598589 | K22: -0.15328677 | L22: 0.17118336 | M22: -0.22515861 | N22: 0.13328042 | O22: 0.14348035 | P22: -0.072782884 | Q22: -0.27677689 | R22: -0.036628434 | S22: -0.16964656 | T22: -0.020238612 | U22: -0.11059002 | V22: 0.038286777 | W22: 0.20748027 | X22: 0.21490005 | Y22: 0.015732208 | Z22: 0.075548269 | AA22: 0.0070480169 | AB22: 0.13443621 | AC22: 0.074420381 | AD22: 0.012467303 | AE22: -0.22862111 | AF22: 0.047182316 | AG22: 0.05284154 | AH22: -0.10586596 | AI22: 0.11100467 | AJ22: 0.013081333 | AK22: 0.10128856 | AL22: 0.040340967 | AM22: 0.084088903 | AN22: 0.11113281 | AO22: 0.074717373 | AP22: -0.062536354 | AQ22: 0.079426117 | AR22: 0.25053268 | AS22: 0.082810439 | AT22: -0.025136362 | AU22: 0.033500452 | AV22: -0.059813177 | AW22: -0.030149389 | AX22: 0.1737634 | AY22: 0.071733385 | AZ22: -0.15490378 | BA22: -0.045598425 | BB22: 0.30192994 | BC22: -0.13083694 | BD22: -0.022174181 | BE22: 0.022216183 | BF22: 0.013638817 | BG22: 0.046279512 | BH22: -0.12796054 | BI22: 0.11108872 | BJ22: 0.054996415 | BK22: -0.041839636 | BL22: 0.16178034 | BM22: 0.19179704 | BN22: -0.015327552 | BO22: -0.050484429 | BP22: 0.07483555 | BQ22: 0.027830097 | BR22: 0.020813609 | BS22: -0.016372782 | BT22: 0.1305307 | BU22: 0.21294877 | BV22: 0.15854397 | BW22: -0.1746685 | BX22: 0.036637446 | BY22: -0.0047467864 | BZ22: 0.047257736 | CA22: -0.027490078 | CB22: -0.14899328 | CC22: -0.014985703 | CD22: 0.33387804 | CE22: -0.39338734 | CF22: 0.18879979 | CG22: -0.20326309 | CH22: 0.11591877 | CI22: -0.11777975 | CJ22: -0.10337951 | CK22: 0.036163343 | CL22: -0.2406518 | CM22: 0.320432 | CN22: -0.0085467718 | CO22: -0.64995647 | CP22: 0.25940856 | CQ22: -0.012333779 | CR22: 0.16185042 | CS22: -0.015202184 | CT22: 0.058232521 | CU22: -0.12023171 | CV22: 0.1122337 | CW22: 0.036451253 | CX22: 0.0037495933 | CY22: -0.0079888258 | CZ22: 0.26292048 | DA22: -0.0039917539 | DB22: -0.058383507 | DC22: -0.020724784 | DD22: 0.1478941 | DE22: -0.005491758 | DF22: 0.017031775 | DG22: 0.031985043 | DH22: 0.013945346 | DI22: 0.063560999 | DJ22: -0.050246006 | DK22: 0.17913471 | DL22: 0.12494165 | DM22: -0.063466051 | DN22: 0.046763328 | DO22: 0.1234375 | DP22: 0.010227258 | DQ22: -0.131031 | DR22: -0.0060925526 | DS22: -0.19705092 | DT22: -0.058357009 | DU22: -0.057495391 | DV22: 0.12570512 | DW22: 0.078389724 | DX22: -0.22244261 | DY22: -0.0081471166 | DZ22: -0.10374798 | EA22: -0.070548649 | EB22: -0.080596728 | EC22: 0.021495102 | ED22: -0.077413567 | EE22: 0.033446304 | EF22: -0.034790246 | EG22: =AVERAGE(C22:EF22) -> 0.011966096 | EH22: =STDEV(C22:EF22) -> 0.13691075 | EI22: =EG22/EH22 -> 0.087400709
A23: 482 | B23: 2 | C23: -0.034987009 | D23: -0.029810668 | E23: -0.080941173 | F23: -0.14166491 | G23: -0.052224174 | H23: 0.20371831 | I23: 0.14815203 | J23: -0.098162291 | K23: -0.20448948 | L23: 0.05404353 | M23: -0.26256935 | N23: 0.15641924 | O23: 0.20456438 | P23: -0.090401711 | Q23: 0.059568017 | R23: -0.056211143 | S23: -0.11372453 | T23: -0.00037336921 | U23: -0.093757422 | V23: -0.023029457 | W23: 0.33161915 | X23: 0.26408569 | Y23: 0.014659802 | Z23: 0.033032515 | AA23: 0.006606292 | AB23: 0.06403978 | AC23: 0.076346338 | AD23: 0.0150109 | AE23: -0.33234425 | AF23: 0.06690626 | AG23: 0.091873658 | AH23: -0.084171585 | AI23: 0.209152 | AJ23: 0.023587 | AK23: 0.1141111 | AL23: 0.13143171 | AM23: 0.007769489 | AN23: 0.2423147 | AO23: -0.0053369522 | AP23: 0.0031210994 | AQ23: 0.089424992 | AR23: 0.33674404 | AS23: -0.014706888 | AT23: -0.041427722 | AU23: 0.033145526 | AV23: -0.027638994 | AW23: -0.05202691 | AX23: 0.069838154 | AY23: 0.17023398 | AZ23: -0.063753617 | BA23: 0.0096467801 | BB23: -0.051049484 | BC23: -0.30082825 | BD23: 0.094830881 | BE23: -0.071430762 | BF23: -0.022846991 | BG23: 0.074761471 | BH23: -0.20348398 | BI23: 0.19111208 | BJ23: 0.10400332 | BK23: 0.0020341083 | BL23: 0.1495343 | BM23: 0.18918069 | BN23: -0.0069471708 | BO23: 0.036524942 | BP23: 0.098266399 | BQ23: 0.072047901 | BR23: 0.017844321 | BS23: -0.073275389 | BT23: 0.14364981 | BU23: 0.20568774 | BV23: 0.11346757 | BW23: -0.20215233 | BX23: -0.0082131197 | BY23: -0.010205693 | BZ23: 0.0076697624 | CA23: -0.0756532 | CB23: -0.2176142 | CC23: 0.22495863 | CD23: 0.19167646 | CE23: -0.11662461 | CF23: 0.15713491 | CG23: -0.39324379 | CH23: 0.18019645 | CI23: -0.30989942 | CJ23: -0.019875368 | CK23: 0.096116995 | CL23: -0.40866101 | CM23: 0.38673295 | CN23: -0.053005178 | CO23: -0.90892329 | CP23: 0.31136074 | CQ23: -0.0091837445 | CR23: 0.011597804 | CS23: -0.036974219 | CT23: 0.045662542 | CU23: -0.021056596 | CV23: -0.022245137 | CW23: 0.10090133 | CX23: -0.088716994 | CY23: 0.022046531 | CZ23: 0.18199879 | DA23: -0.030982136 | DB23: -0.015955157 | DC23: 0.11919049 | DD23: 0.21341104 | DE23: -0.009395226 | DF23: 0.061942127 | DG23: 0.038270012 | DH23: 0.055413447 | DI23: 0.053479597 | DJ23: -0.087058008 | DK23: 0.27783322 | DL23: 0.21610106 | DM23: -0.019497305 | DN23: 0.006497196 | DO23: 0.1640913 | DP23: 0.047088233 | DQ23: -0.170211 | DR23: -0.089886003 | DS23: -0.28809658 | DT23: -0.12395522 | DU23: 0.034287185 | DV23: 0.27627161 | DW23: 0.14122823 | DX23: -0.31349321 | DY23: 0.16987683 | DZ23: -0.10287302 | EA23: -0.023448908 | EB23: -0.06275344 | EC23: -0.036584316 | ED23: -0.091425905 | EE23: 0.059050684 | EF23: -0.047782279 | EG23: =AVERAGE(C23:EF23) -> 0.011395052 | EH23: =STDEV(C23:EF23) -> 0.16720619 | EI23: =EG23/EH23 -> 0.068149701
A24: 964 | B24: 1 | C24: 0.16299314 | D24: -0.10404901 | E24: 0.07140033 | F24: -0.22715955 | G24: 0.22576002 | H24: 0.24668673 | I24: -0.0021119332 | J24: -0.099972193 | K24: -0.021515278 | L24: 0.095623251 | M24: -0.46302754 | N24: 0.14413045 | O24: 0.23530919 | P24: -0.10424841 | Q24: 0.060964962 | R24: -0.24569737 | S24: -0.35251446 | T24: 0.12369104 | U24: -0.14851867 | V24: -0.067139303 | W24: 0.49571199 | X24: 0.11802243 | Y24: 0.0094770149 | Z24: 0.10584233 | AA24: 0.013547768 | AB24: 0.19533962 | AC24: 0.12538038 | AD24: 0.0078218389 | AE24: -0.54125812 | AF24: 0.02252201 | AG24: 0.13873572 | AH24: -0.05669736 | AI24: 0.310414 | AJ24: 0.085435 | AK24: 0.084883953 | AL24: -0.054676935 | AM24: -0.018919281 | AN24: 0.22118947 | AO24: 0.066090112 | AP24: -0.022851715 | AQ24: 0.047076973 | AR24: 0.0096392566 | AS24: -0.027956077 | AT24: 0.030459207 | AU24: 0.04409532 | AV24: -0.087151952 | AW24: 0.0049875415 | AX24: 0.028306187 | AY24: 0.16812729 | AZ24: 0.037867074 | BA24: -0.053794732 | BB24: -0.086159033 | BC24: -0.80321601 | BD24: 0.18559522 | BE24: -0.046064354 | BF24: 0.087651336 | BG24: 0.026835966 | BH24: -0.38625534 | BI24: 0.22362911 | BJ24: 0.0033483158 | BK24: 0.0040235469 | BL24: 0.31716429 | BM24: 0.011473019 | BN24: 0.0068493418 | BO24: -0.16110969 | BP24: 0.12335118 | BQ24: -0.064169633 | BR24: 0.042356223 | BS24: -0.0012847175 | BT24: 0.1162707 | BU24: 0.22832663 | BV24: 0.10772845 | BW24: -0.061835884 | BX24: -0.13296006 | BY24: 0.10974567 | BZ24: 0.2588929 | CA24: -0.11522168 | CB24: 0.20876197 | CC24: 0.43985451 | CD24: 0.14430631 | CE24: -0.21012144 | CF24: 0.22172136 | CG24: -0.32381798 | CH24: 0.3542773 | CI24: 0.32845182 | CJ24: 0.013109485 | CK24: 0.093530079 | CL24: 0.14175533 | CM24: 0.54958711 | CN24: -0.10773877 | CO24: -0.77665322 | CP24: 0.1603442 | CQ24: 0.11468717 | CR24: 0.061084838 | CS24: -0.085895233 | CT24: 0.096419008 | CU24: -0.072751348 | CV24: 0.015064048 | CW24: 0.17511717 | CX24: 0.055207194 | CY24: -0.080066905 | CZ24: 0.11220663 | DA24: 0.024511204 | DB24: -0.19546067 | DC24: 0.19117576 | DD24: 0.15338138 | DE24: -0.17606276 | DF24: -0.10466498 | DG24: 0.059105834 | DH24: 0.00084652507 | DI24: 0.14187546 | DJ24: -0.13248861 | DK24: 0.33950921 | DL24: 0.21310443 | DM24: -0.14143953 | DN24: 0.23333457 | DO24: 0.1854408 | DP24: 0.11437343 | DQ24: -0.13297735 | DR24: -0.02051563 | DS24: -0.21626154 | DT24: -0.038362866 | DU24: -0.047638587 | DV24: 0.1582247 | DW24: 0.10885709 | DX24: -0.31159313 | DY24: 0.34380429 | DZ24: -0.050469182 | EA24: 0.077350922 | EB24: -0.029582176 | EC24: -0.014309919 | ED24: -0.056172845 | EE24: 0.11342944 | EF24: 0.067276677 | EG24: =AVERAGE(C24:EF24) -> 0.026263282 | EH24: =STDEV(C24:EF24) -> 0.20009063 | EI24: =EG24/EH24 -> 0.13125693
A26: 大盤 | B26: TWII | C26: -0.017446771 | D26: 0.020701061 | E26: 0.023982129 | F26: -0.006557579 | G26: 0.03184513 | H26: 0.034348533 | I26: -0.0082549328 | J26: 0.012843524 | K26: -0.051018525 | L26: 0.00087394274 | M26: 0.023389576 | N26: 0.012988972 | O26: 0.0058545887 | P26: 0.027413207 | Q26: -0.0037129361 | R26: 0.024076614 | S26: -0.012190025 | T26: -0.039749578 | U26: -0.07315545 | V26: -0.05826023 | W26: 0.00077279757 | X26: 0.044591521 | Y26: -0.02769968 | Z26: 0.0020950059 | AA26: -0.023400551 | AB26: 0.032129371 | AC26: 0.038903273 | AD26: -0.042865382 | AE26: 0.018647195 | AF26: 0.015229768 | AG26: 0.036016604 | AH26: 0.0093546114 | AI26: 0.010748251 | AJ26: 0.013357754 | AK26: -0.0053327473 | AL26: 0.0013831358 | AM26: 0.020795928 | AN26: 0.031517702 | AO26: 0.0062417165 | AP26: 0.0061452617 | AQ26: 0.016946358 | AR26: 0.03468283 | AS26: 0.0030985886 | AT26: 0.015081347 | AU26: -0.019251209 | AV26: 0.038711513 | AW26: -0.021856951 | AX26: 0.0077743007 | AY26: 0.042397247 | AZ26: -0.026308975 | BA26: 0.0095717493 | BB26: -0.024249741 | BC26: 0.020163374 | BD26: -0.0035049988 | BE26: 0.020151935 | BF26: 0.00058133623 | BG26: -0.005219701 | BH26: -0.11587176 | BI26: 0.0087252257 | BJ26: -0.016377261 | BK26: 0.020840372 | BL26: 0.044975872 | BM26: 0.023954306 | BN26: 0.030239101 | BO26: -0.043725888 | BP26: 0.02188947 | BQ26: 0.0086274303 | BR26: -0.019192954 | BS26: 0.01973513 | BT26: 0.047694337 | BU26: 0.011454817 | BV26: 0.043228621 | BW26: -0.04274743 | BX26: -0.017811292 | BY26: -0.1511531 | BZ26: 0.124224 | CA26: -0.0045572538 | CB26: 0.06021124 | CC26: 0.085992033 | CD26: -0.0058084796 | CE26: -0.006041347 | CF26: 0.0024523244 | CG26: 0.089636252 | CH26: 0.070992733 | CI26: 0.027170643 | CJ26: 0.052468428 | CK26: 0.029480661 | CL26: 0.066825081 | CM26: -0.028772229 | CN26: 0.039462516 | CO26: -0.029031087 | CP26: 0.013983883 | CQ26: -0.032276965 | CR26: 0.0031035766 | CS26: 0.025591856 | CT26: 0.044391886 | CU26: -0.030338959 | CV26: -0.0012579765 | CW26: 0.0023363565 | CX26: -0.064264145 | CY26: 0.012909779 | CZ26: -0.12547709 | DA26: 0.011690683 | DB26: 0.0063378437 | DC26: -0.11730536 | DD26: -0.036010872 | DE26: 0.1389113 | DF26: -0.051143506 | DG26: 0.076731447 | DH26: 0.015508782 | DI26: 0.023223774 | DJ26: -0.018372876 | DK26: 0.062199014 | DL26: 0.020098304 | DM26: 0.01349894 | DN26: -0.030252213 | DO26: -0.017022836 | DP26: -0.021788523 | DQ26: 0.085745625 | DR26: 0.028106744 | DS26: -0.0023031598 | DT26: 0.058471198 | DU26: 0.067658949 | DV26: 0.0050207706 | DW26: 0.037416184 | DX26: 0.084111004 | DY26: -0.036832399 | DZ26: 0.0030917028 | EA26: -0.0019576282 | EB26: 0.026459104 | EC26: -0.024752539 | ED26: 0.034115491 | EE26: 0.021061974 | EF26: -0.020277393 | EG26: =AVERAGE(C26:EF26) -> 0.0073485376 | EH26: =STDEV(C26:EF26) -> 0.04227637 | EI26: =EG26/EH26 -> 0.1738214

Sheet 勝率
A1: NN5
B2: Time | C2: 2013/12 | D2: 2014/01 | E2: 2014/02 | F2: 2014/03 | G2: 2014/04 | H2: 2014/05 | I2: 2014/06 | J2: 2014/07 | K2: 2014/08 | L2: 2014/09 | M2: 2014/10 | N2: 2014/11 | O2: 2014/12 | P2: 2015/01 | Q2: 2015/02 | R2: 2015/03 | S2: 2015/04 | T2: 2015/05 | U2: 2015/06 | V2: 2015/07 | W2: 2015/08 | X2: 2015/09 | Y2: 2015/10 | Z2: 2015/11 | AA2: 2015/12 | AB2: 2016/01 | AC2: 2016/02 | AD2: 2016/03 | AE2: 2016/04 | AF2: 2016/05 | AG2: 2016/06 | AH2: 2016/07 | AI2: 2016/08 | AJ2: 2016/09 | AK2: 2016/10 | AL2: 2016/11 | AM2: 2016/12 | AN2: 2017/01 | AO2: 2017/02 | AP2: 2017/03 | AQ2: 2017/04 | AR2: 2017/05 | AS2: 2017/06 | AT2: 2017/07 | AU2: 2017/08 | AV2: 2017/09 | AW2: 2017/10 | AX2: 2017/11 | AY2: 2017/12 | AZ2: 2018/01 | BA2: 2018/02 | BB2: 2018/03 | BC2: 2018/04 | BD2: 2018/05 | BE2: 2018/06 | BF2: 2018/07 | BG2: 2018/08 | BH2: 2018/09 | BI2: 2018/10 | BJ2: 2018/11 | BK2: 2018/12 | BL2: 2019/01 | BM2: 2019/02 | BN2: 2019/03 | BO2: 2019/04 | BP2: 2019/05 | BQ2: 2019/06 | BR2: 2019/07 | BS2: 2019/08 | BT2: 2019/09 | BU2: 2019/10 | BV2: 2019/11 | BW2: 2019/12 | BX2: 2020/01 | BY2: 2020/02 | BZ2: 2020/03 | CA2: 2020/04 | CB2: 2020/05 | CC2: 2020/06 | CD2: 2020/07 | CE2: 2020/08 | CF2: 2020/09 | CG2: 2020/10 | CH2: 2020/11 | CI2: 2020/12 | CJ2: 2021/01 | CK2: 2021/02 | CL2: 2021/03 | CM2: 2021/04 | CN2: 2021/05 | CO2: 2021/06 | CP2: 2021/07 | CQ2: 2021/08 | CR2: 2021/09 | CS2: 2021/10 | CT2: 2021/11 | CU2: 2021/12 | CV2: 2022/01 | CW2: 2022/02 | CX2: 2022/03 | CY2: 2022/04 | CZ2: 2022/05 | DA2: 2022/06 | DB2: 2022/07 | DC2: 2022/08 | DD2: 2022/09 | DE2: 2022/10 | DF2: 2022/11 | DG2: 2022/12 | DH2: 2023/01 | DI2: 2023/02 | DJ2: 2023/03 | DK2: 2023/04 | DL2: 2023/05 | DM2: 2023/06 | DN2: 2023/07 | DO2: 2023/08 | DP2: 2023/09 | DQ2: 2023/10 | DR2: 2023/11 | DS2: 2023/12 | DT2: 2024/01 | DU2: 2024/02 | DV2: 2024/03 | DW2: 2024/04 | DX2: 2024/05 | DY2: 2024/06 | DZ2: 2024/07 | EA2: 2024/08 | EB2: 2024/09 | EC2: 2024/10 | ED2: 2024/11 | EE2: 2024/12 | EF2: 2025/01
B3: bm | C3: 0.073912658 | D3: 0.075614765 | E3: 0.047493916 | F3: 0.050458245 | G3: 0.056787238 | H3: 0.052736022 | I3: 0.055432953 | J3: 0.06568785 | K3: 0.065738305 | L3: 0.065104179 | M3: 0.062918879 | N3: 0.050446849 | O3: 0.051143341 | P3: 0.054307941 | Q3: 0.053979594 | R3: 0.059017297 | S3: 0.058883928 | T3: 0.058087721 | U3: 0.058204345 | V3: 0.056997735 | W3: 0.05799941 | X3: 0.056064881 | Y3: 0.053807165 | Z3: 0.055985436 | AA3: 0.058552556 | AB3: 0.05709514 | AC3: 0.055604041 | AD3: 0.057368185 | AE3: 0.057112969 | AF3: 0.056432754 | AG3: 0.054296117 | AH3: 0.021947064 | AI3: 0.026477551 | AJ3: 0.032625593 | AK3: 0.034277223 | AL3: 0.039366212 | AM3: 0.046164852 | AN3: 0.050585136 | AO3: 0.052576661 | AP3: 0.046018597 | AQ3: 0.051431343 | AR3: 0.053190842 | AS3: 0.054051004 | AT3: 0.042643663 | AU3: 0.042383187 | AV3: 0.04437216 | AW3: 0.050514378 | AX3: 0.048605483 | AY3: 0.056297924 | AZ3: 0.040032942 | BA3: 0.036459345 | BB3: 0.037515309 | BC3: 0.043620858 | BD3: 0.049859002 | BE3: 0.05312597 | BF3: 0.052070312 | BG3: 0.052394859 | BH3: 0.05214715 | BI3: 0.053297453 | BJ3: 0.051574986 | BK3: 0.052271623 | BL3: 0.052872114 | BM3: 0.052642539 | BN3: 0.057873163 | BO3: 0.054300133 | BP3: 0.039404105 | BQ3: 0.052939504 | BR3: 0.034261242 | BS3: 0.054798268 | BT3: 0.047248825 | BU3: 0.05574432 | BV3: 0.052378722 | BW3: 0.040140357 | BX3: 0.047834542 | BY3: 0.049711667 | BZ3: 0.053135619 | CA3: 0.050331637 | CB3: 0.045716073 | CC3: 0.052729145 | CD3: 0.049658243 | CE3: 0.046769083 | CF3: 0.051047079 | CG3: 0.046370827 | CH3: 0.049930401 | CI3: 0.048304062 | CJ3: 0.04974198 | CK3: 0.050947834 | CL3: 0.051223513 | CM3: 0.049852591 | CN3: 0.049947917 | CO3: 0.048367862 | CP3: 0.048762951 | CQ3: 0.049044318 | CR3: 0.049002893 | CS3: 0.047328062 | CT3: 0.030859729 | CU3: 0.041540883 | CV3: 0.05055277 | CW3: 0.043886945 | CX3: 0.051949106 | CY3: 0.051065382 | CZ3: 0.042493746 | DA3: 0.04438743 | DB3: 0.050981995 | DC3: 0.051738326 | DD3: 0.049757939 | DE3: 0.052686661 | DF3: 0.045524646 | DG3: 0.043648571 | DH3: 0.046830844 | DI3: 0.048355341 | DJ3: 0.051528536 | DK3: 0.04632692 | DL3: 0.047242101 | DM3: 0.048489671 | DN3: 0.046750303 | DO3: 0.048154097 | DP3: 0.047626976 | DQ3: 0.048635252 | DR3: 0.048790116 | DS3: 0.047917254 | DT3: 0.046769027 | DU3: 0.047454037 | DV3: 0.04662203 | DW3: 0.047323465 | DX3: 0.047543596 | DY3: 0.047800638 | DZ3: 0.035176035 | EA3: 0.048215114 | EB3: 0.042192698 | EC3: 0.034884773 | ED3: 0.040104128 | EE3: 0.047643702 | EF3: 0.050313424
B4: size | C4: -0.026131522 | D4: -0.031095196 | E4: -0.019964382 | F4: -0.033693533 | G4: -0.043368421 | H4: -0.024385126 | I4: -0.027016774 | J4: -0.036226306 | K4: -0.033819553 | L4: -0.039761636 | M4: -0.038767133 | N4: -0.02785336 | O4: -0.027895253 | P4: -0.038603418 | Q4: -0.027599497 | R4: -0.03439156 | S4: -0.029038168 | T4: -0.028335925 | U4: -0.029418213 | V4: -0.027863869 | W4: -0.02784925 | X4: -0.0284466 | Y4: -0.032019768 | Z4: -0.030283766 | AA4: -0.0302471 | AB4: -0.028815374 | AC4: -0.027407316 | AD4: -0.028988741 | AE4: -0.028777553 | AF4: -0.028814863 | AG4: -0.028311996 | AH4: -0.019194214 | AI4: -0.034112293 | AJ4: -0.03353392 | AK4: -0.02831074 | AL4: -0.027743479 | AM4: -0.029019373 | AN4: -0.02503009 | AO4: -0.03397302 | AP4: -0.03330566 | AQ4: -0.021525146 | AR4: -0.026042076 | AS4: -0.029200077 | AT4: -0.026011361 | AU4: -0.030799195 | AV4: -0.032425597 | AW4: -0.027081784 | AX4: -0.026335653 | AY4: -0.03282845 | AZ4: -0.02748521 | BA4: -0.030885451 | BB4: -0.033565979 | BC4: -0.031490907 | BD4: -0.031633358 | BE4: -0.032687977 | BF4: -0.031126844 | BG4: -0.03192798 | BH4: -0.030451825 | BI4: -0.031060981 | BJ4: -0.030572509 | BK4: -0.032275725 | BL4: -0.031460464 | BM4: -0.031589396 | BN4: -0.012294749 | BO4: -0.023144336 | BP4: -0.035055574 | BQ4: -0.032289132 | BR4: -0.011129873 | BS4: -0.033276096 | BT4: -0.02587313 | BU4: -0.036538124 | BV4: -0.033601437 | BW4: -0.023735113 | BX4: -0.032411348 | BY4: -0.031690605 | BZ4: -0.035885952 | CA4: -0.032359179 | CB4: -0.024407595 | CC4: -0.029143283 | CD4: -0.0260846 | CE4: -0.031495962 | CF4: -0.030850921 | CG4: -0.030580375 | CH4: -0.031189695 | CI4: -0.030889489 | CJ4: -0.033136211 | CK4: -0.03218805 | CL4: -0.031450741 | CM4: -0.030453967 | CN4: -0.031576816 | CO4: -0.030488677 | CP4: -0.030082384 | CQ4: -0.031483032 | CR4: -0.029976385 | CS4: -0.030695863 | CT4: -0.022893913 | CU4: -0.026544522 | CV4: -0.02839729 | CW4: -0.032492533 | CX4: -0.028017795 | CY4: -0.027172543 | CZ4: -0.025749896 | DA4: -0.028659649 | DB4: -0.034036122 | DC4: -0.032790743 | DD4: -0.031840444 | DE4: -0.029838223 | DF4: -0.030047838 | DG4: -0.027653288 | DH4: -0.029767487 | DI4: -0.029807547 | DJ4: -0.030265775 | DK4: -0.029801888 | DL4: -0.03036857 | DM4: -0.027276935 | DN4: -0.027353548 | DO4: -0.028688658 | DP4: -0.026694594 | DQ4: -0.027623309 | DR4: -0.030617354 | DS4: -0.027213534 | DT4: -0.029642999 | DU4: -0.028188946 | DV4: -0.028006973 | DW4: -0.026157865 | DX4: -0.02757702 | DY4: -0.029765815 | DZ4: -0.025970664 | EA4: -0.026451942 | EB4: -0.026299383 | EC4: -0.028539317 | ED4: -0.024485998 | EE4: -0.035615813 | EF4: -0.031126395
B5: mom | C5: -0.00787785 | D5: -0.0069603133 | E5: -0.0057252687 | F5: -0.0050895559 | G5: -0.0014382382 | H5: -0.0066041825 | I5: -0.0066249715 | J5: -0.0064524394 | K5: -0.0069175987 | L5: -0.0074742702 | M5: -0.005629845 | N5: 0.0060219043 | O5: 0.021381866 | P5: 0.017692182 | Q5: 0.0037215552 | R5: -0.0045880196 | S5: -0.0016969817 | T5: 0.0052884379 | U5: 0.0036118147 | V5: -0.0012654128 | W5: 0.0008409851 | X5: -0.0035424787 | Y5: -0.011175241 | Z5: -0.0029420066 | AA5: -0.010722418 | AB5: -0.0082601923 | AC5: -0.0099220099 | AD5: -0.011892353 | AE5: -0.0091663711 | AF5: -0.0056806332 | AG5: -0.0062061665 | AH5: -0.005226206 | AI5: -0.0039311731 | AJ5: -0.0035964411 | AK5: -0.0064401715 | AL5: -0.0054132566 | AM5: -0.0068339068 | AN5: 0.00098962791 | AO5: -0.0060500302 | AP5: -0.0061577209 | AQ5: -0.0027677703 | AR5: -0.0035937501 | AS5: -0.0026367316 | AT5: 0.014240017 | AU5: -0.0097647589 | AV5: 0.0065189693 | AW5: -0.011062248 | AX5: -0.01112526 | AY5: -0.001030277 | AZ5: 0.010198279 | BA5: -0.00077751774 | BB5: -0.0075720837 | BC5: 0.0011958141 | BD5: 0.0050238678 | BE5: -0.0075332262 | BF5: 3.0361902e-05 | BG5: -0.0069360281 | BH5: -0.0045085121 | BI5: 0.00028536667 | BJ5: -0.00039799954 | BK5: -0.0078317616 | BL5: -0.010597699 | BM5: -0.0027624657 | BN5: -0.00073312561 | BO5: -0.0043664481 | BP5: -0.008591962 | BQ5: 0.0009928894 | BR5: 0.00058879185 | BS5: -0.0006941093 | BT5: 0.00024363701 | BU5: -0.0039074067 | BV5: -0.001693561 | BW5: -0.0038997743 | BX5: -0.0021898318 | BY5: -0.0026012687 | BZ5: -0.0028384246 | CA5: -0.017516408 | CB5: -0.019824142 | CC5: -0.011650472 | CD5: -0.0059604137 | CE5: 0.0056517012 | CF5: -0.0050237775 | CG5: -0.0010570162 | CH5: -0.0022754986 | CI5: -0.0060388646 | CJ5: 0.00554096 | CK5: -0.0068315296 | CL5: -0.0081237685 | CM5: 0.004453694 | CN5: -0.0014318369 | CO5: 0.0013730362 | CP5: -0.0032519652 | CQ5: -0.0043961918 | CR5: 0.0015817019 | CS5: -0.0056205457 | CT5: -0.00070233206 | CU5: -0.003266165 | CV5: -0.00094196462 | CW5: -0.0037076932 | CX5: -0.0024892963 | CY5: -0.0022807741 | CZ5: -7.6424738e-05 | DA5: -0.001427579 | DB5: -0.0033561245 | DC5: -0.0038332578 | DD5: -0.0045209182 | DE5: -0.0048048217 | DF5: -0.023330368 | DG5: 0.0019330453 | DH5: -0.004520589 | DI5: -0.013306873 | DJ5: 0.0024735611 | DK5: -0.0065070903 | DL5: -0.0042229779 | DM5: -0.0014186898 | DN5: -0.0030941919 | DO5: 0.0018731285 | DP5: -0.006149081 | DQ5: -0.0042960932 | DR5: -0.0070924433 | DS5: -0.0044584181 | DT5: -0.0011452055 | DU5: -0.0057458053 | DV5: -0.0031786892 | DW5: -0.0069737742 | DX5: -0.0066423621 | DY5: -0.0032285845 | DZ5: -0.0019684746 | EA5: -0.0025258062 | EB5: -0.0044833981 | EC5: -0.0046024872 | ED5: -0.0064428165 | EE5: -0.0059165452 | EF5: -0.0061991252
A6: 選絕對值最大 | C6: {=MATCH(MAX(ABS(C3:C5)),ABS(C3:C5),0)} -> 1 | D6: {=MATCH(MAX(ABS(D3:D5)),ABS(D3:D5),0)} -> 1 | E6: {=MATCH(MAX(ABS(E3:E5)),ABS(E3:E5),0)} -> 1 | F6: {=MATCH(MAX(ABS(F3:F5)),ABS(F3:F5),0)} -> 1 | G6: {=MATCH(MAX(ABS(G3:G5)),ABS(G3:G5),0)} -> 1 | H6: {=MATCH(MAX(ABS(H3:H5)),ABS(H3:H5),0)} -> 1 | I6: {=MATCH(MAX(ABS(I3:I5)),ABS(I3:I5),0)} -> 1 | J6: {=MATCH(MAX(ABS(J3:J5)),ABS(J3:J5),0)} -> 1 | ... EF6: {=MATCH(MAX(ABS(EF3:EF5)),ABS(EF3:EF5),0)} -> 1
C7: =IF(C6=1,"bm",IF(C6=2,"size",IF(C6=3,"mom"))) -> bm | D7: =IF(D6=1,"bm",IF(D6=2,"size",IF(D6=3,"mom"))) -> bm | E7: =IF(E6=1,"bm",IF(E6=2,"size",IF(E6=3,"mom"))) -> bm | F7: =IF(F6=1,"bm",IF(F6=2,"size",IF(F6=3,"mom"))) -> bm | G7: =IF(G6=1,"bm",IF(G6=2,"size",IF(G6=3,"mom"))) -> bm | H7: =IF(H6=1,"bm",IF(H6=2,"size",IF(H6=3,"mom"))) -> bm | I7: =IF(I6=1,"bm",IF(I6=2,"size",IF(I6=3,"mom"))) -> bm | J7: =IF(J6=1,"bm",IF(J6=2,"size",IF(J6=3,"mom"))) -> bm | ... EF7: =IF(EF6=1,"bm",IF(EF6=2,"size",IF(EF6=3,"mom"))) -> bm
C8: =IF(C6=1,C3,IF(C6=2,C4,IF(C6=3,C5))) -> 0.073912658 | D8: =IF(D6=1,D3,IF(D6=2,D4,IF(D6=3,D5))) -> 0.075614765 | E8: =IF(E6=1,E3,IF(E6=2,E4,IF(E6=3,E5))) -> 0.047493916 | F8: =IF(F6=1,F3,IF(F6=2,F4,IF(F6=3,F5))) -> 0.050458245 | G8: =IF(G6=1,G3,IF(G6=2,G4,IF(G6=3,G5))) -> 0.056787238 | H8: =IF(H6=1,H3,IF(H6=2,H4,IF(H6=3,H5))) -> 0.052736022 | I8: =IF(I6=1,I3,IF(I6=2,I4,IF(I6=3,I5))) -> 0.055432953 | J8: =IF(J6=1,J3,IF(J6=2,J4,IF(J6=3,J5))) -> 0.06568785 | ... EF8: =IF(EF6=1,EF3,IF(EF6=2,EF4,IF(EF6=3,EF5))) -> 0.050313424
A10: 投資組合 | C10: 公司數 | D10: 964
A11: 等分 | B11: 分數 | C11: 2014/01 | D11: 2014/02 | E11: 2014/03 | F11: 2014/04 | G11: 2014/05 | H11: 2014/06 | I11: 2014/07 | J11: 2014/08 | K11: 2014/09 | L11: 2014/10 | M11: 2014/11 | N11: 2014/12 | O11: 2015/01 | P11: 2015/02 | Q11: 2015/03 | R11: 2015/04 | S11: 2015/05 | T11: 2015/06 | U11: 2015/07 | V11: 2015/08 | W11: 2015/09 | X11: 2015/10 | Y11: 2015/11 | Z11: 2015/12 | AA11: 2016/01 | AB11: 2016/02 | AC11: 2016/03 | AD11: 2016/04 | AE11: 2016/05 | AF11: 2016/06 | AG11: 2016/07 | AH11: 2016/08 | AI11: 2016/09 | AJ11: 2016/10 | AK11: 2016/11 | AL11: 2016/12 | AM11: 2017/01 | AN11: 2017/02 | AO11: 2017/03 | AP11: 2017/04 | AQ11: 2017/05 | AR11: 2017/06 | AS11: 2017/07 | AT11: 2017/08 | AU11: 2017/09 | AV11: 2017/10 | AW11: 2017/11 | AX11: 2017/12 | AY11: 2018/01 | AZ11: 2018/02 | BA11: 2018/03 | BB11: 2018/04 | BC11: 2018/05 | BD11: 2018/06 | BE11: 2018/07 | BF11: 2018/08 | BG11: 2018/09 | BH11: 2018/10 | BI11: 2018/11 | BJ11: 2018/12 | BK11: 2019/01 | BL11: 2019/02 | BM11: 2019/03 | BN11: 2019/04 | BO11: 2019/05 | BP11: 2019/06 | BQ11: 2019/07 | BR11: 2019/08 | BS11: 2019/09 | BT11: 2019/10 | BU11: 2019/11 | BV11: 2019/12 | BW11: 2020/01 | BX11: 2020/02 | BY11: 2020/03 | BZ11: 2020/04 | CA11: 2020/05 | CB11: 2020/06 | CC11: 2020/07 | CD11: 2020/08 | CE11: 2020/09 | CF11: 2020/10 | CG11: 2020/11 | CH11: 2020/12 | CI11: 2021/01 | CJ11: 2021/02 | CK11: 2021/03 | CL11: 2021/04 | CM11: 2021/05 | CN11: 2021/06 | CO11: 2021/07 | CP11: 2021/08 | CQ11: 2021/09 | CR11: 2021/10 | CS11: 2021/11 | CT11: 2021/12 | CU11: 2022/01 | CV11: 2022/02 | CW11: 2022/03 | CX11: 2022/04 | CY11: 2022/05 | CZ11: 2022/06 | DA11: 2022/07 | DB11: 2022/08 | DC11: 2022/09 | DD11: 2022/10 | DE11: 2022/11 | DF11: 2022/12 | DG11: 2023/01 | DH11: 2023/02 | DI11: 2023/03 | DJ11: 2023/04 | DK11: 2023/05 | DL11: 2023/06 | DM11: 2023/07 | DN11: 2023/08 | DO11: 2023/09 | DP11: 2023/10 | DQ11: 2023/11 | DR11: 2023/12 | DS11: 2024/01 | DT11: 2024/02 | DU11: 2024/03 | DV11: 2024/04 | DW11: 2024/05 | DX11: 2024/06 | DY11: 2024/07 | DZ11: 2024/08 | EA11: 2024/09 | EB11: 2024/10 | EC11: 2024/11 | ED11: 2024/12 | EE11: 2025/01 | EF11: 2025/02 | EG11: sum | EH11: 勝率
A12: 10 | B12: 96 | C12: =IF(預測IC!C12>預測IC!C$26,1,0) -> 1 | D12: =IF(預測IC!D12>預測IC!D$26,1,0) -> 1 | E12: =IF(預測IC!E12>預測IC!E$26,1,0) -> 0 | F12: =IF(預測IC!F12>預測IC!F$26,1,0) -> 0 | G12: =IF(預測IC!G12>預測IC!G$26,1,0) -> 0 | H12: =IF(預測IC!H12>預測IC!H$26,1,0) -> 0 | I12: =IF(預測IC!I12>預測IC!I$26,1,0) -> 1 | J12: =IF(預測IC!J12>預測IC!J$26,1,0) -> 1 | ... EF12: =IF(預測IC!EF12>預測IC!EF$26,1,0) -> 1 | EG12: =SUM(C12:EF12) -> 67 | EH12: =SUM(C12:EF12)/134 -> 0.5
A13: 20 | B13: 48 | C13: =IF(預測IC!C13>預測IC!C$26,1,0) -> 1 | D13: =IF(預測IC!D13>預測IC!D$26,1,0) -> 1 | E13: =IF(預測IC!E13>預測IC!E$26,1,0) -> 0 | F13: =IF(預測IC!F13>預測IC!F$26,1,0) -> 0 | G13: =IF(預測IC!G13>預測IC!G$26,1,0) -> 0 | H13: =IF(預測IC!H13>預測IC!H$26,1,0) -> 0 | I13: =IF(預測IC!I13>預測IC!I$26,1,0) -> 1 | J13: =IF(預測IC!J13>預測IC!J$26,1,0) -> 1 | ... EF13: =IF(預測IC!EF13>預測IC!EF$26,1,0) -> 1 | EG13: =SUM(C13:EF13) -> 71 | EH13: =SUM(C13:EF13)/134 -> 0.52985075
A14: 50 | B14: 19 | C14: =IF(預測IC!C14>預測IC!C$26,1,0) -> 0 | D14: =IF(預測IC!D14>預測IC!D$26,1,0) -> 1 | E14: =IF(預測IC!E14>預測IC!E$26,1,0) -> 0 | F14: =IF(預測IC!F14>預測IC!F$26,1,0) -> 0 | G14: =IF(預測IC!G14>預測IC!G$26,1,0) -> 0 | H14: =IF(預測IC!H14>預測IC!H$26,1,0) -> 0 | I14: =IF(預測IC!I14>預測IC!I$26,1,0) -> 1 | J14: =IF(預測IC!J14>預測IC!J$26,1,0) -> 1 | ... EF14: =IF(預測IC!EF14>預測IC!EF$26,1,0) -> 1 | EG14: =SUM(C14:EF14) -> 68 | EH14: =SUM(C14:EF14)/134 -> 0.50746269
A15: 100 | B15: 10 | C15: =IF(預測IC!C15>預測IC!C$26,1,0) -> 0 | D15: =IF(預測IC!D15>預測IC!D$26,1,0) -> 0 | E15: =IF(預測IC!E15>預測IC!E$26,1,0) -> 0 | F15: =IF(預測IC!F15>預測IC!F$26,1,0) -> 0 | G15: =IF(預測IC!G15>預測IC!G$26,1,0) -> 0 | H15: =IF(預測IC!H15>預測IC!H$26,1,0) -> 1 | I15: =IF(預測IC!I15>預測IC!I$26,1,0) -> 1 | J15: =IF(預測IC!J15>預測IC!J$26,1,0) -> 1 | ... EF15: =IF(預測IC!EF15>預測IC!EF$26,1,0) -> 1 | EG15: =SUM(C15:EF15) -> 72 | EH15: =SUM(C15:EF15)/134 -> 0.53731343
A16: 107 | B16: 9 | C16: =IF(預測IC!C16>預測IC!C$26,1,0) -> 0 | D16: =IF(預測IC!D16>預測IC!D$26,1,0) -> 0 | E16: =IF(預測IC!E16>預測IC!E$26,1,0) -> 0 | F16: =IF(預測IC!F16>預測IC!F$26,1,0) -> 0 | G16: =IF(預測IC!G16>預測IC!G$26,1,0) -> 0 | H16: =IF(預測IC!H16>預測IC!H$26,1,0) -> 1 | I16: =IF(預測IC!I16>預測IC!I$26,1,0) -> 1 | J16: =IF(預測IC!J16>預測IC!J$26,1,0) -> 1 | ... EF16: =IF(預測IC!EF16>預測IC!EF$26,1,0) -> 1 | EG16: =SUM(C16:EF16) -> 72 | EH16: =SUM(C16:EF16)/134 -> 0.53731343
A17: 120 | B17: 8 | C17: =IF(預測IC!C17>預測IC!C$26,1,0) -> 0 | D17: =IF(預測IC!D17>預測IC!D$26,1,0) -> 0 | E17: =IF(預測IC!E17>預測IC!E$26,1,0) -> 0 | F17: =IF(預測IC!F17>預測IC!F$26,1,0) -> 0 | G17: =IF(預測IC!G17>預測IC!G$26,1,0) -> 0 | H17: =IF(預測IC!H17>預測IC!H$26,1,0) -> 1 | I17: =IF(預測IC!I17>預測IC!I$26,1,0) -> 1 | J17: =IF(預測IC!J17>預測IC!J$26,1,0) -> 1 | ... EF17: =IF(預測IC!EF17>預測IC!EF$26,1,0) -> 1 | EG17: =SUM(C17:EF17) -> 76 | EH17: =SUM(C17:EF17)/134 -> 0.56716418
A18: 137 | B18: 7 | C18: =IF(預測IC!C18>預測IC!C$26,1,0) -> 0 | D18: =IF(預測IC!D18>預測IC!D$26,1,0) -> 0 | E18: =IF(預測IC!E18>預測IC!E$26,1,0) -> 0 | F18: =IF(預測IC!F18>預測IC!F$26,1,0) -> 0 | G18: =IF(預測IC!G18>預測IC!G$26,1,0) -> 0 | H18: =IF(預測IC!H18>預測IC!H$26,1,0) -> 1 | I18: =IF(預測IC!I18>預測IC!I$26,1,0) -> 1 | J18: =IF(預測IC!J18>預測IC!J$26,1,0) -> 1 | ... EF18: =IF(預測IC!EF18>預測IC!EF$26,1,0) -> 1 | EG18: =SUM(C18:EF18) -> 73 | EH18: =SUM(C18:EF18)/134 -> 0.54477612
A19: 160 | B19: 6 | C19: =IF(預測IC!C19>預測IC!C$26,1,0) -> 0 | D19: =IF(預測IC!D19>預測IC!D$26,1,0) -> 0 | E19: =IF(預測IC!E19>預測IC!E$26,1,0) -> 0 | F19: =IF(預測IC!F19>預測IC!F$26,1,0) -> 0 | G19: =IF(預測IC!G19>預測IC!G$26,1,0) -> 0 | H19: =IF(預測IC!H19>預測IC!H$26,1,0) -> 1 | I19: =IF(預測IC!I19>預測IC!I$26,1,0) -> 1 | J19: =IF(預測IC!J19>預測IC!J$26,1,0) -> 1 | ... EF19: =IF(預測IC!EF19>預測IC!EF$26,1,0) -> 1 | EG19: =SUM(C19:EF19) -> 73 | EH19: =SUM(C19:EF19)/134 -> 0.54477612
A20: 192 | B20: 5 | C20: =IF(預測IC!C20>預測IC!C$26,1,0) -> 0 | D20: =IF(預測IC!D20>預測IC!D$26,1,0) -> 0 | E20: =IF(預測IC!E20>預測IC!E$26,1,0) -> 0 | F20: =IF(預測IC!F20>預測IC!F$26,1,0) -> 0 | G20: =IF(預測IC!G20>預測IC!G$26,1,0) -> 0 | H20: =IF(預測IC!H20>預測IC!H$26,1,0) -> 1 | I20: =IF(預測IC!I20>預測IC!I$26,1,0) -> 1 | J20: =IF(預測IC!J20>預測IC!J$26,1,0) -> 1 | ... EF20: =IF(預測IC!EF20>預測IC!EF$26,1,0) -> 1 | EG20: =SUM(C20:EF20) -> 77 | EH20: =SUM(C20:EF20)/134 -> 0.57462687
A21: 241 | B21: 4 | C21: =IF(預測IC!C21>預測IC!C$26,1,0) -> 0 | D21: =IF(預測IC!D21>預測IC!D$26,1,0) -> 0 | E21: =IF(預測IC!E21>預測IC!E$26,1,0) -> 0 | F21: =IF(預測IC!F21>預測IC!F$26,1,0) -> 0 | G21: =IF(預測IC!G21>預測IC!G$26,1,0) -> 0 | H21: =IF(預測IC!H21>預測IC!H$26,1,0) -> 1 | I21: =IF(預測IC!I21>預測IC!I$26,1,0) -> 1 | J21: =IF(預測IC!J21>預測IC!J$26,1,0) -> 1 | ... EF21: =IF(預測IC!EF21>預測IC!EF$26,1,0) -> 1 | EG21: =SUM(C21:EF21) -> 78 | EH21: =SUM(C21:EF21)/134 -> 0.58208955
A22: 321 | B22: 3 | C22: =IF(預測IC!C22>預測IC!C$26,1,0) -> 1 | D22: =IF(預測IC!D22>預測IC!D$26,1,0) -> 0 | E22: =IF(預測IC!E22>預測IC!E$26,1,0) -> 0 | F22: =IF(預測IC!F22>預測IC!F$26,1,0) -> 0 | G22: =IF(預測IC!G22>預測IC!G$26,1,0) -> 0 | H22: =IF(預測IC!H22>預測IC!H$26,1,0) -> 1 | I22: =IF(預測IC!I22>預測IC!I$26,1,0) -> 1 | J22: =IF(預測IC!J22>預測IC!J$26,1,0) -> 1 | ... EF22: =IF(預測IC!EF22>預測IC!EF$26,1,0) -> 0 | EG22: =SUM(C22:EF22) -> 74 | EH22: =SUM(C22:EF22)/134 -> 0.55223881
A23: 482 | B23: 2 | C23: =IF(預測IC!C23>預測IC!C$26,1,0) -> 0 | D23: =IF(預測IC!D23>預測IC!D$26,1,0) -> 0 | E23: =IF(預測IC!E23>預測IC!E$26,1,0) -> 0 | F23: =IF(預測IC!F23>預測IC!F$26,1,0) -> 0 | G23: =IF(預測IC!G23>預測IC!G$26,1,0) -> 0 | H23: =IF(預測IC!H23>預測IC!H$26,1,0) -> 1 | I23: =IF(預測IC!I23>預測IC!I$26,1,0) -> 1 | J23: =IF(預測IC!J23>預測IC!J$26,1,0) -> 0 | ... EF23: =IF(預測IC!EF23>預測IC!EF$26,1,0) -> 0 | EG23: =SUM(C23:EF23) -> 72 | EH23: =SUM(C23:EF23)/134 -> 0.53731343
A24: 964 | B24: 1 | C24: =IF(預測IC!C24>預測IC!C$26,1,0) -> 1 | D24: =IF(預測IC!D24>預測IC!D$26,1,0) -> 0 | E24: =IF(預測IC!E24>預測IC!E$26,1,0) -> 1 | F24: =IF(預測IC!F24>預測IC!F$26,1,0) -> 0 | G24: =IF(預測IC!G24>預測IC!G$26,1,0) -> 1 | H24: =IF(預測IC!H24>預測IC!H$26,1,0) -> 1 | I24: =IF(預測IC!I24>預測IC!I$26,1,0) -> 1 | J24: =IF(預測IC!J24>預測IC!J$26,1,0) -> 0 | ... EF24: =IF(預測IC!EF24>預測IC!EF$26,1,0) -> 1 | EG24: =SUM(C24:EF24) -> 79 | EH24: =SUM(C24:EF24)/134 -> 0.58955224
A26: 大盤 | B26: TWII | C26: -0.017446771 | D26: 0.020701061 | E26: 0.023982129 | F26: -0.006557579 | G26: 0.03184513 | H26: 0.034348533 | I26: -0.0082549328 | J26: 0.012843524 | K26: -0.051018525 | L26: 0.00087394274 | M26: 0.023389576 | N26: 0.012988972 | O26: 0.0058545887 | P26: 0.027413207 | Q26: -0.0037129361 | R26: 0.024076614 | S26: -0.012190025 | T26: -0.039749578 | U26: -0.07315545 | V26: -0.05826023 | W26: 0.00077279757 | X26: 0.044591521 | Y26: -0.02769968 | Z26: 0.0020950059 | AA26: -0.023400551 | AB26: 0.032129371 | AC26: 0.038903273 | AD26: -0.042865382 | AE26: 0.018647195 | AF26: 0.015229768 | AG26: 0.036016604 | AH26: 0.0093546114 | AI26: 0.010748251 | AJ26: 0.013357754 | AK26: -0.0053327473 | AL26: 0.0013831358 | AM26: 0.020795928 | AN26: 0.031517702 | AO26: 0.0062417165 | AP26: 0.0061452617 | AQ26: 0.016946358 | AR26: 0.03468283 | AS26: 0.0030985886 | AT26: 0.015081347 | AU26: -0.019251209 | AV26: 0.038711513 | AW26: -0.021856951 | AX26: 0.0077743007 | AY26: 0.042397247 | AZ26: -0.026308975 | BA26: 0.0095717493 | BB26: -0.024249741 | BC26: 0.020163374 | BD26: -0.0035049988 | BE26: 0.020151935 | BF26: 0.00058133623 | BG26: -0.005219701 | BH26: -0.11587176 | BI26: 0.0087252257 | BJ26: -0.016377261 | BK26: 0.020840372 | BL26: 0.044975872 | BM26: 0.023954306 | BN26: 0.030239101 | BO26: -0.043725888 | BP26: 0.02188947 | BQ26: 0.0086274303 | BR26: -0.019192954 | BS26: 0.01973513 | BT26: 0.047694337 | BU26: 0.011454817 | BV26: 0.043228621 | BW26: -0.04274743 | BX26: -0.017811292 | BY26: -0.1511531 | BZ26: 0.124224 | CA26: -0.0045572538 | CB26: 0.06021124 | CC26: 0.085992033 | CD26: -0.0058084796 | CE26: -0.006041347 | CF26: 0.0024523244 | CG26: 0.089636252 | CH26: 0.070992733 | CI26: 0.027170643 | CJ26: 0.052468428 | CK26: 0.029480661 | CL26: 0.066825081 | CM26: -0.028772229 | CN26: 0.039462516 | CO26: -0.029031087 | CP26: 0.013983883 | CQ26: -0.032276965 | CR26: 0.0031035766 | CS26: 0.025591856 | CT26: 0.044391886 | CU26: -0.030338959 | CV26: -0.0012579765 | CW26: 0.0023363565 | CX26: -0.064264145 | CY26: 0.012909779 | CZ26: -0.12547709 | DA26: 0.011690683 | DB26: 0.0063378437 | DC26: -0.11730536 | DD26: -0.036010872 | DE26: 0.1389113 | DF26: -0.051143506 | DG26: 0.076731447 | DH26: 0.015508782 | DI26: 0.023223774 | DJ26: -0.018372876 | DK26: 0.062199014 | DL26: 0.020098304 | DM26: 0.01349894 | DN26: -0.030252213 | DO26: -0.017022836 | DP26: -0.021788523 | DQ26: 0.085745625 | DR26: 0.028106744 | DS26: -0.0023031598 | DT26: 0.058471198 | DU26: 0.067658949 | DV26: 0.0050207706 | DW26: 0.037416184 | DX26: 0.084111004 | DY26: -0.036832399 | DZ26: 0.0030917028 | EA26: -0.0019576282 | EB26: 0.026459104 | EC26: -0.024752539 | ED26: 0.034115491 | EE26: 0.021061974 | EF26: -0.020277393

Sheet 累積報酬
A1: NN5
B2: Time | C2: 2013/12 | D2: 2014/01 | E2: 2014/02 | F2: 2014/03 | G2: 2014/04 | H2: 2014/05 | I2: 2014/06 | J2: 2014/07 | K2: 2014/08 | L2: 2014/09 | M2: 2014/10 | N2: 2014/11 | O2: 2014/12 | P2: 2015/01 | Q2: 2015/02 | R2: 2015/03 | S2: 2015/04 | T2: 2015/05 | U2: 2015/06 | V2: 2015/07 | W2: 2015/08 | X2: 2015/09 | Y2: 2015/10 | Z2: 2015/11 | AA2: 2015/12 | AB2: 2016/01 | AC2: 2016/02 | AD2: 2016/03 | AE2: 2016/04 | AF2: 2016/05 | AG2: 2016/06 | AH2: 2016/07 | AI2: 2016/08 | AJ2: 2016/09 | AK2: 2016/10 | AL2: 2016/11 | AM2: 2016/12 | AN2: 2017/01 | AO2: 2017/02 | AP2: 2017/03 | AQ2: 2017/04 | AR2: 2017/05 | AS2: 2017/06 | AT2: 2017/07 | AU2: 2017/08 | AV2: 2017/09 | AW2: 2017/10 | AX2: 2017/11 | AY2: 2017/12 | AZ2: 2018/01 | BA2: 2018/02 | BB2: 2018/03 | BC2: 2018/04 | BD2: 2018/05 | BE2: 2018/06 | BF2: 2018/07 | BG2: 2018/08 | BH2: 2018/09 | BI2: 2018/10 | BJ2: 2018/11 | BK2: 2018/12 | BL2: 2019/01 | BM2: 2019/02 | BN2: 2019/03 | BO2: 2019/04 | BP2: 2019/05 | BQ2: 2019/06 | BR2: 2019/07 | BS2: 2019/08 | BT2: 2019/09 | BU2: 2019/10 | BV2: 2019/11 | BW2: 2019/12 | BX2: 2020/01 | BY2: 2020/02 | BZ2: 2020/03 | CA2: 2020/04 | CB2: 2020/05 | CC2: 2020/06 | CD2: 2020/07 | CE2: 2020/08 | CF2: 2020/09 | CG2: 2020/10 | CH2: 2020/11 | CI2: 2020/12 | CJ2: 2021/01 | CK2: 2021/02 | CL2: 2021/03 | CM2: 2021/04 | CN2: 2021/05 | CO2: 2021/06 | CP2: 2021/07 | CQ2: 2021/08 | CR2: 2021/09 | CS2: 2021/10 | CT2: 2021/11 | CU2: 2021/12 | CV2: 2022/01 | CW2: 2022/02 | CX2: 2022/03 | CY2: 2022/04 | CZ2: 2022/05 | DA2: 2022/06 | DB2: 2022/07 | DC2: 2022/08 | DD2: 2022/09 | DE2: 2022/10 | DF2: 2022/11 | DG2: 2022/12 | DH2: 2023/01 | DI2: 2023/02 | DJ2: 2023/03 | DK2: 2023/04 | DL2: 2023/05 | DM2: 2023/06 | DN2: 2023/07 | DO2: 2023/08 | DP2: 2023/09 | DQ2: 2023/10 | DR2: 2023/11 | DS2: 2023/12 | DT2: 2024/01 | DU2: 2024/02 | DV2: 2024/03 | DW2: 2024/04 | DX2: 2024/05 | DY2: 2024/06 | DZ2: 2024/07 | EA2: 2024/08 | EB2: 2024/09 | EC2: 2024/10 | ED2: 2024/11 | EE2: 2024/12 | EF2: 2025/01
B3: bm | C3: 0.073912658 | D3: 0.075614765 | E3: 0.047493916 | F3: 0.050458245 | G3: 0.056787238 | H3: 0.052736022 | I3: 0.055432953 | J3: 0.06568785 | K3: 0.065738305 | L3: 0.065104179 | M3: 0.062918879 | N3: 0.050446849 | O3: 0.051143341 | P3: 0.054307941 | Q3: 0.053979594 | R3: 0.059017297 | S3: 0.058883928 | T3: 0.058087721 | U3: 0.058204345 | V3: 0.056997735 | W3: 0.05799941 | X3: 0.056064881 | Y3: 0.053807165 | Z3: 0.055985436 | AA3: 0.058552556 | AB3: 0.05709514 | AC3: 0.055604041 | AD3: 0.057368185 | AE3: 0.057112969 | AF3: 0.056432754 | AG3: 0.054296117 | AH3: 0.021947064 | AI3: 0.026477551 | AJ3: 0.032625593 | AK3: 0.034277223 | AL3: 0.039366212 | AM3: 0.046164852 | AN3: 0.050585136 | AO3: 0.052576661 | AP3: 0.046018597 | AQ3: 0.051431343 | AR3: 0.053190842 | AS3: 0.054051004 | AT3: 0.042643663 | AU3: 0.042383187 | AV3: 0.04437216 | AW3: 0.050514378 | AX3: 0.048605483 | AY3: 0.056297924 | AZ3: 0.040032942 | BA3: 0.036459345 | BB3: 0.037515309 | BC3: 0.043620858 | BD3: 0.049859002 | BE3: 0.05312597 | BF3: 0.052070312 | BG3: 0.052394859 | BH3: 0.05214715 | BI3: 0.053297453 | BJ3: 0.051574986 | BK3: 0.052271623 | BL3: 0.052872114 | BM3: 0.052642539 | BN3: 0.057873163 | BO3: 0.054300133 | BP3: 0.039404105 | BQ3: 0.052939504 | BR3: 0.034261242 | BS3: 0.054798268 | BT3: 0.047248825 | BU3: 0.05574432 | BV3: 0.052378722 | BW3: 0.040140357 | BX3: 0.047834542 | BY3: 0.049711667 | BZ3: 0.053135619 | CA3: 0.050331637 | CB3: 0.045716073 | CC3: 0.052729145 | CD3: 0.049658243 | CE3: 0.046769083 | CF3: 0.051047079 | CG3: 0.046370827 | CH3: 0.049930401 | CI3: 0.048304062 | CJ3: 0.04974198 | CK3: 0.050947834 | CL3: 0.051223513 | CM3: 0.049852591 | CN3: 0.049947917 | CO3: 0.048367862 | CP3: 0.048762951 | CQ3: 0.049044318 | CR3: 0.049002893 | CS3: 0.047328062 | CT3: 0.030859729 | CU3: 0.041540883 | CV3: 0.05055277 | CW3: 0.043886945 | CX3: 0.051949106 | CY3: 0.051065382 | CZ3: 0.042493746 | DA3: 0.04438743 | DB3: 0.050981995 | DC3: 0.051738326 | DD3: 0.049757939 | DE3: 0.052686661 | DF3: 0.045524646 | DG3: 0.043648571 | DH3: 0.046830844 | DI3: 0.048355341 | DJ3: 0.051528536 | DK3: 0.04632692 | DL3: 0.047242101 | DM3: 0.048489671 | DN3: 0.046750303 | DO3: 0.048154097 | DP3: 0.047626976 | DQ3: 0.048635252 | DR3: 0.048790116 | DS3: 0.047917254 | DT3: 0.046769027 | DU3: 0.047454037 | DV3: 0.04662203 | DW3: 0.047323465 | DX3: 0.047543596 | DY3: 0.047800638 | DZ3: 0.035176035 | EA3: 0.048215114 | EB3: 0.042192698 | EC3: 0.034884773 | ED3: 0.040104128 | EE3: 0.047643702 | EF3: 0.050313424
B4: size | C4: -0.026131522 | D4: -0.031095196 | E4: -0.019964382 | F4: -0.033693533 | G4: -0.043368421 | H4: -0.024385126 | I4: -0.027016774 | J4: -0.036226306 | K4: -0.033819553 | L4: -0.039761636 | M4: -0.038767133 | N4: -0.02785336 | O4: -0.027895253 | P4: -0.038603418 | Q4: -0.027599497 | R4: -0.03439156 | S4: -0.029038168 | T4: -0.028335925 | U4: -0.029418213 | V4: -0.027863869 | W4: -0.02784925 | X4: -0.0284466 | Y4: -0.032019768 | Z4: -0.030283766 | AA4: -0.0302471 | AB4: -0.028815374 | AC4: -0.027407316 | AD4: -0.028988741 | AE4: -0.028777553 | AF4: -0.028814863 | AG4: -0.028311996 | AH4: -0.019194214 | AI4: -0.034112293 | AJ4: -0.03353392 | AK4: -0.02831074 | AL4: -0.027743479 | AM4: -0.029019373 | AN4: -0.02503009 | AO4: -0.03397302 | AP4: -0.03330566 | AQ4: -0.021525146 | AR4: -0.026042076 | AS4: -0.029200077 | AT4: -0.026011361 | AU4: -0.030799195 | AV4: -0.032425597 | AW4: -0.027081784 | AX4: -0.026335653 | AY4: -0.03282845 | AZ4: -0.02748521 | BA4: -0.030885451 | BB4: -0.033565979 | BC4: -0.031490907 | BD4: -0.031633358 | BE4: -0.032687977 | BF4: -0.031126844 | BG4: -0.03192798 | BH4: -0.030451825 | BI4: -0.031060981 | BJ4: -0.030572509 | BK4: -0.032275725 | BL4: -0.031460464 | BM4: -0.031589396 | BN4: -0.012294749 | BO4: -0.023144336 | BP4: -0.035055574 | BQ4: -0.032289132 | BR4: -0.011129873 | BS4: -0.033276096 | BT4: -0.02587313 | BU4: -0.036538124 | BV4: -0.033601437 | BW4: -0.023735113 | BX4: -0.032411348 | BY4: -0.031690605 | BZ4: -0.035885952 | CA4: -0.032359179 | CB4: -0.024407595 | CC4: -0.029143283 | CD4: -0.0260846 | CE4: -0.031495962 | CF4: -0.030850921 | CG4: -0.030580375 | CH4: -0.031189695 | CI4: -0.030889489 | CJ4: -0.033136211 | CK4: -0.03218805 | CL4: -0.031450741 | CM4: -0.030453967 | CN4: -0.031576816 | CO4: -0.030488677 | CP4: -0.030082384 | CQ4: -0.031483032 | CR4: -0.029976385 | CS4: -0.030695863 | CT4: -0.022893913 | CU4: -0.026544522 | CV4: -0.02839729 | CW4: -0.032492533 | CX4: -0.028017795 | CY4: -0.027172543 | CZ4: -0.025749896 | DA4: -0.028659649 | DB4: -0.034036122 | DC4: -0.032790743 | DD4: -0.031840444 | DE4: -0.029838223 | DF4: -0.030047838 | DG4: -0.027653288 | DH4: -0.029767487 | DI4: -0.029807547 | DJ4: -0.030265775 | DK4: -0.029801888 | DL4: -0.03036857 | DM4: -0.027276935 | DN4: -0.027353548 | DO4: -0.028688658 | DP4: -0.026694594 | DQ4: -0.027623309 | DR4: -0.030617354 | DS4: -0.027213534 | DT4: -0.029642999 | DU4: -0.028188946 | DV4: -0.028006973 | DW4: -0.026157865 | DX4: -0.02757702 | DY4: -0.029765815 | DZ4: -0.025970664 | EA4: -0.026451942 | EB4: -0.026299383 | EC4: -0.028539317 | ED4: -0.024485998 | EE4: -0.035615813 | EF4: -0.031126395
B5: mom | C5: -0.00787785 | D5: -0.0069603133 | E5: -0.0057252687 | F5: -0.0050895559 | G5: -0.0014382382 | H5: -0.0066041825 | I5: -0.0066249715 | J5: -0.0064524394 | K5: -0.0069175987 | L5: -0.0074742702 | M5: -0.005629845 | N5: 0.0060219043 | O5: 0.021381866 | P5: 0.017692182 | Q5: 0.0037215552 | R5: -0.0045880196 | S5: -0.0016969817 | T5: 0.0052884379 | U5: 0.0036118147 | V5: -0.0012654128 | W5: 0.0008409851 | X5: -0.0035424787 | Y5: -0.011175241 | Z5: -0.0029420066 | AA5: -0.010722418 | AB5: -0.0082601923 | AC5: -0.0099220099 | AD5: -0.011892353 | AE5: -0.0091663711 | AF5: -0.0056806332 | AG5: -0.0062061665 | AH5: -0.005226206 | AI5: -0.0039311731 | AJ5: -0.0035964411 | AK5: -0.0064401715 | AL5: -0.0054132566 | AM5: -0.0068339068 | AN5: 0.00098962791 | AO5: -0.0060500302 | AP5: -0.0061577209 | AQ5: -0.0027677703 | AR5: -0.0035937501 | AS5: -0.0026367316 | AT5: 0.014240017 | AU5: -0.0097647589 | AV5: 0.0065189693 | AW5: -0.011062248 | AX5: -0.01112526 | AY5: -0.001030277 | AZ5: 0.010198279 | BA5: -0.00077751774 | BB5: -0.0075720837 | BC5: 0.0011958141 | BD5: 0.0050238678 | BE5: -0.0075332262 | BF5: 3.0361902e-05 | BG5: -0.0069360281 | BH5: -0.0045085121 | BI5: 0.00028536667 | BJ5: -0.00039799954 | BK5: -0.0078317616 | BL5: -0.010597699 | BM5: -0.0027624657 | BN5: -0.00073312561 | BO5: -0.0043664481 | BP5: -0.008591962 | BQ5: 0.0009928894 | BR5: 0.00058879185 | BS5: -0.0006941093 | BT5: 0.00024363701 | BU5: -0.0039074067 | BV5: -0.001693561 | BW5: -0.0038997743 | BX5: -0.0021898318 | BY5: -0.0026012687 | BZ5: -0.0028384246 | CA5: -0.017516408 | CB5: -0.019824142 | CC5: -0.011650472 | CD5: -0.0059604137 | CE5: 0.0056517012 | CF5: -0.0050237775 | CG5: -0.0010570162 | CH5: -0.0022754986 | CI5: -0.0060388646 | CJ5: 0.00554096 | CK5: -0.0068315296 | CL5: -0.0081237685 | CM5: 0.004453694 | CN5: -0.0014318369 | CO5: 0.0013730362 | CP5: -0.0032519652 | CQ5: -0.0043961918 | CR5: 0.0015817019 | CS5: -0.0056205457 | CT5: -0.00070233206 | CU5: -0.003266165 | CV5: -0.00094196462 | CW5: -0.0037076932 | CX5: -0.0024892963 | CY5: -0.0022807741 | CZ5: -7.6424738e-05 | DA5: -0.001427579 | DB5: -0.0033561245 | DC5: -0.0038332578 | DD5: -0.0045209182 | DE5: -0.0048048217 | DF5: -0.023330368 | DG5: 0.0019330453 | DH5: -0.004520589 | DI5: -0.013306873 | DJ5: 0.0024735611 | DK5: -0.0065070903 | DL5: -0.0042229779 | DM5: -0.0014186898 | DN5: -0.0030941919 | DO5: 0.0018731285 | DP5: -0.006149081 | DQ5: -0.0042960932 | DR5: -0.0070924433 | DS5: -0.0044584181 | DT5: -0.0011452055 | DU5: -0.0057458053 | DV5: -0.0031786892 | DW5: -0.0069737742 | DX5: -0.0066423621 | DY5: -0.0032285845 | DZ5: -0.0019684746 | EA5: -0.0025258062 | EB5: -0.0044833981 | EC5: -0.0046024872 | ED5: -0.0064428165 | EE5: -0.0059165452 | EF5: -0.0061991252
A6: 選絕對值最大 | C6: {=MATCH(MAX(ABS(C3:C5)),ABS(C3:C5),0)} -> 1 | D6: {=MATCH(MAX(ABS(D3:D5)),ABS(D3:D5),0)} -> 1 | E6: {=MATCH(MAX(ABS(E3:E5)),ABS(E3:E5),0)} -> 1 | F6: {=MATCH(MAX(ABS(F3:F5)),ABS(F3:F5),0)} -> 1 | G6: {=MATCH(MAX(ABS(G3:G5)),ABS(G3:G5),0)} -> 1 | H6: {=MATCH(MAX(ABS(H3:H5)),ABS(H3:H5),0)} -> 1 | I6: {=MATCH(MAX(ABS(I3:I5)),ABS(I3:I5),0)} -> 1 | J6: {=MATCH(MAX(ABS(J3:J5)),ABS(J3:J5),0)} -> 1 | ... EF6: {=MATCH(MAX(ABS(EF3:EF5)),ABS(EF3:EF5),0)} -> 1
C7: =IF(C6=1,"bm",IF(C6=2,"size",IF(C6=3,"mom"))) -> bm | D7: =IF(D6=1,"bm",IF(D6=2,"size",IF(D6=3,"mom"))) -> bm | E7: =IF(E6=1,"bm",IF(E6=2,"size",IF(E6=3,"mom"))) -> bm | F7: =IF(F6=1,"bm",IF(F6=2,"size",IF(F6=3,"mom"))) -> bm | G7: =IF(G6=1,"bm",IF(G6=2,"size",IF(G6=3,"mom"))) -> bm | H7: =IF(H6=1,"bm",IF(H6=2,"size",IF(H6=3,"mom"))) -> bm | I7: =IF(I6=1,"bm",IF(I6=2,"size",IF(I6=3,"mom"))) -> bm | J7: =IF(J6=1,"bm",IF(J6=2,"size",IF(J6=3,"mom"))) -> bm | ... EF7: =IF(EF6=1,"bm",IF(EF6=2,"size",IF(EF6=3,"mom"))) -> bm
C8: =IF(C6=1,C3,IF(C6=2,C4,IF(C6=3,C5))) -> 0.073912658 | D8: =IF(D6=1,D3,IF(D6=2,D4,IF(D6=3,D5))) -> 0.075614765 | E8: =IF(E6=1,E3,IF(E6=2,E4,IF(E6=3,E5))) -> 0.047493916 | F8: =IF(F6=1,F3,IF(F6=2,F4,IF(F6=3,F5))) -> 0.050458245 | G8: =IF(G6=1,G3,IF(G6=2,G4,IF(G6=3,G5))) -> 0.056787238 | H8: =IF(H6=1,H3,IF(H6=2,H4,IF(H6=3,H5))) -> 0.052736022 | I8: =IF(I6=1,I3,IF(I6=2,I4,IF(I6=3,I5))) -> 0.055432953 | J8: =IF(J6=1,J3,IF(J6=2,J4,IF(J6=3,J5))) -> 0.06568785 | ... EF8: =IF(EF6=1,EF3,IF(EF6=2,EF4,IF(EF6=3,EF5))) -> 0.050313424
A10: 投資組合 | C10: 公司數 | D10: 964
A11: 等分 | B11: 分數 | C11: 2014/01 | D11: 2014/02 | E11: 2014/03 | F11: 2014/04 | G11: 2014/05 | H11: 2014/06 | I11: 2014/07 | J11: 2014/08 | K11: 2014/09 | L11: 2014/10 | M11: 2014/11 | N11: 2014/12 | O11: 2015/01 | P11: 2015/02 | Q11: 2015/03 | R11: 2015/04 | S11: 2015/05 | T11: 2015/06 | U11: 2015/07 | V11: 2015/08 | W11: 2015/09 | X11: 2015/10 | Y11: 2015/11 | Z11: 2015/12 | AA11: 2016/01 | AB11: 2016/02 | AC11: 2016/03 | AD11: 2016/04 | AE11: 2016/05 | AF11: 2016/06 | AG11: 2016/07 | AH11: 2016/08 | AI11: 2016/09 | AJ11: 2016/10 | AK11: 2016/11 | AL11: 2016/12 | AM11: 2017/01 | AN11: 2017/02 | AO11: 2017/03 | AP11: 2017/04 | AQ11: 2017/05 | AR11: 2017/06 | AS11: 2017/07 | AT11: 2017/08 | AU11: 2017/09 | AV11: 2017/10 | AW11: 2017/11 | AX11: 2017/12 | AY11: 2018/01 | AZ11: 2018/02 | BA11: 2018/03 | BB11: 2018/04 | BC11: 2018/05 | BD11: 2018/06 | BE11: 2018/07 | BF11: 2018/08 | BG11: 2018/09 | BH11: 2018/10 | BI11: 2018/11 | BJ11: 2018/12 | BK11: 2019/01 | BL11: 2019/02 | BM11: 2019/03 | BN11: 2019/04 | BO11: 2019/05 | BP11: 2019/06 | BQ11: 2019/07 | BR11: 2019/08 | BS11: 2019/09 | BT11: 2019/10 | BU11: 2019/11 | BV11: 2019/12 | BW11: 2020/01 | BX11: 2020/02 | BY11: 2020/03 | BZ11: 2020/04 | CA11: 2020/05 | CB11: 2020/06 | CC11: 2020/07 | CD11: 2020/08 | CE11: 2020/09 | CF11: 2020/10 | CG11: 2020/11 | CH11: 2020/12 | CI11: 2021/01 | CJ11: 2021/02 | CK11: 2021/03 | CL11: 2021/04 | CM11: 2021/05 | CN11: 2021/06 | CO11: 2021/07 | CP11: 2021/08 | CQ11: 2021/09 | CR11: 2021/10 | CS11: 2021/11 | CT11: 2021/12 | CU11: 2022/01 | CV11: 2022/02 | CW11: 2022/03 | CX11: 2022/04 | CY11: 2022/05 | CZ11: 2022/06 | DA11: 2022/07 | DB11: 2022/08 | DC11: 2022/09 | DD11: 2022/10 | DE11: 2022/11 | DF11: 2022/12 | DG11: 2023/01 | DH11: 2023/02 | DI11: 2023/03 | DJ11: 2023/04 | DK11: 2023/05 | DL11: 2023/06 | DM11: 2023/07 | DN11: 2023/08 | DO11: 2023/09 | DP11: 2023/10 | DQ11: 2023/11 | DR11: 2023/12 | DS11: 2024/01 | DT11: 2024/02 | DU11: 2024/03 | DV11: 2024/04 | DW11: 2024/05 | DX11: 2024/06 | DY11: 2024/07 | DZ11: 2024/08 | EA11: 2024/09 | EB11: 2024/10 | EC11: 2024/11 | ED11: 2024/12 | EE11: 2025/01 | EF11: 2025/02
A12: 10 | B12: 96 | C12: 0.047013509 | D12: =C12+預測IC!D12 -> 0.067835304 | E12: =D12+預測IC!E12 -> 0.061081276 | F12: =E12+預測IC!F12 -> 0.041212451 | G12: =F12+預測IC!G12 -> 0.049116798 | H12: =G12+預測IC!H12 -> 0.058476181 | I12: =H12+預測IC!I12 -> 0.094780118 | J12: =I12+預測IC!J12 -> 0.1385647 | K12: =J12+預測IC!K12 -> 0.12757629 | ... EF12: =EE12+預測IC!EF12 -> 1.4491807
A13: 20 | B13: 48 | C13: 0.042506118 | D13: =C13+預測IC!D13 -> 0.072383728 | E13: =D13+預測IC!E13 -> 0.037887109 | F13: =E13+預測IC!F13 -> 0.0029649528 | G13: =F13+預測IC!G13 -> -0.011943027 | H13: =G13+預測IC!H13 -> 0.0039873576 | I13: =H13+預測IC!I13 -> 0.036670221 | J13: =I13+預測IC!J13 -> 0.071220113 | K13: =J13+預測IC!K13 -> 0.025889122 | ... EF13: =EE13+預測IC!EF13 -> 1.7318912
A14: 50 | B14: 19 | C14: -0.037017512 | D14: =C14+預測IC!D14 -> 0.046329799 | E14: =D14+預測IC!E14 -> -0.0011961441 | F14: =E14+預測IC!F14 -> -0.049650287 | G14: =F14+預測IC!G14 -> -0.090670203 | H14: =G14+預測IC!H14 -> -0.082995879 | I14: =H14+預測IC!I14 -> -0.039208519 | J14: =I14+預測IC!J14 -> -0.015898547 | K14: =J14+預測IC!K14 -> -0.15007725 | ... EF14: =EE14+預測IC!EF14 -> 1.3940879
A15: 100 | B15: 10 | C15: -0.096503142 | D15: =C15+預測IC!D15 -> -0.079550277 | E15: =D15+預測IC!E15 -> -0.089748703 | F15: =E15+預測IC!F15 -> -0.198311 | G15: =F15+預測IC!G15 -> -0.25894793 | H15: =G15+預測IC!H15 -> -0.2087901 | I15: =H15+預測IC!I15 -> -0.15035866 | J15: =I15+預測IC!J15 -> -0.10039719 | K15: =J15+預測IC!K15 -> -0.38699182 | ... EF15: =EE15+預測IC!EF15 -> 0.98258314
A16: 107 | B16: 9 | C16: -0.027383645 | D16: =C16+預測IC!D16 -> -0.028103893 | E16: =D16+預測IC!E16 -> -0.03093407 | F16: =E16+預測IC!F16 -> -0.13031656 | G16: =F16+預測IC!G16 -> -0.20401283 | H16: =G16+預測IC!H16 -> -0.14301382 | I16: =H16+預測IC!I16 -> -0.085483205 | J16: =I16+預測IC!J16 -> -0.038773279 | K16: =J16+預測IC!K16 -> -0.32344383 | ... EF16: =EE16+預測IC!EF16 -> 1.1530665
A17: 120 | B17: 8 | C17: -0.041028984 | D17: =C17+預測IC!D17 -> -0.058363359 | E17: =D17+預測IC!E17 -> -0.050984357 | F17: =E17+預測IC!F17 -> -0.16382187 | G17: =F17+預測IC!G17 -> -0.23504464 | H17: =G17+預測IC!H17 -> -0.15835682 | I17: =H17+預測IC!I17 -> -0.04463179 | J17: =I17+預測IC!J17 -> -0.002773395 | K17: =J17+預測IC!K17 -> -0.29959995 | ... EF17: =EE17+預測IC!EF17 -> 1.1260319
A18: 137 | B18: 7 | C18: -0.053942228 | D18: =C18+預測IC!D18 -> -0.062129695 | E18: =D18+預測IC!E18 -> -0.12113035 | F18: =E18+預測IC!F18 -> -0.25554473 | G18: =F18+預測IC!G18 -> -0.33633897 | H18: =G18+預測IC!H18 -> -0.21442618 | I18: =H18+預測IC!I18 -> -0.078926004 | J18: =I18+預測IC!J18 -> -0.035514488 | K18: =J18+預測IC!K18 -> -0.39419659 | ... EF18: =EE18+預測IC!EF18 -> 1.1058403
A19: 160 | B19: 6 | C19: -0.077959416 | D19: =C19+預測IC!D19 -> -0.098130216 | E19: =D19+預測IC!E19 -> -0.15302831 | F19: =E19+預測IC!F19 -> -0.19167499 | G19: =F19+預測IC!G19 -> -0.28918708 | H19: =G19+預測IC!H19 -> -0.14029296 | I19: =H19+預測IC!I19 -> -0.0056386268 | J19: =I19+預測IC!J19 -> 0.029790958 | K19: =J19+預測IC!K19 -> -0.38854689 | ... EF19: =EE19+預測IC!EF19 -> 0.49545187
A20: 192 | B20: 5 | C20: -0.1393246 | D20: =C20+預測IC!D20 -> -0.13897289 | E20: =D20+預測IC!E20 -> -0.1234729 | F20: =E20+預測IC!F20 -> -0.21469132 | G20: =F20+預測IC!G20 -> -0.31505723 | H20: =G20+預測IC!H20 -> -0.15068523 | I20: =H20+預測IC!I20 -> 0.0074643291 | J20: =I20+預測IC!J20 -> 0.041935588 | K20: =J20+預測IC!K20 -> -0.048173066 | ... EF20: =EE20+預測IC!EF20 -> 0.79620826
A21: 241 | B21: 4 | C21: -0.19764916 | D21: =C21+預測IC!D21 -> -0.19801687 | E21: =D21+預測IC!E21 -> -0.19829623 | F21: =E21+預測IC!F21 -> -0.24939371 | G21: =F21+預測IC!G21 -> -0.25668985 | H21: =G21+預測IC!H21 -> -0.058021787 | I21: =H21+預測IC!I21 -> 0.089233821 | J21: =I21+預測IC!J21 -> 0.14966915 | K21: =J21+預測IC!K21 -> 0.06069613 | ... EF21: =EE21+預測IC!EF21 -> 2.0923384
A22: 321 | B22: 3 | C22: 0.064235718 | D22: =C22+預測IC!D22 -> 0.019554821 | E22: =D22+預測IC!E22 -> -0.021472711 | F22: =E22+預測IC!F22 -> -0.11890671 | G22: =F22+預測IC!G22 -> -0.15186153 | H22: =G22+預測IC!H22 -> 0.026887932 | I22: =H22+預測IC!I22 -> 0.1503811 | J22: =I22+預測IC!J22 -> 0.20297969 | K22: =J22+預測IC!K22 -> 0.04969292 | ... EF22: =EE22+預測IC!EF22 -> 1.6034569
A23: 482 | B23: 2 | C23: -0.034987009 | D23: =C23+預測IC!D23 -> -0.064797677 | E23: =D23+預測IC!E23 -> -0.14573885 | F23: =E23+預測IC!F23 -> -0.28740376 | G23: =F23+預測IC!G23 -> -0.33962793 | H23: =G23+預測IC!H23 -> -0.13590962 | I23: =H23+預測IC!I23 -> 0.012242404 | J23: =I23+預測IC!J23 -> -0.085919887 | K23: =J23+預測IC!K23 -> -0.29040936 | ... EF23: =EE23+預測IC!EF23 -> 1.5269369
A24: 964 | B24: 1 | C24: 0.16299314 | D24: =C24+預測IC!D24 -> 0.058944127 | E24: =D24+預測IC!E24 -> 0.13034446 | F24: =E24+預測IC!F24 -> -0.09681509 | G24: =F24+預測IC!G24 -> 0.12894493 | H24: =G24+預測IC!H24 -> 0.37563166 | I24: =H24+預測IC!I24 -> 0.37351973 | J24: =I24+預測IC!J24 -> 0.27354754 | K24: =J24+預測IC!K24 -> 0.25203226 | ... EF24: =EE24+預測IC!EF24 -> 3.5192798
A25: 大盤 | B25: TWII | C25: -0.017446771 | D25: =C25+預測IC!D26 -> 0.00325429 | E25: =D25+預測IC!E26 -> 0.027236419 | F25: =E25+預測IC!F26 -> 0.02067884 | G25: =F25+預測IC!G26 -> 0.05252397 | H25: =G25+預測IC!H26 -> 0.086872503 | I25: =H25+預測IC!I26 -> 0.07861757 | J25: =I25+預測IC!J26 -> 0.091461094 | K25: =J25+預測IC!K26 -> 0.04044257 | ... EF25: =EE25+預測IC!EF26 -> 0.98470404

Sheet 預測累積畫圖
A1: NN5
B2: Time | C2: 2013/12 | D2: 2014/01 | E2: 2014/02 | F2: 2014/03 | G2: 2014/04 | H2: 2014/05 | I2: 2014/06 | J2: 2014/07 | K2: 2014/08 | L2: 2014/09 | M2: 2014/10 | N2: 2014/11 | O2: 2014/12 | P2: 2015/01 | Q2: 2015/02 | R2: 2015/03 | S2: 2015/04 | T2: 2015/05 | U2: 2015/06 | V2: 2015/07 | W2: 2015/08 | X2: 2015/09 | Y2: 2015/10 | Z2: 2015/11 | AA2: 2015/12 | AB2: 2016/01 | AC2: 2016/02 | AD2: 2016/03 | AE2: 2016/04 | AF2: 2016/05 | AG2: 2016/06 | AH2: 2016/07 | AI2: 2016/08 | AJ2: 2016/09 | AK2: 2016/10 | AL2: 2016/11 | AM2: 2016/12 | AN2: 2017/01 | AO2: 2017/02 | AP2: 2017/03 | AQ2: 2017/04 | AR2: 2017/05 | AS2: 2017/06 | AT2: 2017/07 | AU2: 2017/08 | AV2: 2017/09 | AW2: 2017/10 | AX2: 2017/11 | AY2: 2017/12 | AZ2: 2018/01 | BA2: 2018/02 | BB2: 2018/03 | BC2: 2018/04 | BD2: 2018/05 | BE2: 2018/06 | BF2: 2018/07 | BG2: 2018/08 | BH2: 2018/09 | BI2: 2018/10 | BJ2: 2018/11 | BK2: 2018/12 | BL2: 2019/01 | BM2: 2019/02 | BN2: 2019/03 | BO2: 2019/04 | BP2: 2019/05 | BQ2: 2019/06 | BR2: 2019/07 | BS2: 2019/08 | BT2: 2019/09 | BU2: 2019/10 | BV2: 2019/11 | BW2: 2019/12 | BX2: 2020/01 | BY2: 2020/02 | BZ2: 2020/03 | CA2: 2020/04 | CB2: 2020/05 | CC2: 2020/06 | CD2: 2020/07 | CE2: 2020/08 | CF2: 2020/09 | CG2: 2020/10 | CH2: 2020/11 | CI2: 2020/12 | CJ2: 2021/01 | CK2: 2021/02 | CL2: 2021/03 | CM2: 2021/04 | CN2: 2021/05 | CO2: 2021/06 | CP2: 2021/07 | CQ2: 2021/08 | CR2: 2021/09 | CS2: 2021/10 | CT2: 2021/11 | CU2: 2021/12 | CV2: 2022/01 | CW2: 2022/02 | CX2: 2022/03 | CY2: 2022/04 | CZ2: 2022/05 | DA2: 2022/06 | DB2: 2022/07 | DC2: 2022/08 | DD2: 2022/09 | DE2: 2022/10 | DF2: 2022/11 | DG2: 2022/12 | DH2: 2023/01 | DI2: 2023/02 | DJ2: 2023/03 | DK2: 2023/04 | DL2: 2023/05 | DM2: 2023/06 | DN2: 2023/07 | DO2: 2023/08 | DP2: 2023/09 | DQ2: 2023/10 | DR2: 2023/11 | DS2: 2023/12 | DT2: 2024/01 | DU2: 2024/02 | DV2: 2024/03 | DW2: 2024/04 | DX2: 2024/05 | DY2: 2024/06 | DZ2: 2024/07 | EA2: 2024/08 | EB2: 2024/09 | EC2: 2024/10 | ED2: 2024/11 | EE2: 2024/12 | EF2: 2025/01
B3: bm | C3: 0.073912658 | D3: 0.075614765 | E3: 0.047493916 | F3: 0.050458245 | G3: 0.056787238 | H3: 0.052736022 | I3: 0.055432953 | J3: 0.06568785 | K3: 0.065738305 | L3: 0.065104179 | M3: 0.062918879 | N3: 0.050446849 | O3: 0.051143341 | P3: 0.054307941 | Q3: 0.053979594 | R3: 0.059017297 | S3: 0.058883928 | T3: 0.058087721 | U3: 0.058204345 | V3: 0.056997735 | W3: 0.05799941 | X3: 0.056064881 | Y3: 0.053807165 | Z3: 0.055985436 | AA3: 0.058552556 | AB3: 0.05709514 | AC3: 0.055604041 | AD3: 0.057368185 | AE3: 0.057112969 | AF3: 0.056432754 | AG3: 0.054296117 | AH3: 0.021947064 | AI3: 0.026477551 | AJ3: 0.032625593 | AK3: 0.034277223 | AL3: 0.039366212 | AM3: 0.046164852 | AN3: 0.050585136 | AO3: 0.052576661 | AP3: 0.046018597 | AQ3: 0.051431343 | AR3: 0.053190842 | AS3: 0.054051004 | AT3: 0.042643663 | AU3: 0.042383187 | AV3: 0.04437216 | AW3: 0.050514378 | AX3: 0.048605483 | AY3: 0.056297924 | AZ3: 0.040032942 | BA3: 0.036459345 | BB3: 0.037515309 | BC3: 0.043620858 | BD3: 0.049859002 | BE3: 0.05312597 | BF3: 0.052070312 | BG3: 0.052394859 | BH3: 0.05214715 | BI3: 0.053297453 | BJ3: 0.051574986 | BK3: 0.052271623 | BL3: 0.052872114 | BM3: 0.052642539 | BN3: 0.057873163 | BO3: 0.054300133 | BP3: 0.039404105 | BQ3: 0.052939504 | BR3: 0.034261242 | BS3: 0.054798268 | BT3: 0.047248825 | BU3: 0.05574432 | BV3: 0.052378722 | BW3: 0.040140357 | BX3: 0.047834542 | BY3: 0.049711667 | BZ3: 0.053135619 | CA3: 0.050331637 | CB3: 0.045716073 | CC3: 0.052729145 | CD3: 0.049658243 | CE3: 0.046769083 | CF3: 0.051047079 | CG3: 0.046370827 | CH3: 0.049930401 | CI3: 0.048304062 | CJ3: 0.04974198 | CK3: 0.050947834 | CL3: 0.051223513 | CM3: 0.049852591 | CN3: 0.049947917 | CO3: 0.048367862 | CP3: 0.048762951 | CQ3: 0.049044318 | CR3: 0.049002893 | CS3: 0.047328062 | CT3: 0.030859729 | CU3: 0.041540883 | CV3: 0.05055277 | CW3: 0.043886945 | CX3: 0.051949106 | CY3: 0.051065382 | CZ3: 0.042493746 | DA3: 0.04438743 | DB3: 0.050981995 | DC3: 0.051738326 | DD3: 0.049757939 | DE3: 0.052686661 | DF3: 0.045524646 | DG3: 0.043648571 | DH3: 0.046830844 | DI3: 0.048355341 | DJ3: 0.051528536 | DK3: 0.04632692 | DL3: 0.047242101 | DM3: 0.048489671 | DN3: 0.046750303 | DO3: 0.048154097 | DP3: 0.047626976 | DQ3: 0.048635252 | DR3: 0.048790116 | DS3: 0.047917254 | DT3: 0.046769027 | DU3: 0.047454037 | DV3: 0.04662203 | DW3: 0.047323465 | DX3: 0.047543596 | DY3: 0.047800638 | DZ3: 0.035176035 | EA3: 0.048215114 | EB3: 0.042192698 | EC3: 0.034884773 | ED3: 0.040104128 | EE3: 0.047643702 | EF3: 0.050313424
B4: size | C4: -0.026131522 | D4: -0.031095196 | E4: -0.019964382 | F4: -0.033693533 | G4: -0.043368421 | H4: -0.024385126 | I4: -0.027016774 | J4: -0.036226306 | K4: -0.033819553 | L4: -0.039761636 | M4: -0.038767133 | N4: -0.02785336 | O4: -0.027895253 | P4: -0.038603418 | Q4: -0.027599497 | R4: -0.03439156 | S4: -0.029038168 | T4: -0.028335925 | U4: -0.029418213 | V4: -0.027863869 | W4: -0.02784925 | X4: -0.0284466 | Y4: -0.032019768 | Z4: -0.030283766 | AA4: -0.0302471 | AB4: -0.028815374 | AC4: -0.027407316 | AD4: -0.028988741 | AE4: -0.028777553 | AF4: -0.028814863 | AG4: -0.028311996 | AH4: -0.019194214 | AI4: -0.034112293 | AJ4: -0.03353392 | AK4: -0.02831074 | AL4: -0.027743479 | AM4: -0.029019373 | AN4: -0.02503009 | AO4: -0.03397302 | AP4: -0.03330566 | AQ4: -0.021525146 | AR4: -0.026042076 | AS4: -0.029200077 | AT4: -0.026011361 | AU4: -0.030799195 | AV4: -0.032425597 | AW4: -0.027081784 | AX4: -0.026335653 | AY4: -0.03282845 | AZ4: -0.02748521 | BA4: -0.030885451 | BB4: -0.033565979 | BC4: -0.031490907 | BD4: -0.031633358 | BE4: -0.032687977 | BF4: -0.031126844 | BG4: -0.03192798 | BH4: -0.030451825 | BI4: -0.031060981 | BJ4: -0.030572509 | BK4: -0.032275725 | BL4: -0.031460464 | BM4: -0.031589396 | BN4: -0.012294749 | BO4: -0.023144336 | BP4: -0.035055574 | BQ4: -0.032289132 | BR4: -0.011129873 | BS4: -0.033276096 | BT4: -0.02587313 | BU4: -0.036538124 | BV4: -0.033601437 | BW4: -0.023735113 | BX4: -0.032411348 | BY4: -0.031690605 | BZ4: -0.035885952 | CA4: -0.032359179 | CB4: -0.024407595 | CC4: -0.029143283 | CD4: -0.0260846 | CE4: -0.031495962 | CF4: -0.030850921 | CG4: -0.030580375 | CH4: -0.031189695 | CI4: -0.030889489 | CJ4: -0.033136211 | CK4: -0.03218805 | CL4: -0.031450741 | CM4: -0.030453967 | CN4: -0.031576816 | CO4: -0.030488677 | CP4: -0.030082384 | CQ4: -0.031483032 | CR4: -0.029976385 | CS4: -0.030695863 | CT4: -0.022893913 | CU4: -0.026544522 | CV4: -0.02839729 | CW4: -0.032492533 | CX4: -0.028017795 | CY4: -0.027172543 | CZ4: -0.025749896 | DA4: -0.028659649 | DB4: -0.034036122 | DC4: -0.032790743 | DD4: -0.031840444 | DE4: -0.029838223 | DF4: -0.030047838 | DG4: -0.027653288 | DH4: -0.029767487 | DI4: -0.029807547 | DJ4: -0.030265775 | DK4: -0.029801888 | DL4: -0.03036857 | DM4: -0.027276935 | DN4: -0.027353548 | DO4: -0.028688658 | DP4: -0.026694594 | DQ4: -0.027623309 | DR4: -0.030617354 | DS4: -0.027213534 | DT4: -0.029642999 | DU4: -0.028188946 | DV4: -0.028006973 | DW4: -0.026157865 | DX4: -0.02757702 | DY4: -0.029765815 | DZ4: -0.025970664 | EA4: -0.026451942 | EB4: -0.026299383 | EC4: -0.028539317 | ED4: -0.024485998 | EE4: -0.035615813 | EF4: -0.031126395
B5: mom | C5: -0.00787785 | D5: -0.0069603133 | E5: -0.0057252687 | F5: -0.0050895559 | G5: -0.0014382382 | H5: -0.0066041825 | I5: -0.0066249715 | J5: -0.0064524394 | K5: -0.0069175987 | L5: -0.0074742702 | M5: -0.005629845 | N5: 0.0060219043 | O5: 0.021381866 | P5: 0.017692182 | Q5: 0.0037215552 | R5: -0.0045880196 | S5: -0.0016969817 | T5: 0.0052884379 | U5: 0.0036118147 | V5: -0.0012654128 | W5: 0.0008409851 | X5: -0.0035424787 | Y5: -0.011175241 | Z5: -0.0029420066 | AA5: -0.010722418 | AB5: -0.0082601923 | AC5: -0.0099220099 | AD5: -0.011892353 | AE5: -0.0091663711 | AF5: -0.0056806332 | AG5: -0.0062061665 | AH5: -0.005226206 | AI5: -0.0039311731 | AJ5: -0.0035964411 | AK5: -0.0064401715 | AL5: -0.0054132566 | AM5: -0.0068339068 | AN5: 0.00098962791 | AO5: -0.0060500302 | AP5: -0.0061577209 | AQ5: -0.0027677703 | AR5: -0.0035937501 | AS5: -0.0026367316 | AT5: 0.014240017 | AU5: -0.0097647589 | AV5: 0.0065189693 | AW5: -0.011062248 | AX5: -0.01112526 | AY5: -0.001030277 | AZ5: 0.010198279 | BA5: -0.00077751774 | BB5: -0.0075720837 | BC5: 0.0011958141 | BD5: 0.0050238678 | BE5: -0.0075332262 | BF5: 3.0361902e-05 | BG5: -0.0069360281 | BH5: -0.0045085121 | BI5: 0.00028536667 | BJ5: -0.00039799954 | BK5: -0.0078317616 | BL5: -0.010597699 | BM5: -0.0027624657 | BN5: -0.00073312561 | BO5: -0.0043664481 | BP5: -0.008591962 | BQ5: 0.0009928894 | BR5: 0.00058879185 | BS5: -0.0006941093 | BT5: 0.00024363701 | BU5: -0.0039074067 | BV5: -0.001693561 | BW5: -0.0038997743 | BX5: -0.0021898318 | BY5: -0.0026012687 | BZ5: -0.0028384246 | CA5: -0.017516408 | CB5: -0.019824142 | CC5: -0.011650472 | CD5: -0.0059604137 | CE5: 0.0056517012 | CF5: -0.0050237775 | CG5: -0.0010570162 | CH5: -0.0022754986 | CI5: -0.0060388646 | CJ5: 0.00554096 | CK5: -0.0068315296 | CL5: -0.0081237685 | CM5: 0.004453694 | CN5: -0.0014318369 | CO5: 0.0013730362 | CP5: -0.0032519652 | CQ5: -0.0043961918 | CR5: 0.0015817019 | CS5: -0.0056205457 | CT5: -0.00070233206 | CU5: -0.003266165 | CV5: -0.00094196462 | CW5: -0.0037076932 | CX5: -0.0024892963 | CY5: -0.0022807741 | CZ5: -7.6424738e-05 | DA5: -0.001427579 | DB5: -0.0033561245 | DC5: -0.0038332578 | DD5: -0.0045209182 | DE5: -0.0048048217 | DF5: -0.023330368 | DG5: 0.0019330453 | DH5: -0.004520589 | DI5: -0.013306873 | DJ5: 0.0024735611 | DK5: -0.0065070903 | DL5: -0.0042229779 | DM5: -0.0014186898 | DN5: -0.0030941919 | DO5: 0.0018731285 | DP5: -0.006149081 | DQ5: -0.0042960932 | DR5: -0.0070924433 | DS5: -0.0044584181 | DT5: -0.0011452055 | DU5: -0.0057458053 | DV5: -0.0031786892 | DW5: -0.0069737742 | DX5: -0.0066423621 | DY5: -0.0032285845 | DZ5: -0.0019684746 | EA5: -0.0025258062 | EB5: -0.0044833981 | EC5: -0.0046024872 | ED5: -0.0064428165 | EE5: -0.0059165452 | EF5: -0.0061991252
A6: 選絕對值最大 | C6: {=MATCH(MAX(ABS(C3:C5)),ABS(C3:C5),0)} -> 1 | D6: {=MATCH(MAX(ABS(D3:D5)),ABS(D3:D5),0)} -> 1 | E6: {=MATCH(MAX(ABS(E3:E5)),ABS(E3:E5),0)} -> 1 | F6: {=MATCH(MAX(ABS(F3:F5)),ABS(F3:F5),0)} -> 1 | G6: {=MATCH(MAX(ABS(G3:G5)),ABS(G3:G5),0)} -> 1 | H6: {=MATCH(MAX(ABS(H3:H5)),ABS(H3:H5),0)} -> 1 | I6: {=MATCH(MAX(ABS(I3:I5)),ABS(I3:I5),0)} -> 1 | J6: {=MATCH(MAX(ABS(J3:J5)),ABS(J3:J5),0)} -> 1 | ... EF6: {=MATCH(MAX(ABS(EF3:EF5)),ABS(EF3:EF5),0)} -> 1
C7: =IF(C6=1,"bm",IF(C6=2,"size",IF(C6=3,"mom"))) -> bm | D7: =IF(D6=1,"bm",IF(D6=2,"size",IF(D6=3,"mom"))) -> bm | E7: =IF(E6=1,"bm",IF(E6=2,"size",IF(E6=3,"mom"))) -> bm | F7: =IF(F6=1,"bm",IF(F6=2,"size",IF(F6=3,"mom"))) -> bm | G7: =IF(G6=1,"bm",IF(G6=2,"size",IF(G6=3,"mom"))) -> bm | H7: =IF(H6=1,"bm",IF(H6=2,"size",IF(H6=3,"mom"))) -> bm | I7: =IF(I6=1,"bm",IF(I6=2,"size",IF(I6=3,"mom"))) -> bm | J7: =IF(J6=1,"bm",IF(J6=2,"size",IF(J6=3,"mom"))) -> bm | ... EF7: =IF(EF6=1,"bm",IF(EF6=2,"size",IF(EF6=3,"mom"))) -> bm
C8: =IF(C6=1,C3,IF(C6=2,C4,IF(C6=3,C5))) -> 0.073912658 | D8: =IF(D6=1,D3,IF(D6=2,D4,IF(D6=3,D5))) -> 0.075614765 | E8: =IF(E6=1,E3,IF(E6=2,E4,IF(E6=3,E5))) -> 0.047493916 | F8: =IF(F6=1,F3,IF(F6=2,F4,IF(F6=3,F5))) -> 0.050458245 | G8: =IF(G6=1,G3,IF(G6=2,G4,IF(G6=3,G5))) -> 0.056787238 | H8: =IF(H6=1,H3,IF(H6=2,H4,IF(H6=3,H5))) -> 0.052736022 | I8: =IF(I6=1,I3,IF(I6=2,I4,IF(I6=3,I5))) -> 0.055432953 | J8: =IF(J6=1,J3,IF(J6=2,J4,IF(J6=3,J5))) -> 0.06568785 | ... EF8: =IF(EF6=1,EF3,IF(EF6=2,EF4,IF(EF6=3,EF5))) -> 0.050313424
A10: 投資組合 | C10: 公司數 | D10: 964
B11: 等分 | C11: 2014/01 | D11: 2014/02 | E11: 2014/03 | F11: 2014/04 | G11: 2014/05 | H11: 2014/06 | I11: 2014/07 | J11: 2014/08 | K11: 2014/09 | L11: 2014/10 | M11: 2014/11 | N11: 2014/12 | O11: 2015/01 | P11: 2015/02 | Q11: 2015/03 | R11: 2015/04 | S11: 2015/05 | T11: 2015/06 | U11: 2015/07 | V11: 2015/08 | W11: 2015/09 | X11: 2015/10 | Y11: 2015/11 | Z11: 2015/12 | AA11: 2016/01 | AB11: 2016/02 | AC11: 2016/03 | AD11: 2016/04 | AE11: 2016/05 | AF11: 2016/06 | AG11: 2016/07 | AH11: 2016/08 | AI11: 2016/09 | AJ11: 2016/10 | AK11: 2016/11 | AL11: 2016/12 | AM11: 2017/01 | AN11: 2017/02 | AO11: 2017/03 | AP11: 2017/04 | AQ11: 2017/05 | AR11: 2017/06 | AS11: 2017/07 | AT11: 2017/08 | AU11: 2017/09 | AV11: 2017/10 | AW11: 2017/11 | AX11: 2017/12 | AY11: 2018/01 | AZ11: 2018/02 | BA11: 2018/03 | BB11: 2018/04 | BC11: 2018/05 | BD11: 2018/06 | BE11: 2018/07 | BF11: 2018/08 | BG11: 2018/09 | BH11: 2018/10 | BI11: 2018/11 | BJ11: 2018/12 | BK11: 2019/01 | BL11: 2019/02 | BM11: 2019/03 | BN11: 2019/04 | BO11: 2019/05 | BP11: 2019/06 | BQ11: 2019/07 | BR11: 2019/08 | BS11: 2019/09 | BT11: 2019/10 | BU11: 2019/11 | BV11: 2019/12 | BW11: 2020/01 | BX11: 2020/02 | BY11: 2020/03 | BZ11: 2020/04 | CA11: 2020/05 | CB11: 2020/06 | CC11: 2020/07 | CD11: 2020/08 | CE11: 2020/09 | CF11: 2020/10 | CG11: 2020/11 | CH11: 2020/12 | CI11: 2021/01 | CJ11: 2021/02 | CK11: 2021/03 | CL11: 2021/04 | CM11: 2021/05 | CN11: 2021/06 | CO11: 2021/07 | CP11: 2021/08 | CQ11: 2021/09 | CR11: 2021/10 | CS11: 2021/11 | CT11: 2021/12 | CU11: 2022/01 | CV11: 2022/02 | CW11: 2022/03 | CX11: 2022/04 | CY11: 2022/05 | CZ11: 2022/06 | DA11: 2022/07 | DB11: 2022/08 | DC11: 2022/09 | DD11: 2022/10 | DE11: 2022/11 | DF11: 2022/12 | DG11: 2023/01 | DH11: 2023/02 | DI11: 2023/03 | DJ11: 2023/04 | DK11: 2023/05 | DL11: 2023/06 | DM11: 2023/07 | DN11: 2023/08 | DO11: 2023/09 | DP11: 2023/10 | DQ11: 2023/11 | DR11: 2023/12 | DS11: 2024/01 | DT11: 2024/02 | DU11: 2024/03 | DV11: 2024/04 | DW11: 2024/05 | DX11: 2024/06 | DY11: 2024/07 | DZ11: 2024/08 | EA11: 2024/09 | EB11: 2024/10 | EC11: 2024/11 | ED11: 2024/12 | EE11: 2025/01 | EF11: 45689
B12: 10等分 | C12: 0.047013509 | D12: =C12+預測IC!D12 -> 0.067835304 | E12: =D12+預測IC!E12 -> 0.061081276 | F12: =E12+預測IC!F12 -> 0.041212451 | G12: =F12+預測IC!G12 -> 0.049116798 | H12: =G12+預測IC!H12 -> 0.058476181 | I12: =H12+預測IC!I12 -> 0.094780118 | J12: =I12+預測IC!J12 -> 0.1385647 | K12: =J12+預測IC!K12 -> 0.12757629 | ... EF12: =EE12+預測IC!EF12 -> 1.4491807
B13: 20等分 | C13: 0.042506118 | D13: =C13+預測IC!D13 -> 0.072383728 | E13: =D13+預測IC!E13 -> 0.037887109 | F13: =E13+預測IC!F13 -> 0.0029649528 | G13: =F13+預測IC!G13 -> -0.011943027 | H13: =G13+預測IC!H13 -> 0.0039873576 | I13: =H13+預測IC!I13 -> 0.036670221 | J13: =I13+預測IC!J13 -> 0.071220113 | K13: =J13+預測IC!K13 -> 0.025889122 | ... EF13: =EE13+預測IC!EF13 -> 1.7318912
B14: 50等分 | C14: -0.037017512 | D14: =C14+預測IC!D14 -> 0.046329799 | E14: =D14+預測IC!E14 -> -0.0011961441 | F14: =E14+預測IC!F14 -> -0.049650287 | G14: =F14+預測IC!G14 -> -0.090670203 | H14: =G14+預測IC!H14 -> -0.082995879 | I14: =H14+預測IC!I14 -> -0.039208519 | J14: =I14+預測IC!J14 -> -0.015898547 | K14: =J14+預測IC!K14 -> -0.15007725 | ... EF14: =EE14+預測IC!EF14 -> 1.3940879
B15: 100等分 | C15: -0.096503142 | D15: =C15+預測IC!D15 -> -0.079550277 | E15: =D15+預測IC!E15 -> -0.089748703 | F15: =E15+預測IC!F15 -> -0.198311 | G15: =F15+預測IC!G15 -> -0.25894793 | H15: =G15+預測IC!H15 -> -0.2087901 | I15: =H15+預測IC!I15 -> -0.15035866 | J15: =I15+預測IC!J15 -> -0.10039719 | K15: =J15+預測IC!K15 -> -0.38699182 | ... EF15: =EE15+預測IC!EF15 -> 0.98258314
B16: 107等分 | C16: -0.027383645 | D16: =C16+預測IC!D16 -> -0.028103893 | E16: =D16+預測IC!E16 -> -0.03093407 | F16: =E16+預測IC!F16 -> -0.13031656 | G16: =F16+預測IC!G16 -> -0.20401283 | H16: =G16+預測IC!H16 -> -0.14301382 | I16: =H16+預測IC!I16 -> -0.085483205 | J16: =I16+預測IC!J16 -> -0.038773279 | K16: =J16+預測IC!K16 -> -0.32344383 | ... EF16: =EE16+預測IC!EF16 -> 1.1530665
B17: 120等分 | C17: -0.041028984 | D17: =C17+預測IC!D17 -> -0.058363359 | E17: =D17+預測IC!E17 -> -0.050984357 | F17: =E17+預測IC!F17 -> -0.16382187 | G17: =F17+預測IC!G17 -> -0.23504464 | H17: =G17+預測IC!H17 -> -0.15835682 | I17: =H17+預測IC!I17 -> -0.04463179 | J17: =I17+預測IC!J17 -> -0.002773395 | K17: =J17+預測IC!K17 -> -0.29959995 | ... EF17: =EE17+預測IC!EF17 -> 1.1260319
B18: 137等分 | C18: -0.053942228 | D18: =C18+預測IC!D18 -> -0.062129695 | E18: =D18+預測IC!E18 -> -0.12113035 | F18: =E18+預測IC!F18 -> -0.25554473 | G18: =F18+預測IC!G18 -> -0.33633897 | H18: =G18+預測IC!H18 -> -0.21442618 | I18: =H18+預測IC!I18 -> -0.078926004 | J18: =I18+預測IC!J18 -> -0.035514488 | K18: =J18+預測IC!K18 -> -0.39419659 | ... EF18: =EE18+預測IC!EF18 -> 1.1058403
B19: 160等分 | C19: -0.077959416 | D19: =C19+預測IC!D19 -> -0.098130216 | E19: =D19+預測IC!E19 -> -0.15302831 | F19: =E19+預測IC!F19 -> -0.19167499 | G19: =F19+預測IC!G19 -> -0.28918708 | H19: =G19+預測IC!H19 -> -0.14029296 | I19: =H19+預測IC!I19 -> -0.0056386268 | J19: =I19+預測IC!J19 -> 0.029790958 | K19: =J19+預測IC!K19 -> -0.38854689 | ... EF19: =EE19+預測IC!EF19 -> 0.49545187
B20: 192等分 | C20: -0.1393246 | D20: =C20+預測IC!D20 -> -0.13897289 | E20: =D20+預測IC!E20 -> -0.1234729 | F20: =E20+預測IC!F20 -> -0.21469132 | G20: =F20+預測IC!G20 -> -0.31505723 | H20: =G20+預測IC!H20 -> -0.15068523 | I20: =H20+預測IC!I20 -> 0.0074643291 | J20: =I20+預測IC!J20 -> 0.041935588 | K20: =J20+預測IC!K20 -> -0.048173066 | ... EF20: =EE20+預測IC!EF20 -> 0.79620826
B21: 241等分 | C21: -0.19764916 | D21: =C21+預測IC!D21 -> -0.19801687 | E21: =D21+預測IC!E21 -> -0.19829623 | F21: =E21+預測IC!F21 -> -0.24939371 | G21: =F21+預測IC!G21 -> -0.25668985 | H21: =G21+預測IC!H21 -> -0.058021787 | I21: =H21+預測IC!I21 -> 0.089233821 | J21: =I21+預測IC!J21 -> 0.14966915 | K21: =J21+預測IC!K21 -> 0.06069613 | ... EF21: =EE21+預測IC!EF21 -> 2.0923384
B22: 321等分 | C22: 0.064235718 | D22: =C22+預測IC!D22 -> 0.019554821 | E22: =D22+預測IC!E22 -> -0.021472711 | F22: =E22+預測IC!F22 -> -0.11890671 | G22: =F22+預測IC!G22 -> -0.15186153 | H22: =G22+預測IC!H22 -> 0.026887932 | I22: =H22+預測IC!I22 -> 0.1503811 | J22: =I22+預測IC!J22 -> 0.20297969 | K22: =J22+預測IC!K22 -> 0.04969292 | ... EF22: =EE22+預測IC!EF22 -> 1.6034569
B23: 482等分 | C23: -0.034987009 | D23: =C23+預測IC!D23 -> -0.064797677 | E23: =D23+預測IC!E23 -> -0.14573885 | F23: =E23+預測IC!F23 -> -0.28740376 | G23: =F23+預測IC!G23 -> -0.33962793 | H23: =G23+預測IC!H23 -> -0.13590962 | I23: =H23+預測IC!I23 -> 0.012242404 | J23: =I23+預測IC!J23 -> -0.085919887 | K23: =J23+預測IC!K23 -> -0.29040936 | ... EF23: =EE23+預測IC!EF23 -> 1.5269369
B24: 964等分 | C24: 0.16299314 | D24: =C24+預測IC!D24 -> 0.058944127 | E24: =D24+預測IC!E24 -> 0.13034446 | F24: =E24+預測IC!F24 -> -0.09681509 | G24: =F24+預測IC!G24 -> 0.12894493 | H24: =G24+預測IC!H24 -> 0.37563166 | I24: =H24+預測IC!I24 -> 0.37351973 | J24: =I24+預測IC!J24 -> 0.27354754 | K24: =J24+預測IC!K24 -> 0.25203226 | ... EF24: =EE24+預測IC!EF24 -> 3.5192798
B25: 大盤 | C25: -0.017446771 | D25: =C25+預測IC!D26 -> 0.00325429 | E25: =D25+預測IC!E26 -> 0.027236419 | F25: =E25+預測IC!F26 -> 0.02067884 | G25: =F25+預測IC!G26 -> 0.05252397 | H25: =G25+預測IC!H26 -> 0.086872503 | I25: =H25+預測IC!I26 -> 0.07861757 | J25: =I25+預測IC!J26 -> 0.091461094 | K25: =J25+預測IC!K26 -> 0.04044257 | ... EF25: =EE25+預測IC!EF26 -> 0.98470404

Sheet OLS樣本外R2
A1: OLS
B2: Time | C2: 2013/12 | D2: 2014/01 | E2: 2014/02 | F2: 2014/03 | G2: 2014/04 | H2: 2014/05 | I2: 2014/06 | J2: 2014/07 | K2: 2014/08 | L2: 2014/09 | M2: 2014/10 | N2: 2014/11 | O2: 2014/12 | P2: 2015/01 | Q2: 2015/02 | R2: 2015/03 | S2: 2015/04 | T2: 2015/05 | U2: 2015/06 | V2: 2015/07 | W2: 2015/08 | X2: 2015/09 | Y2: 2015/10 | Z2: 2015/11 | AA2: 2015/12 | AB2: 2016/01 | AC2: 2016/02 | AD2: 2016/03 | AE2: 2016/04 | AF2: 2016/05 | AG2: 2016/06 | AH2: 2016/07 | AI2: 2016/08 | AJ2: 2016/09 | AK2: 2016/10 | AL2: 2016/11 | AM2: 2016/12 | AN2: 2017/01 | AO2: 2017/02 | AP2: 2017/03 | AQ2: 2017/04 | AR2: 2017/05 | AS2: 2017/06 | AT2: 2017/07 | AU2: 2017/08 | AV2: 2017/09 | AW2: 2017/10 | AX2: 2017/11 | AY2: 2017/12 | AZ2: 2018/01 | BA2: 2018/02 | BB2: 2018/03 | BC2: 2018/04 | BD2: 2018/05 | BE2: 2018/06 | BF2: 2018/07 | BG2: 2018/08 | BH2: 2018/09 | BI2: 2018/10 | BJ2: 2018/11 | BK2: 2018/12 | BL2: 2019/01 | BM2: 2019/02 | BN2: 2019/03 | BO2: 2019/04 | BP2: 2019/05 | BQ2: 2019/06 | BR2: 2019/07 | BS2: 2019/08 | BT2: 2019/09 | BU2: 2019/10 | BV2: 2019/11 | BW2: 2019/12 | BX2: 2020/01 | BY2: 2020/02 | BZ2: 2020/03 | CA2: 2020/04 | CB2: 2020/05 | CC2: 2020/06 | CD2: 2020/07 | CE2: 2020/08 | CF2: 2020/09 | CG2: 2020/10 | CH2: 2020/11 | CI2: 2020/12 | CJ2: 2021/01 | CK2: 2021/02 | CL2: 2021/03 | CM2: 2021/04 | CN2: 2021/05 | CO2: 2021/06 | CP2: 2021/07 | CQ2: 2021/08 | CR2: 2021/09 | CS2: 2021/10 | CT2: 2021/11 | CU2: 2021/12 | CV2: 2022/01 | CW2: 2022/02 | CX2: 2022/03 | CY2: 2022/04 | CZ2: 2022/05 | DA2: 2022/06 | DB2: 2022/07 | DC2: 2022/08 | DD2: 2022/09 | DE2: 2022/10 | DF2: 2022/11 | DG2: 2022/12 | DH2: 2023/01 | DI2: 2023/02 | DJ2: 2023/03 | DK2: 2023/04 | DL2: 2023/05 | DM2: 2023/06 | DN2: 2023/07 | DO2: 2023/08 | DP2: 2023/09 | DQ2: 2023/10 | DR2: 2023/11 | DS2: 2023/12 | DT2: 2024/01 | DU2: 2024/02 | DV2: 2024/03 | DW2: 2024/04 | DX2: 2024/05 | DY2: 2024/06 | DZ2: 2024/07 | EA2: 2024/08 | EB2: 2024/09 | EC2: 2024/10 | ED2: 2024/11 | EE2: 2024/12 | EF2: 2025/01
B3: bm | C3: 0.079040622 | D3: 0.17983519 | E3: 0.015558543 | F3: -0.021374204 | G3: -0.0080895059 | H3: -0.015424143 | I3: -0.19700792 | J3: 0.2787938 | K3: -0.0058042553 | L3: -0.047625461 | M3: -0.005269277 | N3: -0.19079157 | O3: 0.31104454 | P3: 0.11374234 | Q3: -0.12249967 | R3: -0.11257721 | S3: 0.10476285 | T3: -0.14511443 | U3: -0.26268965 | V3: 0.0020093345 | W3: 0.12943264 | X3: -0.088590407 | Y3: 0.27865157 | Z3: 0.10342717 | AA3: 0.48570701 | AB3: -0.23509491 | AC3: 0.012145876 | AD3: 0.02457688 | AE3: -0.0061133663 | AF3: -0.056971516 | AG3: 0.12023824 | AH3: 0.044012261 | AI3: 0.16346824 | AJ3: 0.068233889 | AK3: 0.087340318 | AL3: 0.18601906 | AM3: 0.096461006 | AN3: 0.20788493 | AO3: 0.11987465 | AP3: -0.028675105 | AQ3: -0.21202804 | AR3: -0.03270451 | AS3: 0.14122642 | AT3: -0.034747273 | AU3: 0.045616594 | AV3: 0.022144327 | AW3: -0.172667 | AX3: 0.075979339 | AY3: 0.0091669896 | AZ3: 0.015811638 | BA3: 0.15962239 | BB3: -0.12355126 | BC3: 0.15614707 | BD3: 0.16786713 | BE3: -0.13070951 | BF3: 0.010041118 | BG3: 0.31562101 | BH3: 0.27021361 | BI3: 0.056087308 | BJ3: -0.0024281447 | BK3: 0.079795011 | BL3: -0.023464503 | BM3: 0.0941156 | BN3: 0.018770327 | BO3: -0.14839888 | BP3: 0.04107338 | BQ3: -0.083183004 | BR3: 0.21369643 | BS3: -0.068149447 | BT3: 0.14424088 | BU3: 0.11401523 | BV3: 0.0048011667 | BW3: 0.11476889 | BX3: -0.090964924 | BY3: 0.11808452 | BZ3: -0.14102004 | CA3: 0.074952846 | CB3: -0.17068809 | CC3: 0.085908463 | CD3: 0.030939149 | CE3: 0.21825655 | CF3: -0.14104666 | CG3: 0.10026484 | CH3: 0.045612179 | CI3: 0.090372407 | CJ3: -0.39056586 | CK3: -0.10945058 | CL3: -0.04349855 | CM3: 0.18461438 | CN3: -0.39777869 | CO3: -0.097839712 | CP3: -0.094264173 | CQ3: 0.17195082 | CR3: 0.061937752 | CS3: -0.046146613 | CT3: -0.01154138 | CU3: -0.0332988 | CV3: -0.021859147 | CW3: 0.039730772 | CX3: -0.054060803 | CY3: 0.026870803 | CZ3: 0.098156223 | DA3: 0.31191402 | DB3: -0.15572526 | DC3: -0.18776987 | DD3: -0.16882596 | DE3: 0.168744 | DF3: -0.091094676 | DG3: -0.076287294 | DH3: 0.0070221694 | DI3: -0.0021000383 | DJ3: -0.06828638 | DK3: 0.04581509 | DL3: -0.058209947 | DM3: -0.070753846 | DN3: 0.028209852 | DO3: -0.07012049 | DP3: 0.16096715 | DQ3: 0.15477541 | DR3: -0.10840118 | DS3: 0.11315866 | DT3: -0.091924479 | DU3: -0.066151009 | DV3: -0.073979125 | DW3: 0.066618382 | DX3: 0.069180839 | DY3: -0.10201438 | DZ3: 0.26467996 | EA3: -0.089146066 | EB3: 0.19478076 | EC3: -0.029992964 | ED3: 0.028755087 | EE3: -0.087170363 | EF3: -0.021077126
B4: size | C4: -0.20392497 | D4: -0.19642377 | E4: -0.25001562 | F4: 0.046225302 | G4: 0.032330243 | H4: -0.051603685 | I4: -0.00071932763 | J4: 0.047735585 | K4: -0.10000934 | L4: -0.015861567 | M4: -0.053940442 | N4: -0.030061286 | O4: -0.18636638 | P4: 0.030686804 | Q4: 0.096560631 | R4: -0.093806844 | S4: 0.023846415 | T4: 0.073443895 | U4: 0.0068552152 | V4: -0.02215484 | W4: -0.0070055172 | X4: -0.16929823 | Y4: -0.23320259 | Z4: -0.010288575 | AA4: -0.0025866335 | AB4: -0.16378438 | AC4: -0.064688801 | AD4: -0.053477425 | AE4: 0.043090739 | AF4: 0.080218324 | AG4: -0.10025211 | AH4: 0.11854041 | AI4: -0.086514098 | AJ4: -0.096720592 | AK4: 0.077148213 | AL4: 0.020174232 | AM4: -0.0067241325 | AN4: 0.01122579 | AO4: -0.044498439 | AP4: 0.079516908 | AQ4: -0.091550116 | AR4: 0.11424242 | AS4: 0.082448437 | AT4: 0.0097249828 | AU4: -0.034605903 | AV4: -0.21745338 | AW4: 0.052334484 | AX4: 0.01384542 | AY4: 0.10638254 | AZ4: 0.015732011 | BA4: -0.15377072 | BB4: -0.25244423 | BC4: -0.14982873 | BD4: -0.022554322 | BE4: -0.031285269 | BF4: 0.12408698 | BG4: -0.074642493 | BH4: -0.064841755 | BI4: 0.018201446 | BJ4: -0.15018847 | BK4: -0.059172596 | BL4: -0.047948186 | BM4: 0.020521779 | BN4: 0.040184826 | BO4: 0.044253141 | BP4: 0.082144882 | BQ4: 0.030349942 | BR4: -0.11786772 | BS4: -0.017435734 | BT4: -0.034138676 | BU4: -0.046293257 | BV4: 0.17074794 | BW4: -0.10027247 | BX4: -0.071039209 | BY4: -0.17569209 | BZ4: 0.08526329 | CA4: 0.01455569 | CB4: 0.192686 | CC4: -0.29881239 | CD4: -0.13493795 | CE4: -0.056657895 | CF4: -0.11375971 | CG4: 0.057622068 | CH4: -0.0040012545 | CI4: 0.077424648 | CJ4: 0.026114057 | CK4: -0.022400017 | CL4: -0.070095624 | CM4: 0.043436542 | CN4: 0.18690672 | CO4: 0.0044464532 | CP4: 0.024151386 | CQ4: -0.031460764 | CR4: -0.29662339 | CS4: -0.27970336 | CT4: 0.078684619 | CU4: -0.1121863 | CV4: 0.11296132 | CW4: -0.041031039 | CX4: 0.066400736 | CY4: -0.17738472 | CZ4: -0.14025649 | DA4: -0.22065216 | DB4: -0.047530422 | DC4: -0.13842112 | DD4: 0.1011363 | DE4: 0.045885479 | DF4: 0.049743559 | DG4: -0.1371303 | DH4: 0.15813723 | DI4: -0.058844921 | DJ4: -0.12565852 | DK4: -0.17054839 | DL4: 0.087111231 | DM4: 0.22121758 | DN4: 0.082980877 | DO4: -0.034106923 | DP4: -0.072756652 | DQ4: -0.16805567 | DR4: -0.12816573 | DS4: -0.077591674 | DT4: -0.20203505 | DU4: -0.055486709 | DV4: 0.0082663102 | DW4: -0.01409334 | DX4: -0.090217886 | DY4: 0.097821812 | DZ4: -0.12757009 | EA4: -0.19450895 | EB4: -0.31627293 | EC4: 0.045255165 | ED4: 0.056017207 | EE4: 0.11969174 | EF4: 0.24309353
B5: mom | C5: -0.20935361 | D5: -0.1072455 | E5: 0.52501531 | F5: 0.046823768 | G5: -0.21046494 | H5: 0.47449115 | I5: 0.14680892 | J5: -0.056142243 | K5: 0.27557732 | L5: -0.4298039 | M5: 0.3234959 | N5: -0.34825073 | O5: -0.097526765 | P5: 0.39540466 | Q5: 0.048478108 | R5: -0.098985601 | S5: 0.30579373 | T5: 0.072165931 | U5: -0.0004900923 | V5: -0.13929555 | W5: -0.39469258 | X5: -0.12931156 | Y5: -0.68125891 | Z5: -0.0041938156 | AA5: 0.018560125 | AB5: 0.20113095 | AC5: -0.089483379 | AD5: 0.14514109 | AE5: 0.074624119 | AF5: 0.17580444 | AG5: -0.30331266 | AH5: -0.34833971 | AI5: 0.25873608 | AJ5: -0.48879762 | AK5: 0.13252875 | AL5: -0.023800154 | AM5: 0.011736201 | AN5: -0.074812103 | AO5: 0.18447777 | AP5: 0.032454138 | AQ5: 0.15120275 | AR5: -0.095283189 | AS5: -0.12600326 | AT5: 0.1516753 | AU5: -0.20078891 | AV5: 0.078901861 | AW5: 0.0006690709 | AX5: 0.11235185 | AY5: -0.11800901 | AZ5: 0.20623475 | BA5: -0.03979378 | BB5: 0.083008356 | BC5: -0.13000301 | BD5: -0.10643129 | BE5: 0.11588494 | BF5: -0.28526717 | BG5: -0.15098424 | BH5: 0.0029341058 | BI5: 0.058262515 | BJ5: -0.25989265 | BK5: 0.1847404 | BL5: -0.26914541 | BM5: 0.17150836 | BN5: -0.1808885 | BO5: -0.063206745 | BP5: 0.071774957 | BQ5: -0.16861957 | BR5: -0.025458733 | BS5: 0.1245446 | BT5: 0.20782504 | BU5: -0.060037447 | BV5: -0.051905003 | BW5: -0.12680819 | BX5: -0.10525104 | BY5: 0.053601773 | BZ5: -0.034388144 | CA5: -0.020069736 | CB5: 0.084300431 | CC5: -0.11041084 | CD5: 0.32740031 | CE5: -0.015012169 | CF5: -0.14937021 | CG5: 0.16297301 | CH5: -0.068961031 | CI5: -0.11541146 | CJ5: -0.26303527 | CK5: 0.3792496 | CL5: -0.0767907 | CM5: 0.042652506 | CN5: -0.15168589 | CO5: 0.43724308 | CP5: -0.003992615 | CQ5: -0.49916489 | CR5: 0.33988683 | CS5: -0.18986442 | CT5: 0.22463212 | CU5: -0.2517089 | CV5: -0.060592356 | CW5: 0.21090101 | CX5: 0.25025019 | CY5: -0.52414964 | CZ5: 0.8214275 | DA5: -0.17651349 | DB5: 0.13125649 | DC5: 0.17576145 | DD5: -0.42086343 | DE5: -0.22795498 | DF5: -0.33688192 | DG5: -0.44413532 | DH5: -0.0427983 | DI5: 0.30948159 | DJ5: -0.28667224 | DK5: 0.84630494 | DL5: -0.16933299 | DM5: -0.43910995 | DN5: 0.74761869 | DO5: -0.40009342 | DP5: -0.04479949 | DQ5: -0.58861282 | DR5: -0.0064257075 | DS5: -0.19880267 | DT5: 0.41307307 | DU5: -0.17063643 | DV5: 0.68807703 | DW5: 0.040827356 | DX5: -0.19996734 | DY5: 0.5663133 | DZ5: 0.47368915 | EA5: 0.095631863 | EB5: -1.0762939 | EC5: -0.13598027 | ED5: -0.27349444 | EE5: 0.60141804 | EF5: 0.0067940871
A7: Real
B8: Time | C8: 2013/12 | D8: 2014/01 | E8: 2014/02 | F8: 2014/03 | G8: 2014/04 | H8: 2014/05 | I8: 2014/06 | J8: 2014/07 | K8: 2014/08 | L8: 2014/09 | M8: 2014/10 | N8: 2014/11 | O8: 2014/12 | P8: 2015/01 | Q8: 2015/02 | R8: 2015/03 | S8: 2015/04 | T8: 2015/05 | U8: 2015/06 | V8: 2015/07 | W8: 2015/08 | X8: 2015/09 | Y8: 2015/10 | Z8: 2015/11 | AA8: 2015/12 | AB8: 2016/01 | AC8: 2016/02 | AD8: 2016/03 | AE8: 2016/04 | AF8: 2016/05 | AG8: 2016/06 | AH8: 2016/07 | AI8: 2016/08 | AJ8: 2016/09 | AK8: 2016/10 | AL8: 2016/11 | AM8: 2016/12 | AN8: 2017/01 | AO8: 2017/02 | AP8: 2017/03 | AQ8: 2017/04 | AR8: 2017/05 | AS8: 2017/06 | AT8: 2017/07 | AU8: 2017/08 | AV8: 2017/09 | AW8: 2017/10 | AX8: 2017/11 | AY8: 2017/12 | AZ8: 2018/01 | BA8: 2018/02 | BB8: 2018/03 | BC8: 2018/04 | BD8: 2018/05 | BE8: 2018/06 | BF8: 2018/07 | BG8: 2018/08 | BH8: 2018/09 | BI8: 2018/10 | BJ8: 2018/11 | BK8: 2018/12 | BL8: 2019/01 | BM8: 2019/02 | BN8: 2019/03 | BO8: 2019/04 | BP8: 2019/05 | BQ8: 2019/06 | BR8: 2019/07 | BS8: 2019/08 | BT8: 2019/09 | BU8: 2019/10 | BV8: 2019/11 | BW8: 2019/12 | BX8: 2020/01 | BY8: 2020/02 | BZ8: 2020/03 | CA8: 2020/04 | CB8: 2020/05 | CC8: 2020/06 | CD8: 2020/07 | CE8: 2020/08 | CF8: 2020/09 | CG8: 2020/10 | CH8: 2020/11 | CI8: 2020/12 | CJ8: 2021/01 | CK8: 2021/02 | CL8: 2021/03 | CM8: 2021/04 | CN8: 2021/05 | CO8: 2021/06 | CP8: 2021/07 | CQ8: 2021/08 | CR8: 2021/09 | CS8: 2021/10 | CT8: 2021/11 | CU8: 2021/12 | CV8: 2022/01 | CW8: 2022/02 | CX8: 2022/03 | CY8: 2022/04 | CZ8: 2022/05 | DA8: 2022/06 | DB8: 2022/07 | DC8: 2022/08 | DD8: 2022/09 | DE8: 2022/10 | DF8: 2022/11 | DG8: 2022/12 | DH8: 2023/01 | DI8: 2023/02 | DJ8: 2023/03 | DK8: 2023/04 | DL8: 2023/05 | DM8: 2023/06 | DN8: 2023/07 | DO8: 2023/08 | DP8: 2023/09 | DQ8: 2023/10 | DR8: 2023/11 | DS8: 2023/12 | DT8: 2024/01 | DU8: 2024/02 | DV8: 2024/03 | DW8: 2024/04 | DX8: 2024/05 | DY8: 2024/06 | DZ8: 2024/07 | EA8: 2024/08 | EB8: 2024/09 | EC8: 2024/10 | ED8: 2024/11 | EE8: 2024/12 | EF8: 2025/01
B9: bm | C9: 0.10910583 | D9: 0.014576583 | E9: -0.036154357 | F9: -0.004742601 | G9: -0.0057477531 | H9: 0.049378023 | I9: 0.18325177 | J9: 0.11648631 | K9: -0.030594946 | L9: 0.019828051 | M9: -0.020999006 | N9: 0.14977942 | O9: 0.015463406 | P9: -0.091792321 | Q9: -0.077409013 | R9: 0.054776596 | S9: -0.12533439 | T9: -0.11905342 | U9: -0.037770051 | V9: 0.081183823 | W9: 0.084008968 | X9: 0.14701136 | Y9: -0.12536054 | Z9: 0.19195355 | AA9: -0.084370782 | AB9: 0.072897614 | AC9: 0.10260456 | AD9: 0.015770167 | AE9: -0.15200716 | AF9: 0.059250252 | AG9: 0.13005884 | AH9: 0.1152564 | AI9: 0.032606622 | AJ9: 0.027999115 | AK9: 0.14657042 | AL9: 0.040841921 | AM9: 0.13137637 | AN9: 0.22143296 | AO9: -0.020941039 | AP9: -0.13715995 | AQ9: -0.024882855 | AR9: 0.015513971 | AS9: 0.034373037 | AT9: 0.063095686 | AU9: 0.043237695 | AV9: -0.074230367 | AW9: 0.027994827 | AX9: 0.11986442 | AY9: 0.076559571 | AZ9: -0.021730386 | BA9: -0.0012464633 | BB9: 0.10099582 | BC9: 0.02982693 | BD9: 0.0086757684 | BE9: 0.068557206 | BF9: 0.1569126 | BG9: 0.15920373 | BH9: 0.061121668 | BI9: 0.096912851 | BJ9: -0.054746248 | BK9: -0.087492963 | BL9: 0.094426746 | BM9: -0.022191059 | BN9: 0.015628612 | BO9: 0.08141824 | BP9: -0.018508942 | BQ9: 0.068729568 | BR9: 0.0031023605 | BS9: 0.074964418 | BT9: 0.045201588 | BU9: 0.025677329 | BV9: 0.091804031 | BW9: -0.026353999 | BX9: 0.019394832 | BY9: -0.076838899 | BZ9: 0.11330931 | CA9: -0.10735493 | CB9: 0.040844789 | CC9: -0.019801709 | CD9: 0.18837709 | CE9: 0.055574906 | CF9: 0.074872074 | CG9: 0.10000019 | CH9: 0.13602172 | CI9: -0.093741015 | CJ9: 0.0039305991 | CK9: 0.056507777 | CL9: 0.26354578 | CM9: -0.0095554349 | CN9: -0.0315119 | CO9: -0.022619032 | CP9: 0.13265561 | CQ9: 0.13307278 | CR9: -0.014956408 | CS9: -0.033419938 | CT9: 0.012281209 | CU9: 0.11681498 | CV9: -0.0031589454 | CW9: 0.038217758 | CX9: 0.13917409 | CY9: -0.023712288 | CZ9: 0.21835291 | DA9: -0.057967362 | DB9: -0.014104219 | DC9: 0.11395608 | DD9: 0.074472262 | DE9: -0.00089969275 | DF9: 0.0009770718 | DG9: -0.072980095 | DH9: -0.023845287 | DI9: -0.10153067 | DJ9: 0.027692536 | DK9: -0.049335153 | DL9: -0.0056993576 | DM9: -0.03698176 | DN9: 0.10981299 | DO9: 0.042036825 | DP9: 0.084566668 | DQ9: -0.11027981 | DR9: 0.094328709 | DS9: -0.071906913 | DT9: -0.09623643 | DU9: 0.0023455494 | DV9: 0.13401742 | DW9: 0.094732519 | DX9: -0.1037732 | DY9: 0.075762154 | DZ9: -0.03182972 | EA9: 0.16130802 | EB9: 0.010203533 | EC9: 0.073988425 | ED9: -0.15737687 | EE9: 0.079137553 | EF9: 0.072528547
B10: size | C10: -0.24758871 | D10: -0.2746933 | E10: -0.084648385 | F10: 0.022644631 | G10: -0.049680001 | H10: -0.10075963 | I10: -0.012522721 | J10: 0.07873655 | K10: -0.0341851 | L10: 0.088406798 | M10: -0.0030634546 | N10: -0.21221799 | O10: -0.036805389 | P10: 0.071033119 | Q10: -0.071261133 | R10: 0.021560447 | S10: 0.10111126 | T10: 0.04322474 | U10: 0.01488195 | V10: 0.0063260243 | W10: -0.14355298 | X10: -0.064282172 | Y10: -0.019034203 | Z10: -0.020644556 | AA10: 0.03305954 | AB10: -0.019418227 | AC10: -0.063126839 | AD10: -0.065629712 | AE10: 0.13799569 | AF10: -0.10056792 | AG10: -0.037969091 | AH10: -0.045839538 | AI10: -0.051034096 | AJ10: -0.0032204409 | AK10: 0.00048952959 | AL10: -0.10644675 | AM10: -0.013723974 | AN10: -0.12196471 | AO10: -0.048589666 | AP10: -0.0019031504 | AQ10: 0.029067485 | AR10: 0.052635777 | AS10: -0.012893259 | AT10: -0.0021311348 | AU10: -0.15538438 | AV10: 0.012681784 | AW10: -0.011942322 | AX10: -0.0042537915 | AY10: 0.029300872 | AZ10: -0.1341275 | BA10: -0.13711153 | BB10: 0.0017546605 | BC10: 0.025117126 | BD10: -0.11960191 | BE10: 0.13576165 | BF10: 0.047091162 | BG10: -0.026050044 | BH10: 0.043752774 | BI10: -0.081391828 | BJ10: -0.10060082 | BK10: 0.090490079 | BL10: -0.030898459 | BM10: 0.058814187 | BN10: 0.081345639 | BO10: -0.0077164169 | BP10: 0.10673487 | BQ10: -0.027156341 | BR10: -0.054431019 | BS10: -0.068229278 | BT10: 0.098612223 | BU10: 0.12839854 | BV10: -0.078402519 | BW10: -0.11913372 | BX10: -0.046890096 | BY10: 0.10169834 | BZ10: -0.025680084 | CA10: -0.08330179 | CB10: -0.15782765 | CC10: -0.071052572 | CD10: -0.073875492 | CE10: -0.23678647 | CF10: 0.032627706 | CG10: 0.013423085 | CH10: -0.0027966659 | CI10: 0.0479257 | CJ10: -0.0032520193 | CK10: -0.07570819 | CL10: -0.044397256 | CM10: 0.17898858 | CN10: 0.057994266 | CO10: -0.13939019 | CP10: 0.064714671 | CQ10: -0.18118789 | CR10: -0.088633532 | CS10: -0.025321775 | CT10: -0.11307907 | CU10: 0.0080959573 | CV10: -0.045200208 | CW10: -0.058941225 | CX10: -0.1077283 | CY10: -0.096503499 | CZ10: -0.21035435 | DA10: -0.10996114 | DB10: -0.19082047 | DC10: -0.020727272 | DD10: 0.087029095 | DE10: 0.082024593 | DF10: -0.16687666 | DG10: 0.22243809 | DH10: -0.14429775 | DI10: -0.11961995 | DJ10: -0.10159274 | DK10: 0.092855059 | DL10: -0.04263049 | DM10: 0.082732073 | DN10: -0.031049452 | DO10: -0.09814199 | DP10: -0.13058888 | DQ10: 0.048655718 | DR10: -0.03925191 | DS10: -0.1610302 | DT10: -0.078883966 | DU10: 0.16407716 | DV10: 0.0075052515 | DW10: -0.10164525 | DX10: -0.056040292 | DY10: -0.10665664 | DZ10: -0.069186576 | EA10: -0.12618866 | EB10: -0.064737118 | EC10: 0.051426073 | ED10: 0.034496728 | EE10: 0.1576776 | EF10: -0.12718002
B11: mom | C11: -0.054244781 | D11: 0.045377022 | E11: -0.017752273 | F11: -0.087687354 | G11: 0.10275926 | H11: 0.0025113717 | I11: -0.018303552 | J11: 0.022110525 | K11: 0.077258046 | L11: 0.0093440784 | M11: 0.053602181 | N11: -0.067877357 | O11: 0.064929886 | P11: 0.0048806818 | Q11: 0.019197818 | R11: -0.0054653492 | S11: 0.036551467 | T11: 0.12918507 | U11: 0.013692408 | V11: 0.015295252 | W11: -0.10468572 | X11: -0.29384805 | Y11: 0.059212485 | Z11: -0.18494831 | AA11: 0.098247439 | AB11: -0.00065734107 | AC11: -0.10368612 | AD11: 0.0035450938 | AE11: 0.17560149 | AF11: -0.1550331 | AG11: -0.026328625 | AH11: -0.0049988102 | AI11: 0.028067715 | AJ11: -0.022384194 | AK11: -0.047020825 | AL11: -0.10156151 | AM11: 0.023525149 | AN11: 0.05252523 | AO11: 0.058502894 | AP11: 0.033447356 | AQ11: 0.014300365 | AR11: 0.035903595 | AS11: 0.039782285 | AT11: 0.1484562 | AU11: -0.040787295 | AV11: 0.13895895 | AW11: 0.059863283 | AX11: -0.14978981 | AY11: 0.061595851 | AZ11: -0.061949751 | BA11: -0.0023892644 | BB11: -0.1488703 | BC11: 0.060350518 | BD11: -0.014685753 | BE11: -0.1465153 | BF11: -0.20876265 | BG11: -0.20144326 | BH11: -0.11804992 | BI11: -0.077026576 | BJ11: -0.036220317 | BK11: -0.018907269 | BL11: -0.17125564 | BM11: 0.1329175 | BN11: -0.035907702 | BO11: 0.021344518 | BP11: 0.049634823 | BQ11: -0.017211216 | BR11: 0.18982724 | BS11: -0.097605037 | BT11: 0.037831444 | BU11: 0.056008305 | BV11: -0.11673704 | BW11: -0.14132299 | BX11: -0.0033770259 | BY11: 0.13033606 | BZ11: 0.031697731 | CA11: 0.040555037 | CB11: -0.042037331 | CC11: 0.050013723 | CD11: -0.068456279 | CE11: -0.08083209 | CF11: -0.0019483108 | CG11: -0.118209 | CH11: -0.036719886 | CI11: -0.083332793 | CJ11: 0.23067287 | CK11: 0.13277852 | CL11: 0.14128732 | CM11: -0.11268939 | CN11: 0.22348856 | CO11: -0.10441917 | CP11: -0.014428224 | CQ11: -0.20723337 | CR11: -0.13486387 | CS11: 0.073007739 | CT11: -0.030218378 | CU11: -0.28688917 | CV11: 0.23073054 | CW11: 0.091075699 | CX11: -0.12248573 | CY11: 0.078381925 | CZ11: -0.045950104 | DA11: 0.082670165 | DB11: 0.14934927 | DC11: -0.047798705 | DD11: -0.16451346 | DE11: -0.11056835 | DF11: 0.057416867 | DG11: -0.21489022 | DH11: 0.062997155 | DI11: 0.067721109 | DJ11: 0.11880208 | DK11: 0.0072827306 | DL11: 0.071320599 | DM11: 0.021021901 | DN11: -0.030403224 | DO11: -0.096949657 | DP11: -0.23067649 | DQ11: 0.23818431 | DR11: 0.0035748752 | DS11: 0.13395562 | DT11: 0.1151061 | DU11: 0.10407979 | DV11: -0.054611063 | DW11: -0.033290194 | DX11: 0.055094917 | DY11: 0.068793773 | DZ11: 0.014480773 | EA11: -0.29313654 | EB11: -0.14097502 | EC11: -0.012209362 | ED11: 0.058167688 | EE11: -0.14440301 | EF11: -0.097009034
A13: (預測-真實)^2 | B13: bm | C13: =(C3-C9)^2 -> 0.00090391679 | D13: =(D3-D9)^2 -> 0.027310406 | E13: =(E3-E9)^2 -> 0.002674224 | F13: =(F3-F9)^2 -> 0.00027661021 | G13: =(G3-G9)^2 -> 5.4838059e-06 | H13: =(H3-H9)^2 -> 0.0041993207 | I13: =(I3-I9)^2 -> 0.14459743 | J13: =(J3-J9)^2 -> 0.026343721 | ... EF13: =(EF3-EF9)^2 -> 0.008762022
B14: size | C14: =(C4-C10)^2 -> 0.001906522 | D14: =(D4-D10)^2 -> 0.0061261204 | E14: =(E4-E10)^2 -> 0.027346323 | F14: =(F4-F10)^2 -> 0.00055604803 | G14: =(G4-G10)^2 -> 0.0067256801 | H14: =(H4-H10)^2 -> 0.0024163073 | I14: =(I4-I10)^2 -> 0.0001393201 | J14: =(J4-J10)^2 -> 0.00096105989 | ... EF14: =(EF4-EF10)^2 -> 0.1371025
B15: mom | C15: =(C5-C11)^2 -> 0.024058749 | D15: =(D5-D11)^2 -> 0.023293635 | E15: =(E5-E11)^2 -> 0.29459665 | F15: =(F5-F11)^2 -> 0.018093242 | G15: =(G5-G11)^2 -> 0.098109397 | H15: =(H5-H11)^2 -> 0.22276491 | I15: =(I5-I11)^2 -> 0.02726213 | J15: =(J5-J11)^2 -> 0.0061234957 | ... EF15: =(EF5-EF11)^2 -> 0.010775088
A17: 真實^2 | B17: bm | C17: =C9^2 -> 0.011904082 | D17: =D9^2 -> 0.00021247676 | E17: =E9^2 -> 0.0013071375 | F17: =F9^2 -> 2.2492264e-05 | G17: =G9^2 -> 3.3036666e-05 | H17: =H9^2 -> 0.0024381892 | I17: =I9^2 -> 0.033581211 | J17: =J9^2 -> 0.01356906 | ... EF17: =EF9^2 -> 0.0052603901
B18: size | C18: =C10^2 -> 0.061300169 | D18: =D10^2 -> 0.075456411 | E18: =E10^2 -> 0.0071653491 | F18: =F10^2 -> 0.00051277932 | G18: =G10^2 -> 0.0024681025 | H18: =H10^2 -> 0.010152504 | I18: =I10^2 -> 0.00015681855 | J18: =J10^2 -> 0.0061994444 | ... EF18: =EF10^2 -> 0.016174757
B19: mom | C19: =C11^2 -> 0.0029424963 | D19: =D11^2 -> 0.0020590742 | E19: =E11^2 -> 0.00031514318 | F19: =F11^2 -> 0.0076890721 | G19: =G11^2 -> 0.010559465 | H19: =H11^2 -> 6.306988e-06 | I19: =I11^2 -> 0.00033502003 | J19: =J11^2 -> 0.00048887532 | ... EF19: =EF11^2 -> 0.0094107527
A21: R^2 | B21: =1-SUM(C13:EF15)/SUM(C17:EF19) -> -3.7892494

Sheet NN5樣本外R2
A1: NN5
B2: Time | C2: 2013/12 | D2: 2014/01 | E2: 2014/02 | F2: 2014/03 | G2: 2014/04 | H2: 2014/05 | I2: 2014/06 | J2: 2014/07 | K2: 2014/08 | L2: 2014/09 | M2: 2014/10 | N2: 2014/11 | O2: 2014/12 | P2: 2015/01 | Q2: 2015/02 | R2: 2015/03 | S2: 2015/04 | T2: 2015/05 | U2: 2015/06 | V2: 2015/07 | W2: 2015/08 | X2: 2015/09 | Y2: 2015/10 | Z2: 2015/11 | AA2: 2015/12 | AB2: 2016/01 | AC2: 2016/02 | AD2: 2016/03 | AE2: 2016/04 | AF2: 2016/05 | AG2: 2016/06 | AH2: 2016/07 | AI2: 2016/08 | AJ2: 2016/09 | AK2: 2016/10 | AL2: 2016/11 | AM2: 2016/12 | AN2: 2017/01 | AO2: 2017/02 | AP2: 2017/03 | AQ2: 2017/04 | AR2: 2017/05 | AS2: 2017/06 | AT2: 2017/07 | AU2: 2017/08 | AV2: 2017/09 | AW2: 2017/10 | AX2: 2017/11 | AY2: 2017/12 | AZ2: 2018/01 | BA2: 2018/02 | BB2: 2018/03 | BC2: 2018/04 | BD2: 2018/05 | BE2: 2018/06 | BF2: 2018/07 | BG2: 2018/08 | BH2: 2018/09 | BI2: 2018/10 | BJ2: 2018/11 | BK2: 2018/12 | BL2: 2019/01 | BM2: 2019/02 | BN2: 2019/03 | BO2: 2019/04 | BP2: 2019/05 | BQ2: 2019/06 | BR2: 2019/07 | BS2: 2019/08 | BT2: 2019/09 | BU2: 2019/10 | BV2: 2019/11 | BW2: 2019/12 | BX2: 2020/01 | BY2: 2020/02 | BZ2: 2020/03 | CA2: 2020/04 | CB2: 2020/05 | CC2: 2020/06 | CD2: 2020/07 | CE2: 2020/08 | CF2: 2020/09 | CG2: 2020/10 | CH2: 2020/11 | CI2: 2020/12 | CJ2: 2021/01 | CK2: 2021/02 | CL2: 2021/03 | CM2: 2021/04 | CN2: 2021/05 | CO2: 2021/06 | CP2: 2021/07 | CQ2: 2021/08 | CR2: 2021/09 | CS2: 2021/10 | CT2: 2021/11 | CU2: 2021/12 | CV2: 2022/01 | CW2: 2022/02 | CX2: 2022/03 | CY2: 2022/04 | CZ2: 2022/05 | DA2: 2022/06 | DB2: 2022/07 | DC2: 2022/08 | DD2: 2022/09 | DE2: 2022/10 | DF2: 2022/11 | DG2: 2022/12 | DH2: 2023/01 | DI2: 2023/02 | DJ2: 2023/03 | DK2: 2023/04 | DL2: 2023/05 | DM2: 2023/06 | DN2: 2023/07 | DO2: 2023/08 | DP2: 2023/09 | DQ2: 2023/10 | DR2: 2023/11 | DS2: 2023/12 | DT2: 2024/01 | DU2: 2024/02 | DV2: 2024/03 | DW2: 2024/04 | DX2: 2024/05 | DY2: 2024/06 | DZ2: 2024/07 | EA2: 2024/08 | EB2: 2024/09 | EC2: 2024/10 | ED2: 2024/11 | EE2: 2024/12 | EF2: 2025/01
B3: bm | C3: 0.073912658 | D3: 0.075614765 | E3: 0.047493916 | F3: 0.050458245 | G3: 0.056787238 | H3: 0.052736022 | I3: 0.055432953 | J3: 0.06568785 | K3: 0.065738305 | L3: 0.065104179 | M3: 0.062918879 | N3: 0.050446849 | O3: 0.051143341 | P3: 0.054307941 | Q3: 0.053979594 | R3: 0.059017297 | S3: 0.058883928 | T3: 0.058087721 | U3: 0.058204345 | V3: 0.056997735 | W3: 0.05799941 | X3: 0.056064881 | Y3: 0.053807165 | Z3: 0.055985436 | AA3: 0.058552556 | AB3: 0.05709514 | AC3: 0.055604041 | AD3: 0.057368185 | AE3: 0.057112969 | AF3: 0.056432754 | AG3: 0.054296117 | AH3: 0.021947064 | AI3: 0.026477551 | AJ3: 0.032625593 | AK3: 0.034277223 | AL3: 0.039366212 | AM3: 0.046164852 | AN3: 0.050585136 | AO3: 0.052576661 | AP3: 0.046018597 | AQ3: 0.051431343 | AR3: 0.053190842 | AS3: 0.054051004 | AT3: 0.042643663 | AU3: 0.042383187 | AV3: 0.04437216 | AW3: 0.050514378 | AX3: 0.048605483 | AY3: 0.056297924 | AZ3: 0.040032942 | BA3: 0.036459345 | BB3: 0.037515309 | BC3: 0.043620858 | BD3: 0.049859002 | BE3: 0.05312597 | BF3: 0.052070312 | BG3: 0.052394859 | BH3: 0.05214715 | BI3: 0.053297453 | BJ3: 0.051574986 | BK3: 0.052271623 | BL3: 0.052872114 | BM3: 0.052642539 | BN3: 0.057873163 | BO3: 0.054300133 | BP3: 0.039404105 | BQ3: 0.052939504 | BR3: 0.034261242 | BS3: 0.054798268 | BT3: 0.047248825 | BU3: 0.05574432 | BV3: 0.052378722 | BW3: 0.040140357 | BX3: 0.047834542 | BY3: 0.049711667 | BZ3: 0.053135619 | CA3: 0.050331637 | CB3: 0.045716073 | CC3: 0.052729145 | CD3: 0.049658243 | CE3: 0.046769083 | CF3: 0.051047079 | CG3: 0.046370827 | CH3: 0.049930401 | CI3: 0.048304062 | CJ3: 0.04974198 | CK3: 0.050947834 | CL3: 0.051223513 | CM3: 0.049852591 | CN3: 0.049947917 | CO3: 0.048367862 | CP3: 0.048762951 | CQ3: 0.049044318 | CR3: 0.049002893 | CS3: 0.047328062 | CT3: 0.030859729 | CU3: 0.041540883 | CV3: 0.05055277 | CW3: 0.043886945 | CX3: 0.051949106 | CY3: 0.051065382 | CZ3: 0.042493746 | DA3: 0.04438743 | DB3: 0.050981995 | DC3: 0.051738326 | DD3: 0.049757939 | DE3: 0.052686661 | DF3: 0.045524646 | DG3: 0.043648571 | DH3: 0.046830844 | DI3: 0.048355341 | DJ3: 0.051528536 | DK3: 0.04632692 | DL3: 0.047242101 | DM3: 0.048489671 | DN3: 0.046750303 | DO3: 0.048154097 | DP3: 0.047626976 | DQ3: 0.048635252 | DR3: 0.048790116 | DS3: 0.047917254 | DT3: 0.046769027 | DU3: 0.047454037 | DV3: 0.04662203 | DW3: 0.047323465 | DX3: 0.047543596 | DY3: 0.047800638 | DZ3: 0.035176035 | EA3: 0.048215114 | EB3: 0.042192698 | EC3: 0.034884773 | ED3: 0.040104128 | EE3: 0.047643702 | EF3: 0.050313424
B4: size | C4: -0.026131522 | D4: -0.031095196 | E4: -0.019964382 | F4: -0.033693533 | G4: -0.043368421 | H4: -0.024385126 | I4: -0.027016774 | J4: -0.036226306 | K4: -0.033819553 | L4: -0.039761636 | M4: -0.038767133 | N4: -0.02785336 | O4: -0.027895253 | P4: -0.038603418 | Q4: -0.027599497 | R4: -0.03439156 | S4: -0.029038168 | T4: -0.028335925 | U4: -0.029418213 | V4: -0.027863869 | W4: -0.02784925 | X4: -0.0284466 | Y4: -0.032019768 | Z4: -0.030283766 | AA4: -0.0302471 | AB4: -0.028815374 | AC4: -0.027407316 | AD4: -0.028988741 | AE4: -0.028777553 | AF4: -0.028814863 | AG4: -0.028311996 | AH4: -0.019194214 | AI4: -0.034112293 | AJ4: -0.03353392 | AK4: -0.02831074 | AL4: -0.027743479 | AM4: -0.029019373 | AN4: -0.02503009 | AO4: -0.03397302 | AP4: -0.03330566 | AQ4: -0.021525146 | AR4: -0.026042076 | AS4: -0.029200077 | AT4: -0.026011361 | AU4: -0.030799195 | AV4: -0.032425597 | AW4: -0.027081784 | AX4: -0.026335653 | AY4: -0.03282845 | AZ4: -0.02748521 | BA4: -0.030885451 | BB4: -0.033565979 | BC4: -0.031490907 | BD4: -0.031633358 | BE4: -0.032687977 | BF4: -0.031126844 | BG4: -0.03192798 | BH4: -0.030451825 | BI4: -0.031060981 | BJ4: -0.030572509 | BK4: -0.032275725 | BL4: -0.031460464 | BM4: -0.031589396 | BN4: -0.012294749 | BO4: -0.023144336 | BP4: -0.035055574 | BQ4: -0.032289132 | BR4: -0.011129873 | BS4: -0.033276096 | BT4: -0.02587313 | BU4: -0.036538124 | BV4: -0.033601437 | BW4: -0.023735113 | BX4: -0.032411348 | BY4: -0.031690605 | BZ4: -0.035885952 | CA4: -0.032359179 | CB4: -0.024407595 | CC4: -0.029143283 | CD4: -0.0260846 | CE4: -0.031495962 | CF4: -0.030850921 | CG4: -0.030580375 | CH4: -0.031189695 | CI4: -0.030889489 | CJ4: -0.033136211 | CK4: -0.03218805 | CL4: -0.031450741 | CM4: -0.030453967 | CN4: -0.031576816 | CO4: -0.030488677 | CP4: -0.030082384 | CQ4: -0.031483032 | CR4: -0.029976385 | CS4: -0.030695863 | CT4: -0.022893913 | CU4: -0.026544522 | CV4: -0.02839729 | CW4: -0.032492533 | CX4: -0.028017795 | CY4: -0.027172543 | CZ4: -0.025749896 | DA4: -0.028659649 | DB4: -0.034036122 | DC4: -0.032790743 | DD4: -0.031840444 | DE4: -0.029838223 | DF4: -0.030047838 | DG4: -0.027653288 | DH4: -0.029767487 | DI4: -0.029807547 | DJ4: -0.030265775 | DK4: -0.029801888 | DL4: -0.03036857 | DM4: -0.027276935 | DN4: -0.027353548 | DO4: -0.028688658 | DP4: -0.026694594 | DQ4: -0.027623309 | DR4: -0.030617354 | DS4: -0.027213534 | DT4: -0.029642999 | DU4: -0.028188946 | DV4: -0.028006973 | DW4: -0.026157865 | DX4: -0.02757702 | DY4: -0.029765815 | DZ4: -0.025970664 | EA4: -0.026451942 | EB4: -0.026299383 | EC4: -0.028539317 | ED4: -0.024485998 | EE4: -0.035615813 | EF4: -0.031126395
